git clone https://github.com/sdias/win-10-virtual-desktop-enhancer,mit,1775
git clone https://github.com/Pulover/PuloversMacroCreator,other,1724
git clone https://github.com/TaranVH/2nd-keyboard,none,1677
git clone https://github.com/phonowell/genshin-impact-script,mit,1472
git clone https://github.com/pmb6tz/windows-desktop-switcher,mit,1257
git clone https://github.com/hui-Zz/RunAny,none,960
git clone https://github.com/flyinclouds/KBLAutoSwitch,none,787
git clone https://github.com/rcmdnk/vim_ahk,mit,760
git clone https://github.com/TheMCHK/HWIDGEN,none,721
git clone https://github.com/Lailloken/Lailloken-UI,mit,663
git clone https://github.com/davidz-yt/desk-controller,none,649
git clone https://github.com/AutoHotkey/Ahk2Exe,wtfpl,636
git clone https://github.com/mmikeww/AHK-v2-script-converter,unlicense,628
git clone https://github.com/karakaram/alt-ime-ahk,none,610
git clone https://github.com/Drugoy/Autohotkey-scripts-.ahk,none,519
git clone https://github.com/XUJINKAI/OneQuick.AHK-legacy,none,495
git clone https://github.com/stroebjo/autohotkey-windows-mac-keyboard,none,489
git clone https://github.com/telppa/KMCounter,none,478
git clone https://github.com/goreliu/vimdesktop,mit,431
git clone https://github.com/chaohershi/cclose,mit,416
git clone https://github.com/Ixiko/AHK-libs-and-classes-collection,none,405
git clone https://github.com/telppa/SciTE4AutoHotkey-Plus,none,402
git clone https://github.com/FuPeiJiang/VD.ahk,mit,397
git clone https://github.com/AutoHotkey/AutoHotkeyDocs,none,391
git clone https://github.com/aviaryan/Clipjump,none,385
git clone https://github.com/JusKillmeQik/PoE-Leveling-Guide,mit,376
git clone https://github.com/maestrith/AHK-Studio,none,368
git clone https://github.com/marius-sucan/KeyPress-OSD,none,364
git clone https://github.com/DreymaR/BigBagKbdTrixPKL,other,355
git clone https://github.com/goreliu/runz,mit,354
git clone https://github.com/G33kDude/Chrome.ahk,mit,350
git clone https://github.com/fincs/SciTE4AutoHotkey,none,345
git clone https://github.com/jgpaiva/GridMove,none,339
git clone https://github.com/DannyBen/FlicFlac,mit,319
git clone https://github.com/adampash/texter,none,309
git clone https://github.com/thqby/ahk2_lib,mit,291
git clone https://github.com/camerb/AHKs,none,290
git clone https://github.com/vvyoko/SmartZip,mit,289
git clone https://github.com/plul/Public-AutoHotKey-Scripts,mit,270
git clone https://github.com/Apsu/Canary,mit,267
git clone https://github.com/WeijieH/D3keyHelper,mit,264
git clone https://github.com/cocobelgica/AutoHotkey-JSON,none,263
git clone https://github.com/Ixiko/AHK-Rare,none,251
git clone https://github.com/CemraJC/clickfix,other,249
git clone https://github.com/octalmage/mDesktop,other,243
git clone https://github.com/vvyoko/EditRename,mit,240
git clone https://github.com/psychicEgg/EDHM,none,234
git clone https://github.com/hoppfrosch/WindowPadX,none,228
git clone https://github.com/hwayne/autohotkey-scripts,unlicense,219
git clone https://github.com/SeriousOldMan/Simulator-Controller,other,212
git clone https://github.com/XgHao/WeChat-Contact,none,210
git clone https://github.com/G33kDude/Neutron.ahk,mit,210
git clone https://github.com/gepruts/QuickSwitch,none,207
git clone https://github.com/MasterFocus/AutoHotkey,none,205
git clone https://github.com/jiwenxing/qimage-win,mit,202
git clone https://github.com/Uberi/Autocomplete,none,199
git clone https://github.com/evilC/UCR,mit,198
git clone https://github.com/mark-wiemer/ahkpp,other,197
git clone https://github.com/anonymous1184/bitwarden-autotype,wtfpl,191
git clone https://github.com/SaifAqqad/AHK_MicMute,unlicense,190
git clone https://github.com/CemuUser8/mouse2joystick_custom_CEMU,none,188
git clone https://github.com/usi3/emacs.ahk,none,183
git clone https://github.com/psoukie/zipchord,bsd-3-clause,182
git clone https://github.com/Shadowspaz/NIAutoclicker,none,178
git clone https://github.com/Qiasfah/Null-Movement-Script,none,176
git clone https://github.com/Descolada/UIAutomation,mit,173
git clone https://github.com/adampash/belvedere,none,168
git clone https://github.com/denolfe/AutoHotkey,none,168
git clone https://github.com/aRTy42/POE-ItemInfo,none,167
git clone https://github.com/jpginc/windows10DesktopManager,apache-2.0,165
git clone https://github.com/iseahound/Vis2,none,162
git clone https://github.com/rshipp/ahk-libs,none,156
git clone https://github.com/telppa/PaddleOCR-AutoHotkey,none,151
git clone https://github.com/evilC/TapHoldManager,mit,148
git clone https://github.com/iseahound/ImagePut,mit,145
git clone https://github.com/tariqporter/Gdip,none,144
git clone https://github.com/JuanmaMenendez/AutoHotkey-script-Open-Show-Apps,mit,144
git clone https://github.com/Kramar1337/GenshinImpact-AHK-flex,none,138
git clone https://github.com/Paris/AutoHotkey-Scripts,none,136
git clone https://github.com/m2nlight/AHKShortcutLikeMac,mit,135
git clone https://github.com/schylervalon/yixun-source,none,135
git clone https://github.com/scifx/Real-GUI,none,131
git clone https://github.com/mmikeww/AHKv2-Gdip,none,127
git clone https://github.com/Stefan-Z-Camilleri-zz/Windows-Cursor-Hider,mit,127
git clone https://github.com/keithn/vsvimguide,none,125
git clone https://github.com/GorvGoyl/Autohotkey-Scripts-Windows,none,125
git clone https://github.com/aviaryan/autohotkey-scripts,none,124
git clone https://github.com/mikebaldi/Idle-Champions,mit,124
git clone https://github.com/majorworld/Pet,none,124
git clone https://github.com/lydell/dual,mit,123
git clone https://github.com/kristoffer-tvera/mute-current-application,none,122
git clone https://github.com/jackrosenthal/threelayout,mit,122
git clone https://github.com/mgsweet/PUBG-Macro-Assist,mit,118
git clone https://github.com/idvorkin/Vim-Keybindings-For-Onenote,none,117
git clone https://github.com/kookob/smpic,mit,117
git clone https://github.com/Aurelain/Exo,none,116
git clone https://github.com/G33kDude/CodeQuickTester,mit,113
git clone https://github.com/htadashi/GPT3-AHK,mit,112
git clone https://github.com/millionart/WinPopclip,none,108
git clone https://github.com/jNizM/ahk-scripts-v2,mit,107
git clone https://github.com/AHK-just-me/Class_SQLiteDB,unlicense,106
git clone https://github.com/lspcieee/lspcieee_ahk,none,106
git clone https://github.com/Descolada/AHK-v2-libraries,mit,105
git clone https://github.com/jNizM/AHK_Scripts,none,101
git clone https://github.com/PatrickShieh/CapsLockPlus,none,100
git clone https://github.com/hansenwangvip/right-button-ninja,none,100
git clone https://github.com/wyagd001/MyScript,none,99
git clone https://github.com/tmplinshi/KeypressOSD,none,97
git clone https://github.com/4strid/mouse-control.autohotkey,mit,96
git clone https://github.com/gwarble/EitherMouse,none,96
git clone https://github.com/cocobelgica/AutoHotkey-Util,none,95
git clone https://github.com/sspaeti/dotfiles,none,95
git clone https://github.com/clarkgrubb/latex-input,mit,93
git clone https://github.com/7plus/7plus,none,93
git clone https://github.com/matrix1001/capslock-plus-plus,none,93
git clone https://github.com/hi5/CL3,mit,92
git clone https://github.com/yalibian/i3-windows,none,92
git clone https://github.com/jNizM/AHK_DllCall_WinAPI,unlicense,91
git clone https://github.com/Klamist/FGO-AHK,none,90
git clone https://github.com/mirtlecn/GridMove,other,90
git clone https://github.com/victorwoo/vimdesktop,mit,89
git clone https://github.com/majkinetor/mm-autohotkey,none,89
git clone https://github.com/VolantisDev/Launchpad,mit,89
git clone https://github.com/maz-1/waifu2x-gui,unlicense,88
git clone https://github.com/okkosh/FN-key-lock,none,88
git clone https://github.com/Lexikos/ActiveScript.ahk,none,87
git clone https://github.com/joedf/Qonsole,mit,87
git clone https://github.com/fiveseven808/AmazonDashButtonHack,none,87
git clone https://github.com/iyzyi/Genshin-Auto-Skip-Cutscenes,none,87
git clone https://github.com/deadlydog/AHKCommandPicker,mit,86
git clone https://github.com/evilC/AHK-Universal-Joystick-Remapper,none,86
git clone https://github.com/G33kDude/cJson.ahk,0bsd,86
git clone https://github.com/tdalon/ahk,mit,85
git clone https://github.com/Lexikos/AutoHotkey-jk,none,84
git clone https://github.com/Aldrin-John-Olaer-Manalansan/DOTA-2-MOD-Master,none,82
git clone https://github.com/Krot66/LangBarXX,none,82
git clone https://github.com/CemraJC/em-n-en,none,81
git clone https://github.com/sayoui001/ApexAHK-Reduce-recoil,none,81
git clone https://github.com/mihaifm/screenkey.ahk,none,80
git clone https://github.com/Spr-Aachen/Genshin-to-Honkai-PC-Control-Modification-Project,mit,80
git clone https://github.com/jleb/AHKsock,none,79
git clone https://github.com/Spawnova/ShinsImageScanClass,mit,79
git clone https://github.com/joedf/Webapp.ahk,mit,78
git clone https://github.com/lydell/spacefn-win,mit,77
git clone https://github.com/Masonjar13/AHK-Library,mit,77
git clone https://github.com/emisjerry/autosub-ahk,none,76
git clone https://github.com/berban/FindClick,mit,75
git clone https://github.com/G33kDude/WebSocket.ahk,cc0-1.0,75
git clone https://github.com/esge/PoE-HarvestVendor,none,74
git clone https://github.com/authorTp/Handoff4Windows,none,73
git clone https://github.com/jNizM/DllExport,mit,71
git clone https://github.com/dannywarren/AutoHotkey-Midi,bsd-2-clause,70
git clone https://github.com/DannyBen/Gridy,mit,70
git clone https://github.com/Valokoodari/btd6-ahk,mit,70
git clone https://github.com/health901/AHK,none,69
git clone https://github.com/Spawnova/ShinsOverlayClass,mit,69
git clone https://github.com/ganlvtech/genshin-impact-ahk,none,69
git clone https://github.com/ahkscript/libcrypt.ahk,mit,68
git clone https://github.com/evilC/ADHD-AHK-Dynamic-Hotkeys-for-Dummies,none,68
git clone https://github.com/telppa/BeautifulToolTip,none,68
git clone https://github.com/HackerHansen/1v1.lol-aimbot,mit,68
git clone https://github.com/kshenoy/CapsUnlocked,none,67
git clone https://github.com/stevep99/keyboard-tweaks,none,67
git clone https://github.com/cln-io/SteamBulkKeyActivator,apache-2.0,67
git clone https://github.com/morgengc/AhkScriptManager,none,67
git clone https://github.com/zk-phi/ewow,none,66
git clone https://github.com/G33kDude/Socket.ahk,none,65
git clone https://github.com/old9/ppttimer,mit,64
git clone https://github.com/jNizM/HashCalc,mit,64
git clone https://github.com/PProvost/AutoHotKey,none,63
git clone https://github.com/hi5/F4MiniMenu,mit,63
git clone https://github.com/Kalamity/classMemory,none,63
git clone https://github.com/evilC/HotVoice,mit,63
git clone https://github.com/aru-py/programmer-colemak,none,63
git clone https://github.com/dufferzafar/Autohotkey-Scripts,unlicense,62
git clone https://github.com/JoelStanford/PoEAutoFlask,none,62
git clone https://github.com/sxzxs/super-command,none,62
git clone https://github.com/2called-chaos/gtav-online-ahk,mit,62
git clone https://github.com/linxinhong/ViATc,none,61
git clone https://github.com/joedf/LibCon.ahk,other,61
git clone https://github.com/Lexikos/DebugVars.ahk,none,61
git clone https://github.com/Uberi/AHK-Scripts,none,61
git clone https://github.com/ahkscript/ASPDM,none,60
git clone https://github.com/marius-sucan/Quick-Picto-Viewer,none,60
git clone https://github.com/hi5/CSV,none,59
git clone https://github.com/db93n2/in-line-calculator,unlicense,59
git clone https://github.com/biga-ahk/biga.ahk,mit,59
git clone https://github.com/sxzxs/explore_select_items,none,58
git clone https://github.com/blap/SandboxToys2,none,58
git clone https://github.com/nidark/Poe-Companion,other,57
git clone https://github.com/scavin/winautohide,none,57
git clone https://github.com/AHK-just-me/WatchFolder,unlicense,57
git clone https://github.com/rwese/DockWin,none,56
git clone https://github.com/neon-dev/RDPHotkeyHelper,mit,56
git clone https://github.com/preco21/destiny-macros,mit,56
git clone https://github.com/iseahound/TextRender,mit,56
git clone https://github.com/Ladbaby/PowerPlanSwitcher,mit,55
git clone https://github.com/miozus/CapslockMagic,apache-2.0,54
git clone https://github.com/maestrith/GUI_Creator,none,52
git clone https://github.com/rossning92/HotkeyR,mit,52
git clone https://github.com/alexmick/emoji-to-ahk,none,52
git clone https://github.com/denolfe/AutoHotkeyBoilerplate,none,52
git clone https://github.com/Descolada/Acc-v2,mit,52
git clone https://github.com/jNizM/AHK_CNG,mit,51
git clone https://github.com/OhYee/SpaceFn,other,51
git clone https://github.com/mslonik/Hotstrings,mit,51
git clone https://github.com/IsNull/ahkDBA,other,50
git clone https://github.com/JuliaEditorSupport/julia-NotepadPlusPlus,mit,50
git clone https://github.com/Specnr/MultiResetWall,none,50
git clone https://github.com/jNizM/Class_Monitor,unlicense,49
git clone https://github.com/wz520/thkmc,mit,49
git clone https://github.com/Chunjee/graphicsearch.ahk,mit,49
git clone https://github.com/math0ne/windows-tiling-window-manager,none,48
git clone https://github.com/AHK-just-me/Class_ImageButton,unlicense,48
git clone https://github.com/mviens/hotscript,other,47
git clone https://github.com/nathanpeck/autohotkey-windows-10-apple-magic-keyboard,none,47
git clone https://github.com/usuyama/emacs-like-key-bindings-windows,none,47
git clone https://github.com/scheingraber/vimdows-ng,mit,46
git clone https://github.com/JnLlnd/FoldersPopup,none,46
git clone https://github.com/mmikeww/DragToScroll,none,46
git clone https://github.com/Bahnzo/POE-ItemInfo,none,46
git clone https://github.com/nodgear/Awesome,none,46
git clone https://github.com/TheArkive/JXON_ahk2,mit,46
git clone https://github.com/benhansen-io/BigCtrl,mit,45
git clone https://github.com/menixator/hotstring,other,45
git clone https://github.com/Run1e/WindowSwitcher,none,45
git clone https://github.com/ahkcn/ahkcn.github.io,none,45
git clone https://github.com/Tebayaki/AutoHotkeyScripts,mit,45
git clone https://github.com/aaaboypop/N4A-V2,none,45
git clone https://github.com/warg0x4e/HotBin,unlicense,44
git clone https://github.com/serzh82saratov/AhkSpy,none,43
git clone https://github.com/tvjg/iswitchw,mit,43
git clone https://github.com/bennybroseph/AutoHotKey_Scripts,none,43
git clone https://github.com/Mikhail22/drag-scroll--autohotkey,none,43
git clone https://github.com/fffb/7zDT,none,43
git clone https://github.com/rockbenben/rime-WeaselServer,none,43
git clone https://github.com/PatrickSpemann/PoEFlaskScript,none,42
git clone https://github.com/Ciantic/DisableFlashingTaskbarButtons,mit,42
git clone https://github.com/Lexikos/dbgp,none,41
git clone https://github.com/evilC/AHK-CvJoyInterface,none,41
git clone https://github.com/benallred/SnapX,mit,41
git clone https://github.com/TheArkive/ahk-pi,mit,41
git clone https://github.com/fenwar/ahk-caps-ctrl-esc,none,41
git clone https://github.com/SaifAqqad/VMR.ahk,none,41
git clone https://github.com/ziwzih/StreamDeck,none,41
git clone https://github.com/Id405/sitelen-pona-ucsur-guide,cc0-1.0,41
git clone https://github.com/Axlefublr/lib-v2,mit,41
git clone https://github.com/lifei/autohotkey-mac-keyboard,apache-2.0,40
git clone https://github.com/Inversil/LESwin,none,40
git clone https://github.com/Kramar1337/Tower-of-Fantasy-AHK-flex,none,40
git clone https://github.com/justcla/WindowHotKeys,none,40
git clone https://github.com/lokanchung/StudioPlusOne,none,40
git clone https://github.com/FreemanZY/AutoHotKey,none,39
git clone https://github.com/hi5/pAHKlight,mit,39
git clone https://github.com/catweazle9/emacs-everywhere,none,39
git clone https://github.com/fuckpubg/AHK,apache-2.0,39
git clone https://github.com/likaci/cToalCMD,none,39
git clone https://github.com/ufo22940268/heropicker,none,39
git clone https://github.com/T-vK/WhoLockedMe,none,39
git clone https://github.com/nick-gravgaard/qwerty-flip,mit,39
git clone https://github.com/SpaceGT/Anti-AFK,mit,39
git clone https://github.com/seonglae/intuiter,none,39
git clone https://github.com/imawizard/MiguruWM,bsd-2-clause,39
git clone https://github.com/berwynhoyt/wordstar-keys,mit,39
git clone https://github.com/maul-esel/COM-Classes,none,38
git clone https://github.com/MysteryPancake/Fun,mit,38
git clone https://github.com/KroniK907/WindowSaver,other,38
git clone https://github.com/Pulover/Class_Toolbar,unlicense,38
git clone https://github.com/thyaguster/NoRecoilApex,none,38
git clone https://github.com/boan-anbo/Zotero-Citation-Picker-for-Windows,mit,38
git clone https://github.com/metaseed/metaKeyboard,none,37
git clone https://github.com/Lexikos/AutoHotkey-Release,none,37
git clone https://github.com/wyagd001/RuYi-Ahk,none,37
git clone https://github.com/PetrosPastor/Apex-AimAssist-NoRecoil-2022,none,37
git clone https://github.com/wardbell/Breeze-Angular-Meetup-20130312,none,36
git clone https://github.com/gepruts/JumpToFolder,none,36
git clone https://github.com/hui-Zz/RunAnyCtrl,none,36
git clone https://github.com/xcloudx01/Automatic-Folder-Monitor-and-Sorter,none,36
git clone https://github.com/clarkm/dupepad,none,35
git clone https://github.com/GavinPen/AhkCoordGrid,none,35
git clone https://github.com/nnrxin/WoWLocalFilesManagement,none,35
git clone https://github.com/jinweijie/vim-style-cursor-move,none,35
git clone https://github.com/supermemo/SuperMemoScripts,none,35
git clone https://github.com/ByPrinciple/GT7-Scripts,none,35
git clone https://github.com/jNizM/NVIDIA_NvAPI,mit,34
git clone https://github.com/gomingge/Evernote-editor,none,34
git clone https://github.com/Unfundednut/AutoHotkeyNotify,none,34
git clone https://github.com/hylarucoder/ChortHotKey,none,34
git clone https://github.com/linxinhong/menuz,none,34
git clone https://github.com/RetroRodent/joyfocus,unlicense,34
git clone https://github.com/g-l-i-t-c-h-o-r-s-e/mUhGuI,none,34
git clone https://github.com/mihaifm/vim.ahk,none,33
git clone https://github.com/G33kDude/Console,none,33
git clone https://github.com/heyfey/POE_Utility,mit,33
git clone https://github.com/pachara1337/apexnorecoil,none,33
git clone https://github.com/poeapp/docs,none,32
git clone https://github.com/JnLlnd/CSVBuddy,none,32
git clone https://github.com/JakubNer/autokey-autohotkey-vim-nav,none,32
git clone https://github.com/dmtr99/wInspector,none,32
git clone https://github.com/aur3l14no/ahk-scripts,none,32
git clone https://github.com/5eagull/Resources,none,32
git clone https://github.com/codepoke-kk/qwertigraphy,mit,32
git clone https://github.com/348bestbox/the-Screen-Dimmer,mit,32
git clone https://github.com/telppa/Translation-Terminator,none,32
git clone https://github.com/HotKeyIt/_Struct,none,31
git clone https://github.com/Pulover/Eval,unlicense,31
git clone https://github.com/opravdin/yandex-browser-password-export,mit,31
git clone https://github.com/cmonBruuh/poescript,none,31
git clone https://github.com/snaphat/virtual_desktop_enhancer,unlicense,31
git clone https://github.com/scottrippey/ScottoHotKey,none,30
git clone https://github.com/JnLlnd/ObjCSV,none,30
git clone https://github.com/wintercoder/BatchSaveWechatPicture,mit,30
git clone https://github.com/JSSatchell/HyperSearch,none,30
git clone https://github.com/laurence-myers/midi-to-macro,other,30
git clone https://github.com/sntaoo/win-style-keyboard-to-mac,apache-2.0,30
git clone https://github.com/sxzxs/cherry-snippet,none,30
git clone https://github.com/XMCQCX/DeviceIDPnP,mit,30
git clone https://github.com/AHK-just-me/Class_LV_Colors,unlicense,29
git clone https://github.com/andreberg/PoE-Item-Info,none,29
git clone https://github.com/oneh/autohotkey_emacs_keymap,mit,29
git clone https://github.com/ezhang7423/secret-sauce,unlicense,29
git clone https://github.com/selfiens/KorTooltip,none,29
git clone https://github.com/phazei/Win11AutoHotKeyFixes,mit,29
git clone https://github.com/arcticnoah/aseprite-brush-size-hotkey,mit,29
git clone https://github.com/MrBertie/compose-keys,none,28
git clone https://github.com/evilC/AHK-CGDipSnapShot,none,28
git clone https://github.com/lucky521/UniformShortcut,none,28
git clone https://github.com/ho0ber/nk2-audio,none,28
git clone https://github.com/swiftb/clicker-heroes-sw1ft-bot,mit,28
git clone https://github.com/evilC/AppFactory,none,28
git clone https://github.com/billyc999/Game-database-info,none,28
git clone https://github.com/badplayerr/beta-autopot,none,28
git clone https://github.com/func-github/AHK-Windows-Enhancement,none,28
git clone https://github.com/septomor/FF9-Jump-Rope-Script,none,28
git clone https://github.com/Pulover/CbAutoComplete,unlicense,28
git clone https://github.com/Nigh/ahko,mit,28
git clone https://github.com/evanclue/ddr-picker,unlicense,28
git clone https://github.com/SoSeDiK/YAGS,mit,28
git clone https://github.com/jNizM/stay-awake,mit,28
git clone https://github.com/radosi/virtualdesktop,mit,28
git clone https://github.com/gustafsonk/SFMT,none,27
git clone https://github.com/fashberg/XTouchMini-Davinci-Resolve-Midi-Adapter,none,27
git clone https://github.com/vengefulcrop/AE-Recoil-Pattern-Generation,none,27
git clone https://github.com/andyfeili/osrsBottedtoMax_SimbaScripts,none,27
git clone https://github.com/AutoHotkey/AutoHotkeyUX,none,27
git clone https://github.com/stajp/Teams_mute_AHK,mit,27
git clone https://github.com/nekocodeX/alt-ime-ahk-mod,none,27
git clone https://github.com/sahilsehwag/ahk-vimified-explorer,mit,26
git clone https://github.com/AHK-just-me/AHK_Gui_Constants,unlicense,26
git clone https://github.com/wxd-0107/AutoHotKey,none,26
git clone https://github.com/A-AhkUser/eAutocomplete,unlicense,26
git clone https://github.com/TheArkive/WinClip_ahk2,mit,26
git clone https://github.com/enterhalf/Genshin-AutoF,none,26
git clone https://github.com/HotKeyIt/Yaml,none,25
git clone https://github.com/ahkscript/AHK-EXE-Swapper,none,25
git clone https://github.com/hoppfrosch/AHK_Windy,other,25
git clone https://github.com/Masonjar13/ScriptUp,mit,25
git clone https://github.com/jNizM/AutoHotkey_MSDN_Types,mit,25
git clone https://github.com/Run1e/Columbus,none,25
git clone https://github.com/sancarn/ACC.AHK,none,25
git clone https://github.com/k-ayaki/benizara,other,25
git clone https://github.com/evilC/AHK-ViGEm-Bus,mit,25
git clone https://github.com/salvatoreromeo/osd-hotkey,none,25
git clone https://github.com/edemirkan/tftc-joystick-resources,none,25
git clone https://github.com/sushibagel/PoE-Mechanic-Watch,none,25
git clone https://github.com/13642212901/poe-auto-currency,none,25
git clone https://github.com/lokeshgovindu/AltTabAlternative,none,24
git clone https://github.com/MacMailler/QuickMacro,mit,24
git clone https://github.com/AHK-just-me/Class_RichEdit,unlicense,24
git clone https://github.com/linxinhong/VimDesktop,none,24
git clone https://github.com/dprokscha/cputty,mit,24
git clone https://github.com/joedf/stahky,mit,24
git clone https://github.com/Fall6/PoE-Region-Searcher,mit,24
git clone https://github.com/pixaline/bardmacroplayer,none,24
git clone https://github.com/PolarGoose/AutoHotKey-Natural-Ergonomic-Keyboard-4000-support,mit,24
git clone https://github.com/NEvana0003/HWIDGEN-SRC,unlicense,24
git clone https://github.com/bpampuch/apple-keyboard-mapping-for-win10,none,24
git clone https://github.com/Lucevar/mw-immersion-mods,none,24
git clone https://github.com/pintoso/Agent-Picker,mit,24
git clone https://github.com/sj0000e/AutoHotKey,unlicense,24
git clone https://github.com/fincs/GenDocs,none,23
git clone https://github.com/slohmaier/US-Keyboard-Layout-with-German-Umlauts,none,23
git clone https://github.com/dufferzafar/pranks-and-all,unlicense,23
git clone https://github.com/mass8326/work-timer,none,23
git clone https://github.com/linxinhong/QuickZ,none,23
git clone https://github.com/mlzzen/d3-ahk,mit,23
git clone https://github.com/Lexikos/winrt.ahk,unlicense,23
git clone https://github.com/t5mat/night,mit,23
git clone https://github.com/winstvn/poe-autoflask,none,23
git clone https://github.com/JPLiu/TestFiles,none,23
git clone https://github.com/G33kDude/MCL.ahk,mit,23
git clone https://github.com/ChrisS85/CGUI,none,22
git clone https://github.com/jongbinjung/ahk-vim-navigation,none,22
git clone https://github.com/wanglong001/ClipMd,none,22
git clone https://github.com/ehpc/quake-windows-bash,mit,22
git clone https://github.com/AHK-just-me/Class_ScrollGUI,unlicense,22
git clone https://github.com/wdhwg001/SAIAutoSaveTool,mit,22
git clone https://github.com/romjacket/skeletonKey,none,22
git clone https://github.com/hyaray/ahk_v2_lib,mit,22
git clone https://github.com/sebinside/AutoHotkeyScripts,mit,22
git clone https://github.com/wandersick/vcrypt2go,apache-2.0,22
git clone https://github.com/lordkrandel/ahk_library,other,21
git clone https://github.com/HelgeffegleH/taskbarInterface,none,21
git clone https://github.com/FxOxAxD/PUBG-ahk-helper,none,21
git clone https://github.com/ahkscript/AutoHotkey-Editors,none,21
git clone https://github.com/G33kDude/MyRC,mit,21
git clone https://github.com/iseahound/Environment.ahk,mit,21
git clone https://github.com/hui-Zz/BingBgZz,none,21
git clone https://github.com/Elgin1/Java-Access-Bridge-for-AHK,other,21
git clone https://github.com/G33kDude/Discord.ahk,mit,21
git clone https://github.com/berban/Clip,none,21
git clone https://github.com/UnrealStars/WindowsHotkeyExtend,none,21
git clone https://github.com/SlowsieNT/Genshin-Impact,unlicense,21
git clone https://github.com/westoncampbell/BulldozerAHK,none,21
git clone https://github.com/jNizM/AHK_TaskBar_SetAttr,none,20
git clone https://github.com/m3talstorm/ArkPincodeCracker,mit,20
git clone https://github.com/omigo/colemak,none,20
git clone https://github.com/jNizM/SysMeter,none,20
git clone https://github.com/cocobelgica/AutoHotkey-EntryForm,none,20
git clone https://github.com/joedf/MCode4GCC,mit,20
git clone https://github.com/Vibex/qt,none,20
git clone https://github.com/rateforx/NoitaQuickSave,mit,20
git clone https://github.com/sergiorosendo/tibia_nodie,none,20
git clone https://github.com/Himanshu-Singh-Chauhan/Pie-Menus,apache-2.0,20
git clone https://github.com/joyrider3774/PinballFXLauncher,mit,20
git clone https://github.com/gyfen/GTA-Lucky-Wheel,none,20
git clone https://github.com/8LWXpg/RegExHotstring,mit,20
git clone https://github.com/ajobbins/AHK-Teams-Presence,none,20
git clone https://github.com/Nekolike/Mappy,mit,20
git clone https://github.com/tiuub/DateHotkey,mit,20
git clone https://github.com/chaohershi/simplemouseclicker,mit,20
git clone https://github.com/mingbowan/puttyCluster,none,19
git clone https://github.com/AucT/AucT-Hotkeys-Tool,none,19
git clone https://github.com/nekoyoubi/yep_util,mit,19
git clone https://github.com/AHK-just-me/LBEX,none,19
git clone https://github.com/AHK-just-me/Class_CtlColors,unlicense,19
git clone https://github.com/denolfe/show-pressed-keys,none,19
git clone https://github.com/Nigh/ahk-autoupdate-template,mit,19
git clone https://github.com/darvid/stashvision,mit,19
git clone https://github.com/millionart/Vermintide-2-Controller-Tweaker,none,19
git clone https://github.com/dmtr99/V2GuiCreator,none,19
git clone https://github.com/floowsnaake/DiaFlow,none,19
git clone https://github.com/rjmccallumbigl/capslock.ahk,none,19
git clone https://github.com/Unponderable/NGU-Rebirth-Script,none,19
git clone https://github.com/adrian88888888/AHK-Virtual-Desktop-Library,mit,19
git clone https://github.com/sukhe/Sukhe-60-percent-keyboard-emulator,none,19
git clone https://github.com/mgsweet/Rainbow6-AHK-Assist,mit,19
git clone https://github.com/TheArkive/GuiCtlExt_ahk2,mit,19
git clone https://github.com/dumbeau/TimeLineClick,none,19
git clone https://github.com/leifengsang/leileiTechnology,none,19
git clone https://github.com/c0axial/MASSGRAVE,none,19
git clone https://github.com/studgeek/AltTabAHK,none,18
git clone https://github.com/fincs/AFC,none,18
git clone https://github.com/eai04191/Actor,mit,18
git clone https://github.com/attilagyongyosi/spotify-autohotkey,unlicense,18
git clone https://github.com/evilC/AHK-Random-Musings,none,18
git clone https://github.com/tariqporter/Gdip2,none,18
git clone https://github.com/MaksymPylypenko/Dota-2-script,none,18
git clone https://github.com/evilC/RollMouse,mit,18
git clone https://github.com/jonathanyip/Surface-Pro-3-AutoHotkey,none,18
git clone https://github.com/jNizM/TextConverter,unlicense,18
git clone https://github.com/itenium-be/Mi-Ke,mit,18
git clone https://github.com/mrjackphil/qnote-ahk,none,18
git clone https://github.com/RudyB24/AutoHotKey_Bome_MIDI_2_Key,other,18
git clone https://github.com/samfisherirl/Github.ahk-API-for-AHKv2,none,18
git clone https://github.com/sour4bh/stop-cursing-colab,none,18
git clone https://github.com/bceenaeiklmr/HideMyIcon,mit,18
git clone https://github.com/TheArkive/Socket_ahk2,none,18
git clone https://github.com/rafaco/UnlimitedMultiBattles,apache-2.0,18
git clone https://github.com/0xdreadnaught/delvegrid,none,18
git clone https://github.com/uqqu/qPhyx,none,18
git clone https://github.com/Andy-AO/CopytranslatorAppBar,none,18
git clone https://github.com/Altify-Development/Fake-Person-Generator,mit,18
git clone https://github.com/dumbeau/Pie-Menu-AHK,none,18
git clone https://github.com/Parrot023/Secondary_MACRO_keyboard,none,18
git clone https://github.com/imaginationac/compile-ahk,mit,17
git clone https://github.com/Uberi/AHK-DB,none,17
git clone https://github.com/ypid/dotfiles,none,17
git clone https://github.com/acorns/Particle-System,none,17
git clone https://github.com/Lighnat0r-pers/gta-vc-chaos,none,17
git clone https://github.com/howar31/Trove-AHK-AutoFish,none,17
git clone https://github.com/Pulover/Class_Rebar,unlicense,17
git clone https://github.com/Pulover/Class_LV_Rows,unlicense,17
git clone https://github.com/Guruds/PoE_MultiScript,none,17
git clone https://github.com/AHK-just-me/LV_EX,unlicense,17
git clone https://github.com/kongsn/pdfhighlighthelper,none,17
git clone https://github.com/rshipp/GetNirSoft,none,17
git clone https://github.com/GruberMarkus/Surface-Pen-PowerPoint-Clicker,none,17
git clone https://github.com/G33kDude/CloudAHK,mit,17
git clone https://github.com/nataliethistime/Ableton.ahk,mit,17
git clone https://github.com/jieYM/key2mouse,none,17
git clone https://github.com/maestrith/Notify,none,17
git clone https://github.com/cpbotha/vxdesktops.ahk,none,17
git clone https://github.com/viler-int10h/PCemuFileInjector,none,17
git clone https://github.com/fenchai23/taskManager,none,17
git clone https://github.com/MasterHowToLearn/SuperMemo_ahk,none,17
git clone https://github.com/koirand/vimmer-ahk,mit,17
git clone https://github.com/348bestbox/Monitor-Configuration-Class,unlicense,17
git clone https://github.com/ABS96/coloured-folders,none,17
git clone https://github.com/temoridao/ahk,unlicense,17
git clone https://github.com/mszczepanczyk/securid-linux,none,16
git clone https://github.com/lonepie/putty-quake-console,none,16
git clone https://github.com/achalddave/Vimdows-Navigation,mit,16
git clone https://github.com/RaptorX/scintilla-wrapper,none,16
git clone https://github.com/KamalAwasthi/Launchx,none,16
git clone https://github.com/ootsby/CKS-E,mit,16
git clone https://github.com/gmm96/AutoHotkey-Spanish-Characters,none,16
git clone https://github.com/ahkscript/AHK-vJoy-Library,none,16
git clone https://github.com/G33kDude/RichCode.ahk,mit,16
git clone https://github.com/Triskelia/Bambi-Dumbtalk-Script,unlicense,16
git clone https://github.com/neptercn/UIAutomation,none,16
git clone https://github.com/jethrow/UIA_Interface,none,16
git clone https://github.com/imm0r/hideProcess,none,16
git clone https://github.com/db93n2/ezMenu,none,16
git clone https://github.com/Lexikos/xHotkey.ahk,none,16
git clone https://github.com/majkinetor/vim-omnipresence,none,16
git clone https://github.com/valleyman86/AutoRecordGO,none,16
git clone https://github.com/wandersick/englishize-cmd,mit,16
git clone https://github.com/W-Drew/SteamVR-Toggle,none,16
git clone https://github.com/kisswiki/kisswiki,none,16
git clone https://github.com/C-Peck/Mic-Manager,mit,16
git clone https://github.com/EdwardCYC/AHK-Scripts,none,16
git clone https://github.com/mudssky/myAHKScripts,mit,16
git clone https://github.com/jNizM/TCPView,mit,16
git clone https://github.com/dice4321/Gunkolle,other,16
git clone https://github.com/joshuacc/AutoHotUnit,mit,16
git clone https://github.com/dbgba/PCtoiOSClipboardSync,none,16
git clone https://github.com/sumNerGL/gljm,none,16
git clone https://github.com/eprendre/yys_pc_ahk_script,mit,16
git clone https://github.com/techleadhd/mackeys,none,16
git clone https://github.com/millionart/UnityShaderGraphHelper,none,16
git clone https://github.com/ashishpatel26/G613-Double-Typing-issue-resolved,none,16
git clone https://github.com/patricknelson/google-drive-context-fix,mit,16
git clone https://github.com/NomandChan/AHK-Direct-IME-changer,none,16
git clone https://github.com/Lexikos/CLR.ahk,none,16
git clone https://github.com/leer0911/myHotKey,none,16
git clone https://github.com/TheArkive/Window_Spy_ahk2,mit,16
git clone https://github.com/Chester-zZz/linux-capslock,none,16
git clone https://github.com/Chunjee/biga.ahk,mit,16
git clone https://github.com/boblu/EmacsEverywhere,none,15
git clone https://github.com/G33kDude/RemoteObj.ahk,mit,15
git clone https://github.com/ywzhaiqi/wizQuickSearch,none,15
git clone https://github.com/spencerjpotts/Ark-FisherMan,none,15
git clone https://github.com/evilC/RDPTools,none,15
git clone https://github.com/Jim-VxE/AHK-Lib-JSON_ToObj,other,15
git clone https://github.com/esrille/new-stickney,apache-2.0,15
git clone https://github.com/nbirnel/keylogger,none,15
git clone https://github.com/cocobelgica/AutoHotkey-ZipFile,none,15
git clone https://github.com/sancarn/Inspect.exe_AHK,none,15
git clone https://github.com/G33kDude/MultiTester.ahk,mit,15
git clone https://github.com/bigjosh/CSCANPST,none,15
git clone https://github.com/Jim-VxE/AHK-Lib-ADOSQL,other,15
git clone https://github.com/HotKeyIt/TT,none,15
git clone https://github.com/AHK-just-me/Class_TransparentListBox,unlicense,15
git clone https://github.com/joedf/AEI.ahk,mit,15
git clone https://github.com/davoodinator/NMS_Seeds,none,15
git clone https://github.com/Marc-Anderson/autohotkey-text-expander,none,15
git clone https://github.com/bluejive/DragoonX,none,15
git clone https://github.com/CrashKoeck/Kruiz-Control-Configurator,mit,15
git clone https://github.com/Niten001/Core-Keeper-Auto-Fish,mit,15
git clone https://github.com/sameerasw/numpad-macros,none,15
git clone https://github.com/FaethyvveIcye/bss,none,15
git clone https://github.com/CfKu/autohotkey,mit,15
git clone https://github.com/Windowscoder/Inspiron-7000-power-and-fans-control,none,15
git clone https://github.com/antilectual/IC_Addons,none,15
git clone https://github.com/maul-esel/FormsFramework,none,14
git clone https://github.com/valleyman86/EasyDMGReportGO,none,14
git clone https://github.com/hi5/XA,none,14
git clone https://github.com/AHK-just-me/Class_LV_InCellEdit,none,14
git clone https://github.com/pallxk/dotfiles-windows,mit,14
git clone https://github.com/Onurtag/TSolidBackground,unlicense,14
git clone https://github.com/adamjimenez/Xbox2Mouse,none,14
git clone https://github.com/hoppfrosch/AHK_EDE,none,14
git clone https://github.com/JoshPennPierson/Batch-FLP-to-MP3,none,14
git clone https://github.com/db93n2/long-press,none,14
git clone https://github.com/G33kDude/AutoTidy.ahk,mit,14
git clone https://github.com/idf/EmacsEverywhere,none,14
git clone https://github.com/thetechconspiracy/Logitech-G-Hub-Replacment,mit,14
git clone https://github.com/flipeador/Library-AutoHotkey,unlicense,14
git clone https://github.com/bjc5233/ahk-context-cmd,none,14
git clone https://github.com/ccelik97/SOCD-Cleaner,mit,14
git clone https://github.com/imathew/dvertkey,unlicense,14
git clone https://github.com/telppa/Structor,none,14
git clone https://github.com/TheArkive/MsgBox2_AHK,mit,14
git clone https://github.com/buttonpushertv/buttonpusherKB,mit,14
git clone https://github.com/takanuva15/MenuClip,other,14
git clone https://github.com/wad11656/SetRegion-GUI,none,14
git clone https://github.com/aik2mlj/config-win,none,14
git clone https://github.com/cutbypham/dotfiles,unlicense,14
git clone https://github.com/se7enek/IdleonHelper,none,14
git clone https://github.com/skimrey/Spellbook,cc0-1.0,14
git clone https://github.com/mikebaldi/IC_Addons,none,14
git clone https://github.com/cannibalox/Obsdn-QuickSNIPP,none,14
git clone https://github.com/rogersmj/ahk-mac-keyboard-shortcuts,none,14
git clone https://github.com/RaptorX/cURL-Wrapper,none,13
git clone https://github.com/ferventcoder/chocolateyautomaticpackages,none,13
git clone https://github.com/Liu233w/CapsLocKeys.ahk,none,13
git clone https://github.com/cocobelgica/AutoHotkey-SerDes,none,13
git clone https://github.com/ahkscript/WinStructs,none,13
git clone https://github.com/joedf/ahk_LoaderBar,mit,13
git clone https://github.com/hi5/CSVQF,none,13
git clone https://github.com/aviaryan/Ahk-CI-Example,none,13
git clone https://github.com/retiredreplicant/milkvr-mvrl-maker,mit,13
git clone https://github.com/bchavez/AutoHotKeyEmacs,none,13
git clone https://github.com/Nipper4369/POEiLvlandDPSDisplay,none,13
git clone https://github.com/linpinger/foxbook-ahk,none,13
git clone https://github.com/Hoekey/Candy,none,13
git clone https://github.com/andmos/MacKeyboard,none,13
git clone https://github.com/seanfisk/diablo2-autohotkey-lib,none,13
git clone https://github.com/rajlego/supermemo-ahk,none,13
git clone https://github.com/whipowill/ahk-d2-autoattack,none,13
git clone https://github.com/TheArkive/CLSAK_AHK,mit,13
git clone https://github.com/S3rLoG/CapsLock_Menu,none,13
git clone https://github.com/Qwerty-Space/Discord-Spam-Script,mit,13
git clone https://github.com/mtsknn/AutoHotkey,mit,13
git clone https://github.com/FuPeiJiang/ahk_parser.js,none,13
git clone https://github.com/dspinellis/kbd-layout-fix,apache-2.0,13
git clone https://github.com/RandScullard/plugin-window-helper,mit,13
git clone https://github.com/russelldavis/AutoHotkey-Scripts,none,12
git clone https://github.com/joeyespo/autohotkey-scripts,other,12
git clone https://github.com/q2apro/ahk_greekletters,none,12
git clone https://github.com/AntonD-mobilmir/Share-config,none,12
git clone https://github.com/gildorwang/RDP-Key,mit,12
git clone https://github.com/DarthBrento/MouseKeysPlusPlus,mit,12
git clone https://github.com/fatpeppapig/bigscreenahk,none,12
git clone https://github.com/ilirb/ahk-scripts,none,12
git clone https://github.com/iseahound/Vis.ahk,none,12
git clone https://github.com/AHK-just-me/TaskDialog,none,12
git clone https://github.com/ryunp/ahk-array,none,12
git clone https://github.com/nbirnel/nosleep,other,12
git clone https://github.com/theborg3of5/ahk,mit,12
git clone https://github.com/altbdoor/ahk-active-screenshot,wtfpl,12
git clone https://github.com/cyruz-git/ahk-libs,none,12
git clone https://github.com/Amourspirit/AutoHotkey-Snippit,other,12
git clone https://github.com/chaidy/Class_DD,none,12
git clone https://github.com/c0dycode/BL2ModStuff,none,12
git clone https://github.com/OneMooreByte/RocketChat,none,12
git clone https://github.com/neovis22/chart,mit,12
git clone https://github.com/bl00dshooter/lastepoch-autocast-tool,mit,12
git clone https://github.com/tmplinshi/JSONEditor,none,12
git clone https://github.com/hexandcube/desktop-icon-toggle,mit,12
git clone https://github.com/asheroto/DiscordAltF4,none,12
git clone https://github.com/JamesMessinger/AutoHotKey,mit,12
git clone https://github.com/ceynri/awesome-ahk,none,12
git clone https://github.com/Deatho0ne/IdleChampScripts,none,12
git clone https://github.com/sukaiyi/MyAHKScript,none,12
git clone https://github.com/zjquid/t440p_fix,none,12
git clone https://github.com/QuickMythril/idlecombos,none,12
git clone https://github.com/HimDek/Mouse2Gamepad_for_Yuzu,mit,12
git clone https://github.com/thebitstick/AutoHotKey,unlicense,12
git clone https://github.com/coralfox/TheDivision2-keyhelper,none,12
git clone https://github.com/manciuszz/AHK-OpenCV,none,12
git clone https://github.com/shfty-misc/i10,none,12
git clone https://github.com/BashTux1/AutoCorrect-AHK-2.0,mit,12
git clone https://github.com/TheCrether/ahkscripts,none,12
git clone https://github.com/stranded-fish/AutoHotkey-Script-Library,none,12
git clone https://github.com/Beatso/SimpleAutoClicker,mit,12
git clone https://github.com/geary/jklmouse,other,11
git clone https://github.com/G33kDude/AppsKeyMenu,mit,11
git clone https://github.com/Winetricks/winezeug,none,11
git clone https://github.com/G33kDude/Piet,none,11
git clone https://github.com/evilC/CHotkeyControl,none,11
git clone https://github.com/toomuchtoosoont6006/LifeRPG,other,11
git clone https://github.com/tlandegger/smashbox-AHK,mit,11
git clone https://github.com/escherdragon/AutoHotTools,none,11
git clone https://github.com/evilC/Fire-Control,none,11
git clone https://github.com/jNizM/htopmini,none,11
git clone https://github.com/Daniel-Lobo/AhkHook,none,11
git clone https://github.com/aztack/AztackAutoHotkey,none,11
git clone https://github.com/hi5/todo-pt,mit,11
git clone https://github.com/floowsnaake/RPG-MO---All-in-one-Bot,none,11
git clone https://github.com/iolate/CapsLockIME,none,11
git clone https://github.com/jonseppanen/wwing,mit,11
git clone https://github.com/alapolloni/GmailKeysInOutlook,none,11
git clone https://github.com/AHK-just-me/DoDragDrop,unlicense,11
git clone https://github.com/FeepingCreature/joytokey,bsd-3-clause,11
git clone https://github.com/Chunjee/string-similarity.ahk,none,11
git clone https://github.com/hansenwangvip/capslock-ninja,none,11
git clone https://github.com/g-l-i-t-c-h-o-r-s-e/F.A.G.U.T,none,11
git clone https://github.com/hanmindev/mirrorboard,mit,11
git clone https://github.com/evilC/SequenceSender,mit,11
git clone https://github.com/xiongyihui/keyboard,none,11
git clone https://github.com/t0a0/PoE-Horizon-Orb-Helper,mit,11
git clone https://github.com/dc9993/win-10-virtual-desktop-enhancer,mit,11
git clone https://github.com/TheCodeTherapy/desktop-manager-ahk,bsd-3-clause,11
git clone https://github.com/OsandaMalith/Malware,none,11
git clone https://github.com/onoderis/bgc-script,none,11
git clone https://github.com/a1987zz/OBWH_AHK,none,11
git clone https://github.com/joshuacc/chalk.ahk,mit,11
git clone https://github.com/aderusha/BoseQCMicMute,mit,11
git clone https://github.com/manciuszz/Momentum-Pointer,none,11
git clone https://github.com/rawchen/yixun-source,none,11
git clone https://github.com/imneway/mac-keyboard-in-windows,none,11
git clone https://github.com/houdini101/AHK_Minecraft_Tools,none,11
git clone https://github.com/mcl-on-github/oGdip.ahk,none,11
git clone https://github.com/samfisherirl/Artum-VR_Screen_Cap-Gui,none,11
git clone https://github.com/zachpoblete/MouseToys,mit,11
git clone https://github.com/darkphoenixfox/SDLauncher_Public,none,11
git clone https://github.com/hparcells/ahk-scripts,none,11
git clone https://github.com/Newwbbie/study-ahk,none,11
git clone https://github.com/qwerty12/AutoHotkeyScripts,mit,11
git clone https://github.com/jwhipple/Autohotkey-Scripts,none,10
git clone https://github.com/maul-esel/AeroThumbnail,none,10
git clone https://github.com/ibinbin/AutoHotKey-for-Elgato-StreamDeck,none,10
git clone https://github.com/Nigh/gdiChartLib,none,10
git clone https://github.com/HotKeyIt/ObjTree,none,10
git clone https://github.com/AHK-just-me/Class_MySQLAPI,unlicense,10
git clone https://github.com/cryptogeek/NoReboot,none,10
git clone https://github.com/adnantopal/snotify,mit,10
git clone https://github.com/evilC/CGui,none,10
git clone https://github.com/mieki256/tinyosdkey,none,10
git clone https://github.com/Ryuuhou/AHKanColle,none,10
git clone https://github.com/aviaryan/shape-recog,apache-2.0,10
git clone https://github.com/maestrith/AHK-Studio-Plugins,none,10
git clone https://github.com/Run1e/Vibrancer,mit,10
git clone https://github.com/ChoGGi/HeatSig_DatFileConverter,none,10
git clone https://github.com/Elgin1/TypeLib2AHK,other,10
git clone https://github.com/fabiofortkamp/homectrl,mit,10
git clone https://github.com/bjc5233/ahk-toggle-desk-icon,none,10
git clone https://github.com/pacobyte/AutoHotkey-Lib-TrayIcon,none,10
git clone https://github.com/pjagada/spawn-juicer,none,10
git clone https://github.com/Robin0248/valotriggerbot,mit,10
git clone https://github.com/dobbelina/youtube-dl-Recorder-for-Kodi,none,10
git clone https://github.com/Leni-Vienne/window-mover-for-OLED,mit,10
git clone https://github.com/iseahound/Graphics,none,10
git clone https://github.com/iseahound/SetSystemCursor,mit,10
git clone https://github.com/rossning92/ep19-source,none,10
git clone https://github.com/totto357/AHKWheelBall,mit,10
git clone https://github.com/Graicc/TouchBinder,mit,10
git clone https://github.com/solomy/Macro-for-PUBG,none,10
git clone https://github.com/langheran/macOS-AltTab,mit,10
git clone https://github.com/raekuul/IdleDragons-ahk-Scripts,unlicense,10
git clone https://github.com/Nigh/LyreMaster-Genshin,mit,10
git clone https://github.com/bhavyagosai/IDM-Idle-Window-Fix,mit,10
git clone https://github.com/cy18/ahk,none,10
git clone https://github.com/a5sd45a4sd/bluco,none,10
git clone https://github.com/hui-Zz/huiAhk,none,10
git clone https://github.com/LeslieLeung/MagicFn4Ev1,none,10
git clone https://github.com/TheArkive/eval_ahk2,mit,10
git clone https://github.com/rectopul/Macros-Hotkey,none,10
git clone https://github.com/maestrith/HTMLGUI,none,10
git clone https://github.com/HackerHansen/Krunker-color-aimbot,mit,10
git clone https://github.com/ngp320/my-ahk-scripts,none,10
git clone https://github.com/alystair/my-productivity-stack,none,10
git clone https://github.com/jamunano/BrawlhallaEZ,none,10
git clone https://github.com/antilectual/ScriptHub-AutomaticOffsets,none,10
git clone https://github.com/tmplinshi/MinHook-AHK,none,10
git clone https://github.com/u5n/OnenoteFontScript,none,10
git clone https://github.com/CapnOdin/GridGUI,none,10
git clone https://github.com/Blaarkies/freeways-helping-hand,mit,10
git clone https://github.com/Okclick/NMapsTweaks,none,10
git clone https://github.com/maul-esel/ImportTypeLib,none,9
git clone https://github.com/fincs/ahk-eval,wtfpl,9
git clone https://github.com/Milly/AutoHotKey-scripts,other,9
git clone https://github.com/dwpdaxko/setup,none,9
git clone https://github.com/hoppfrosch/AHK_cTable,none,9
git clone https://github.com/dansmith65/FileMaker-Automation,mit,9
git clone https://github.com/adammansfield/my-autohotkey-scripts,isc,9
git clone https://github.com/jfrmilner/AutoHotKey-Scripts,none,9
git clone https://github.com/pacobyte/AutoHotkey-Lib-WinGetPosEx,none,9
git clone https://github.com/HelgeffegleH/hashTable,none,9
git clone https://github.com/cocobelgica/AutoHotkey-Future,none,9
git clone https://github.com/icylogic/Office2PDF,none,9
git clone https://github.com/Hachifac/idolBot,mit,9
git clone https://github.com/Eagle-Faulkner/SLEET,none,9
git clone https://github.com/iixk/FFBE-MM,none,9
git clone https://github.com/abnormalend/milkvr-url-maker,mit,9
git clone https://github.com/samdenty/NumkeyMacro,none,9
git clone https://github.com/tadashi-aikawa/spinal-reflex-bindings-template,mit,9
git clone https://github.com/rshipp/octostatus.ahk,none,9
git clone https://github.com/iseahound/Subtitle,none,9
git clone https://github.com/majkinetor/multi-rename-script,none,9
git clone https://github.com/ahkscript/autohotkey.net,none,9
git clone https://github.com/koppor/autohotkey-scripts,unlicense,9
git clone https://github.com/T-vK/CreateNewFileMacro,none,9
git clone https://github.com/shines77/AutoHotKey_Vim,mit,9
git clone https://github.com/jNizM/MemoryInfo,unlicense,9
git clone https://github.com/komomon/AutoHotkeyScript,none,9
git clone https://github.com/MatejKafka/KeyboardRemap,none,9
git clone https://github.com/zonedguy/zoned,mit,9
git clone https://github.com/hjk789/VPNsManager,none,9
git clone https://github.com/Leyline77/idleChampions-ahk,none,9
git clone https://github.com/mschadev/iwclib,mit,9
git clone https://github.com/Winkie1000/ISMONISM,mit,9
git clone https://github.com/Salsbar/cronus,none,9
git clone https://github.com/jerrylshen/LegendsOfRuneterra-AutoConcede,none,9
git clone https://github.com/ellman12/AutoHotkey-V2,mit,9
git clone https://github.com/mihaifm/antiidle,mit,9
git clone https://github.com/AutoHotkey-V2/log4ahk,wtfpl,9
git clone https://github.com/Run1e/AHK-Object-Oriented-GUIs,none,9
git clone https://github.com/xKliment/secret-ahk-script,none,9
git clone https://github.com/kurtmckee/ahk_json,mit,9
git clone https://github.com/evilC/WootingAHK,mit,9
git clone https://github.com/mslonik/Autohotkey-scripts,none,9
git clone https://github.com/cyclonus101/Lab-of-Legends-Auto-Roller,mit,9
git clone https://github.com/Ulf3000/Huion-Switch-Screen,none,9
git clone https://github.com/jNizM/password-generator,mit,9
git clone https://github.com/zero-plusplus/CustomHotkey.ahk,mit,9
git clone https://github.com/springrain1/Obsidian_QuickAHK,none,9
git clone https://github.com/Bluscream/ahk-scripts,none,9
git clone https://github.com/jumpserver/Jmservisor,none,9
git clone https://github.com/marius-sucan/ChurchBellsTower,none,9
git clone https://github.com/gbs0/gta_casino_solver,none,9
git clone https://github.com/nnrxin/WOWWTFMaster-6.0,none,9
git clone https://github.com/4000degrees/ClickerOverride,none,9
git clone https://github.com/jonseppanen/Raindock,none,9
git clone https://github.com/hideo54/userscripts,apache-2.0,9
git clone https://github.com/francoismartineau/FLahk,none,9
git clone https://github.com/bjartwolf/keyboard,none,8
git clone https://github.com/andreashofmann/AutofocusAHK,other,8
git clone https://github.com/infogulch/WinHttpRequest,none,8
git clone https://github.com/xcv58/AHK,none,8
git clone https://github.com/StubbsPvP/RustAdmin,none,8
git clone https://github.com/jNizM/AHK_Process_Explorer,mit,8
git clone https://github.com/jacegem/ahk_script,none,8
git clone https://github.com/mrjohannchang/ptt-efficient-poster,mpl-2.0,8
git clone https://github.com/altbdoor/ahk-tts,mit,8
git clone https://github.com/AyoKeito/e621updater,mit,8
git clone https://github.com/RB490/ahk-scripts-osrs,none,8
git clone https://github.com/reactos/ahk_tests,none,8
git clone https://github.com/sgoertzen/heroic-clicker,mit,8
git clone https://github.com/keanemachine/launch-codes,none,8
git clone https://github.com/hui-Zz/LabelControlZz,none,8
git clone https://github.com/stevefordev/linm_autohotkey,none,8
git clone https://github.com/philippotto/shortcut-collection,none,8
git clone https://github.com/deluxghost/MyWindows10Tweak,none,8
git clone https://github.com/larionov/ahk-multiple-language-switcher,none,8
git clone https://github.com/johngrib/AhkVimLike,mit,8
git clone https://github.com/syon/ahk,none,8
git clone https://github.com/devistar/listary-plugins,mit,8
git clone https://github.com/dufferzafar/sorting-hat,none,8
git clone https://github.com/floodindahood/GrrfM,none,8
git clone https://github.com/beta/hotkeys,mit,8
git clone https://github.com/aviaryan/clipjump-addons,none,8
git clone https://github.com/espenoh/LogiLED-AHK,none,8
git clone https://github.com/kristenmaxwell/KMAP,none,8
git clone https://github.com/KingMario/Max3,mit,8
git clone https://github.com/busywiththingsalreadyforgotten/FolderJump,none,8
git clone https://github.com/HotKeyIt/WatchDirectory,none,8
git clone https://github.com/dufferzafar/win-butler,unlicense,8
git clone https://github.com/DannyBen/eclipse,mit,8
git clone https://github.com/GroggyOtter/GroggyRepo,none,8
git clone https://github.com/truemogician/AutoHotkey-Utils,none,8
git clone https://github.com/Yokani/DofusHeroes,none,8
git clone https://github.com/STvenXJ/STvenXJ_AutoHotKey,none,8
git clone https://github.com/deadlydog/NotifyWhenMicrosoftOutlookReminderWindowIsOpen,mit,8
git clone https://github.com/thepepperoniguy/GFNPriceCheck,none,8
git clone https://github.com/fredemmott/ahk-micmute,mit,8
git clone https://github.com/jasc2v8/AHKEZ,cc0-1.0,8
git clone https://github.com/OvidiuVulpe/lazy-AHK,none,8
git clone https://github.com/tmplinshi/ExcelToArray,none,8
git clone https://github.com/FuPeiJiang/mute-virtual-desktop,none,8
git clone https://github.com/short-circuit/tia-autohotkeys,mit,8
git clone https://github.com/short-circuit/tia-autohotkeys,mit,8
git clone https://github.com/mohsen3/CapsLang,mit,8
git clone https://github.com/goglgo/openAutohotkeyxl,none,8
git clone https://github.com/TheLastMillennial/CEyboard,mit,8
git clone https://github.com/reactos/ahk_tests,none,8
git clone https://github.com/NickSeagull/hibiscus,none,8
git clone https://github.com/phonowell/shell,mit,8
git clone https://github.com/ultrapre/VnSubtitleHooker,none,8
git clone https://github.com/jasonsparc/DSVParser-AHK,unlicense,8
git clone https://github.com/zirneklitis/ShowMouse,other,8
git clone https://github.com/mysticdrew/FastFindAHK,none,8
git clone https://github.com/hoffor/RadeonClockEnforcer,other,8
git clone https://github.com/kotylo/davinci-resolve-retime-speed,none,8
git clone https://github.com/mike-inside/ThronebreakerSave,none,8
git clone https://github.com/ntnvsl/gp7ts,none,8
git clone https://github.com/bjc5233/ahk-remote-control,none,8
git clone https://github.com/dcazrael/RaidAutoRepeat,none,8
git clone https://github.com/nuj123/AutoHotKey,none,8
git clone https://github.com/Windowscoder/Dell-Trackpad,none,8
git clone https://github.com/Chris1320/MacroKeyboard,none,8
git clone https://github.com/SaifAqqad/AHK_Script,none,8
git clone https://github.com/HimDek/Mouse-Movement-and-Buttons-to-Keyboard-Map,mit,8
git clone https://github.com/DaRealFreak/bns-macros,none,8
git clone https://github.com/snkykun/Overwatch-Dolly,none,8
git clone https://github.com/jairocontreras/autohotkey,none,8
git clone https://github.com/my101du/windows-switch-ctrl-alt,mit,8
git clone https://github.com/Darthagnon/ctrlfrything,none,8
git clone https://github.com/pirik3/AHK_RiseOnlineWorld,none,8
git clone https://github.com/azalty/dbd-autowiggle,bsd-3-clause,8
git clone https://github.com/Jikkelsen/CoolLockTool,none,8
git clone https://github.com/temberature/AutoHotkeyScripts,none,8
git clone https://github.com/oif2003/AHK_v2_64bit_Scripts,mit,8
git clone https://github.com/standardgalactic/example,mit,8
git clone https://github.com/C0Nd3Mnd/LoL-FASS,mit,8
git clone https://github.com/FelipeCortez/keynav-ahk,none,8
git clone https://github.com/joshuacc/strung.ahk,mit,8
git clone https://github.com/bjc5233/ahk-context-code,none,8
git clone https://github.com/raiyanshadow/destiny-2-macros,none,8
git clone https://github.com/5ony/OBSWebSocketAHK,mit,8
git clone https://github.com/brigand/AutoHotkey-Quick-Help-XML,none,7
git clone https://github.com/ChrisS85/CGUI_Examples,none,7
git clone https://github.com/Benhgift/Vim-arrows-in-windows,none,7
git clone https://github.com/nimdahk/AU3toAHK,none,7
git clone https://github.com/Appifyer/Appifyer,none,7
git clone https://github.com/ypchen/AutoHotkey_AppleKM_Win7,none,7
git clone https://github.com/HelgeffegleH/longhotkey,none,7
git clone https://github.com/plul/Backspace-Up-Instead-Of-Back,none,7
git clone https://github.com/crocs-muni/ddos-vault,mit,7
git clone https://github.com/punassuming/emacs-launcher,none,7
git clone https://github.com/timmolderez/autohotkey-scripts,bsd-3-clause,7
git clone https://github.com/thanhn062/Autohotkey,none,7
git clone https://github.com/OWBDevTeam/mod,none,7
git clone https://github.com/matthewmorrone/autohotkey,none,7
git clone https://github.com/fiveseven808/Admin-ALL-THE-THINGS,none,7
git clone https://github.com/Team309/share2015,none,7
git clone https://github.com/2wayne/SciTE4AutoHotkeyPortable,none,7
git clone https://github.com/xcloudx01/Empty-Corrupted-File-Finder,none,7
git clone https://github.com/marslo/tc-vimd,none,7
git clone https://github.com/fischgeek/AHK-CodeSearch,none,7
git clone https://github.com/evndude/Window-Overlay,mit,7
git clone https://github.com/tiansh/q2d,none,7
git clone https://github.com/comebacktomorrow/MAgik,none,7
git clone https://github.com/earthbound19/filterForgeBatchWrapper,other,7
git clone https://github.com/evilC/HotClass,mit,7
git clone https://github.com/ahkscript/iWebBrowser2,none,7
git clone https://github.com/evilC/AHK-CHID,none,7
git clone https://github.com/noahc3/PokemonGoTeamManager,other,7
git clone https://github.com/chanz/MultiMonitorHelper,none,7
git clone https://github.com/Tyrone2333/dvorak_AutoHotkey,none,7
git clone https://github.com/evilC/RADical,mit,7
git clone https://github.com/db93n2/kiwis,unlicense,7
git clone https://github.com/ryunp/d2qol,none,7
git clone https://github.com/morgengc/CmdMarkdownBackup,none,7
git clone https://github.com/debugfan/GoldenDictAide,none,7
git clone https://github.com/sancarn/DynaCLR.JS,none,7
git clone https://github.com/cocobelgica/AutoHotkey-CWebView,none,7
git clone https://github.com/kiritofeng/Jump,none,7
git clone https://github.com/koepalex/autohotkey-markdown,mit,7
git clone https://github.com/TheArkive/GDI_plus_plus_ahk2,mit,7
git clone https://github.com/Lexikos/Object.ahk,none,7
git clone https://github.com/levavft/AHKLatex,none,7
git clone https://github.com/JoeWolski/WindowsHideTaskbar,none,7
git clone https://github.com/maestrith/Workspaces,none,7
git clone https://github.com/xcloudx01/Cloudy01s-Fallout-76-Mod-Manager,none,7
git clone https://github.com/Brad331/APOpreamp.ahk,none,7
git clone https://github.com/LvShuaiChao/RemNote_AutohotKey,none,7
git clone https://github.com/AdamJel/win-capslock-usefull,mit,7
git clone https://github.com/Toralf-AHK/AHK-Project-Manager,none,7
git clone https://github.com/kczx3/SQLiteViewer,none,7
git clone https://github.com/jNizM/Class_FTP,unlicense,7
git clone https://github.com/bjc5233/ahk-context-wheel,none,7
git clone https://github.com/FuPeiJiang/ahk_explorer,none,7
git clone https://github.com/Green-Bat/Savefile-Converter,mit,7
git clone https://github.com/qingyaoyao789/wow_onekeyscript,none,7
git clone https://github.com/HikariRazer/AHK-ApexLegends-Weapon-Aim-Pattern,none,7
git clone https://github.com/PepeDeNom/WhereIsMyMouse,mit,7
git clone https://github.com/TheArkive/scintilla_ahk2,mit,7
git clone https://github.com/kipodd/hjkl_to_arrow_keys,mit,7
git clone https://github.com/phantomdiorama/barrel,mit,7
git clone https://github.com/zhukant/Karabiner-Numpad-Mode,none,7
git clone https://github.com/CFiggers/roam-autohotkey,none,7
git clone https://github.com/Chunjee/expect.ahk,none,7
git clone https://github.com/dobbelina/Playground,none,7
git clone https://github.com/xivna/Crack-pasting-restrictions,none,7
git clone https://github.com/Gental-King/-,none,7
git clone https://github.com/Shivam338/NoRecoil,none,7
git clone https://github.com/zhang1605/xlr-space,none,7
git clone https://github.com/drhouse/Genshin-Cutscene-Auto-Fastforward,none,7
git clone https://github.com/linpinger/livedownloader,none,7
git clone https://github.com/bootch-ds/Idle-Champs,none,7
git clone https://github.com/AlejandroAkbal/Geforce-Now-Paste-Clipboard,mit,7
git clone https://github.com/Mega349/BlackMagic,none,7
git clone https://github.com/PuckItYOLO/Script,none,7
git clone https://github.com/ShadowProgr/DFFOO-Macro,none,7
git clone https://github.com/altbdoor/helldivers-cursor,mit,7
git clone https://github.com/ogeesan/capslock-layer-autohotkey,none,7
git clone https://github.com/Microtribute/win11-aero-left-cursors,none,7
git clone https://github.com/eyinwei/Autohotkey_Drawboard_Gaoman,none,7
git clone https://github.com/joshuacc/simple-http,mit,7
git clone https://github.com/WinstonWantsAUserName/supermemo_web_import,none,7
git clone https://github.com/SaifAqqad/AHK_SpotifyNoControl,none,7
git clone https://github.com/Antiky/GT7-AHK-Scripts,mit,7
git clone https://github.com/WinstonWantsAUserName/SuperMemoVim,mit,7
git clone https://github.com/fanlushuai/my-windows-shortcut-operation,none,7
git clone https://github.com/Cephel/DCS-LSO-Camera,none,7
git clone https://github.com/Dogway/AutoHotkey-Scripts,none,7
git clone https://github.com/cnxobo/mackeyboard-on-win-ahk,none,7
git clone https://github.com/Uberi/AHK-Benchmarks,none,6
git clone https://github.com/Appifyer/Zizorz,none,6
git clone https://github.com/gimerstedt/realmscript,none,6
git clone https://github.com/gildorwang/vim-key-ahk,none,6
git clone https://github.com/infogulch/AsyncHttp,none,6
git clone https://github.com/zhamlin/Macro,none,6
git clone https://github.com/evilC/AHK-HID-Hotkeys,none,6
git clone https://github.com/polkaulfield/aionMultiHack,none,6
git clone https://github.com/SuperAL/autohotkey-scripts,none,6
git clone https://github.com/cocobelgica/AutoHotkey-FormPlay,none,6
git clone https://github.com/2wayne/AutoHotkeyPortable,none,6
git clone https://github.com/emareg/unikeyboard,none,6
git clone https://github.com/cocobelgica/AutoHotkey-Expose,none,6
git clone https://github.com/benwoodman/DevKeyboard,mit,6
git clone https://github.com/hi5/InsertTOCintoMD,none,6
git clone https://github.com/octalmage/StageKit,none,6
git clone https://github.com/patricknelson/win10-sticky-mouse,mit,6
git clone https://github.com/markquinn12/autoHotKey,mit,6
git clone https://github.com/jeebak/keyboard-windows,mit,6
git clone https://github.com/q2apro/ahk-snippets,none,6
git clone https://github.com/westoncampbell/Project2D,none,6
git clone https://github.com/Lighnat0r-pers/Files,none,6
git clone https://github.com/evilC/AHK-Library-Setup,none,6
git clone https://github.com/tsaiid/ahk-smartwonder,none,6
git clone https://github.com/floowsnaake/Starcraft-1-Bot-thingy,none,6
git clone https://github.com/AHK-just-me/IL_EX,unlicense,6
git clone https://github.com/pawelt/autohotkey-scripts,apache-2.0,6
git clone https://github.com/jpginc/windowsWindowTilingManager,none,6
git clone https://github.com/AHK-just-me/TC_EX,unlicense,6
git clone https://github.com/Apokalyxio/Fresh-Fish-Filter,none,6
git clone https://github.com/nnnik/classGDIp,none,6
git clone https://github.com/cubewise-code/ti-helper,other,6
git clone https://github.com/garyng/ahk-utilities,none,6
git clone https://github.com/StitiS/AHK,mit,6
git clone https://github.com/isaacimholt/RazerCortexFarmer,mit,6
git clone https://github.com/sushiomsky/bonusbots,none,6
git clone https://github.com/Blu3spirits/HellDiversScript,none,6
git clone https://github.com/voidism/Input_Method_auto-Modifier,none,6
git clone https://github.com/rshipp/ProcFromWin,none,6
git clone https://github.com/xieranmaya/test-repo,none,6
git clone https://github.com/denolfe/VolumeScroll,none,6
git clone https://github.com/JnLlnd/PopupHotkeys,none,6
git clone https://github.com/zovt/Tilde-AHK,other,6
git clone https://github.com/matatabi3/autohotkey,none,6
git clone https://github.com/krsysorg/KrSysMiner,none,6
git clone https://github.com/chemars/TV_EEW_Record,mit,6
git clone https://github.com/ahk-v2-kb/internals,mit,6
git clone https://github.com/coralfox/Destiny-2-CN-Chat,none,6
git clone https://github.com/Uranium2/RiseOfBot,none,6
git clone https://github.com/Robert-K/blender-window-switcher,mit,6
git clone https://github.com/Zigatronz/Shopee-AutoCoin,none,6
git clone https://github.com/HKMV/anywhere-ocr,none,6
git clone https://github.com/alexofrhodes/AutoHotkey,none,6
git clone https://github.com/IOrot/ggglide,none,6
git clone https://github.com/Jikkelsen/Minerva,none,6
git clone https://github.com/GavinPen/AHKExpansionsList,none,6
git clone https://github.com/jakubmanczak/umlaut,mit,6
git clone https://github.com/RaphCoder13/KBLayerHelper,none,6
git clone https://github.com/manciuszz/Tampermonkey-Hot-Reload,mit,6
git clone https://github.com/tex2e/AHKManager,none,6
git clone https://github.com/gustavooavila/Autohotkey-Websocket-Client,none,6
git clone https://github.com/jNizM/github-api-browser,mit,6
git clone https://github.com/squishydough/soundboard,none,6
git clone https://github.com/devbali/desktop-sitelen-emoji,bsd-3-clause,6
git clone https://github.com/bjsi/sm-ahk-scripts,none,6
git clone https://github.com/adrienm7/ergopti,mit,6
git clone https://github.com/kotano/capsKeys,none,6
git clone https://github.com/TobyForbes/Macro-Keyboard,none,6
git clone https://github.com/fuhuo/goproxy-client-gui,mit,6
git clone https://github.com/Tome-Sulmont/SimpleWindowsDrag,none,6
git clone https://github.com/ArminGh02/google-from-everywhere,none,6
git clone https://github.com/paloranta/vim-around,mit,6
git clone https://github.com/EldertGrootenboer/Managing-StreamYard-using-the-Elgato-Stream-Deck,mit,6
git clone https://github.com/BaskovicP/whaBotScript,mit,6
git clone https://github.com/TheNerdling/Budget-Stream-Deck,mpl-2.0,6
git clone https://github.com/pdckxd/WebSocketAsioAHK,none,6
git clone https://github.com/h-cheema/AutoHotKey___Volume-Control-Script,none,6
git clone https://github.com/DizzyduckAR/BotitAHK,none,6
git clone https://github.com/a7md0/InstagramDMCleaner,mit,6
git clone https://github.com/thurstylark/crestron-helper-scripts,none,6
git clone https://github.com/A-AhkUser/Dictation-Interface,none,6
git clone https://github.com/Storm-Develop/TheUltimateMouseMover,apache-2.0,6
git clone https://github.com/space928/MagicQ-Hotkeys,mit,6
git clone https://github.com/ljylin/WinCmdMode,none,6
git clone https://github.com/OneNot/RelativeShortcutCreator,unlicense,6
git clone https://github.com/Sado4/ctrl-ime-ahk,none,6
git clone https://github.com/Chunjee/stringc.ahk,none,6
git clone https://github.com/Jikkelsen/CapsClicker,none,6
git clone https://github.com/OnchiuLee/InputMethod-AHK,none,6
git clone https://github.com/Foolment/Winslate,mit,6
git clone https://github.com/RaptorX/WindowSnipping,other,6
git clone https://github.com/Cirieno/ahk-desktop-helper,none,6
git clone https://github.com/ozansap/LyreBot,mit,6
git clone https://github.com/emisjerry/admonitions,none,6
git clone https://github.com/monoblaine/alttab-replacer,none,6
git clone https://github.com/AlesSs0/emojifier-script,none,6
git clone https://github.com/tkuhlengel/Ghoster,mit,6
git clone https://github.com/a1987zz/OBR_AHK,none,6
git clone https://github.com/RookieITSec/recreation.gov-Reservation-help,none,6
git clone https://github.com/Chunjee/unit-testing.ahk,none,6
git clone https://github.com/db93n2/rpan-tuner,unlicense,6
git clone https://github.com/iairu/ProcExp,none,6
git clone https://github.com/TheArkive/CallTipsForAll,mit,6
git clone https://github.com/theBonesae/SteamICHubOffset,none,6
git clone https://github.com/MikeHotelOscar/AutoHotkey-Virtual-Desktops,mit,6
git clone https://github.com/JACKCHAN000/Numpad-for-TKL-Keyboard,none,6
git clone https://github.com/sujaybokil/win11setup,none,6
git clone https://github.com/balawi28/WinAudioHotkey,none,6
git clone https://github.com/tmplinshi/Scale9,none,6
git clone https://github.com/1Defence/Client-Launcher,mit,6
git clone https://github.com/Ulf3000/activate_blender_window_under_cursor,none,6
git clone https://github.com/liuyi91/ahkv2lib-,none,6
git clone https://github.com/dmtr99/RemoteTreeView-V2,none,6
