git clone https://github.com/crystal-lang/crystal,apache-2.0,19601
git clone https://github.com/mint-lang/mint,bsd-3-clause,4091
git clone https://github.com/kemalcr/kemal,mit,3664
git clone https://github.com/veelenga/awesome-crystal,mit,3405
git clone https://github.com/luckyframework/lucky,mit,2615
git clone https://github.com/amberframework/amber,mit,2581
git clone https://github.com/vitobotta/hetzner-k3s,mit,2135
git clone https://github.com/getmango/Mango,mit,1737
git clone https://github.com/hendisantika/List-All-Programming-Telegram-Group,cc0-1.0,1403
git clone https://github.com/ffwff/lilith,other,1153
git clone https://github.com/Morantron/tmux-fingers,mit,1041
git clone https://github.com/retorquere/zotero-deb,mit,952
git clone https://github.com/crystal-lang/shards,other,770
git clone https://github.com/owasp-noir/noir,mit,649
git clone https://github.com/amethyst-framework/amethyst,mit,645
git clone https://github.com/cloudamqp/lavinmq,apache-2.0,627
git clone https://github.com/askn/crystal-by-example,mit,552
git clone https://github.com/crystal-ameba/ameba,mit,524
git clone https://github.com/crystal-community/icr,mit,504
git clone https://github.com/will/crystal-pg,bsd-3-clause,463
git clone https://github.com/elbywan/crystalline,mit,455
git clone https://github.com/martenframework/marten,mit,430
git clone https://github.com/imdrasil/jennifer.cr,mit,421
git clone https://github.com/cooperhammond/irs,mit,385
git clone https://github.com/stefanwille/crystal-redis,mit,377
git clone https://github.com/cloudamqp/amqproxy,mit,363
git clone https://github.com/oprypin/crsfml,zlib,352
git clone https://github.com/Crecto/crecto,mit,342
git clone https://github.com/crystal-lang-tools/scry,mit,332
git clone https://github.com/crystal-lang/crystal-db,mit,303
git clone https://github.com/Hentioe/policr,none,302
git clone https://github.com/amberframework/granite,mit,297
git clone https://github.com/crystal-community/crystal-patterns,mit,296
git clone https://github.com/samueleaton/sentry,mit,287
git clone https://github.com/grip-framework/grip,mit,281
git clone https://github.com/f/guardian,mit,275
git clone https://github.com/robinsloan/spring-83,cc-by-sa-4.0,275
git clone https://github.com/anykeyh/clear,mit,272
git clone https://github.com/tbrand/router.cr,mit,265
git clone https://github.com/jeromegn/slang,mit,237
git clone https://github.com/mamantoha/crest,mit,236
git clone https://github.com/noahlh/celestite,mit,232
git clone https://github.com/mosquito-cr/mosquito,mit,230
git clone https://github.com/ziprandom/graphql-crystal,mit,215
git clone https://github.com/Papierkorb/qt5.cr,mpl-2.0,215
git clone https://github.com/athena-framework/athena,mit,215
git clone https://github.com/crystal-community/jwt,mit,208
git clone https://github.com/cadmiumcr/cadmium,mit,205
git clone https://github.com/tbrand/neph,mit,204
git clone https://github.com/lucaong/immutable,mit,201
git clone https://github.com/charly-lang/charly,mit,200
git clone https://github.com/GeopJr/BLAHAJ,bsd-2-clause,199
git clone https://github.com/wezm/read-rust,mit,199
git clone https://github.com/segecey/hoop,none,196
git clone https://github.com/Axentro/Axentro,mit,193
git clone https://github.com/erdnaxeli/castblock,mit,191
git clone https://github.com/Blacksmoke16/oq,mit,191
git clone https://github.com/waterlink/active_record.cr,mit,189
git clone https://github.com/NeuraLegion/shainet,mit,184
git clone https://github.com/watzon/marionette,mit,183
git clone https://github.com/spider-gazelle/spider-gazelle,wtfpl,182
git clone https://github.com/Fusion/libui.cr,mit,178
git clone https://github.com/schovi/baked_file_system,mit,177
git clone https://github.com/kemalyst/kemalyst,mit,176
git clone https://github.com/samueleaton/raze,mit,176
git clone https://github.com/f/kamber,mit,172
git clone https://github.com/icyleaf/halite,mit,171
git clone https://github.com/icyleaf/fast-crystal,mit,167
git clone https://github.com/luckyframework/avram,mit,167
git clone https://github.com/Anyolite/anyolite,mit,166
git clone https://github.com/protoncr/tourmaline,mit,161
git clone https://github.com/amberframework/micrate,mit,157
git clone https://github.com/GeopJr/Collision,bsd-2-clause,156
git clone https://github.com/savi-lang/savi,bsd-3-clause,156
git clone https://github.com/kostya/myhtml,mit,154
git clone https://github.com/ysbaddaden/prax.cr,other,152
git clone https://github.com/crystal-data/num.cr,mit,152
git clone https://github.com/jeromegn/kilt,mit,151
git clone https://github.com/askn/faker,mit,150
git clone https://github.com/sdogruyol/fast-http-server,mit,148
git clone https://github.com/soveran/toro,mit,147
git clone https://github.com/ysbaddaden/minitest.cr,mit,145
git clone https://github.com/crystal-lang/crystal-sqlite3,mit,143
git clone https://github.com/hugopl/tijolo,mit,143
git clone https://github.com/onyxframework/http,mit,142
git clone https://github.com/crystal-lang/crystal_lib,none,138
git clone https://github.com/crystal-community/msgpack-crystal,none,138
git clone https://github.com/jwaldrip/admiral.cr,mit,138
git clone https://github.com/discordcr/discordcr,mit,138
git clone https://github.com/PercussiveElbow/docker-escape-tool,mit,138
git clone https://github.com/jasonl99/card_game,mit,137
git clone https://github.com/jessedoyle/duktape.cr,mit,137
git clone https://github.com/graphql-crystal/graphql,mit,136
git clone https://github.com/madeindjs/Crystagiri,mit,135
git clone https://github.com/codacy/git-version,apache-2.0,135
git clone https://github.com/askn/progress,mit,133
git clone https://github.com/cable-cr/cable,mit,129
git clone https://github.com/mrrooijen/commander,mit,128
git clone https://github.com/jtomschroeder/crystalline,mit,127
git clone https://github.com/straight-shoota/crinja,other,127
git clone https://github.com/jhass/crystal-gobject,bsd-3-clause,126
git clone https://github.com/at-grandpa/clim,mit,123
git clone https://github.com/obsidian/orion,mit,123
git clone https://github.com/Sija/raven.cr,mit,122
git clone https://github.com/dhruvrajvanshi/Moonshine,mit,120
git clone https://github.com/sdogruyol/cryload,mit,119
git clone https://github.com/myst-lang/myst,mit,119
git clone https://github.com/shijimasoft/cia-unix,apache-2.0,119
git clone https://github.com/ysbaddaden/frost,none,117
git clone https://github.com/sdogruyol/tren,mit,117
git clone https://github.com/DFabric/dppm,isc,116
git clone https://github.com/porras/crul,mit,112
git clone https://github.com/icyleaf/markd,mit,111
git clone https://github.com/msa7/multi_auth,mit,111
git clone https://github.com/arcage/crystal-email,mit,111
git clone https://github.com/marceloboeira/bojack,mit,109
git clone https://github.com/psykube/psykube,mit,106
git clone https://github.com/crystal-lang/crystal-mysql,mit,106
git clone https://github.com/stumpycr/stumpy_png,mit,106
git clone https://github.com/hugopl/gtk4.cr,mit,106
git clone https://github.com/manastech/webmock.cr,mit,103
git clone https://github.com/ysbaddaden/sdl.cr,none,103
git clone https://github.com/waterlink/spec2.cr,mit,103
git clone https://github.com/shardlab/discordcr,mit,103
git clone https://github.com/luislavena/radix,mit,102
git clone https://github.com/mosop/cli,mit,102
git clone https://github.com/icy-arctic-fox/spectator,mit,101
git clone https://github.com/kostya/lexbor,mit,100
git clone https://github.com/jeromegn/protobuf.cr,mit,99
git clone https://github.com/da1nerd/prism,mit,99
git clone https://github.com/manastech/crystal_ruby,none,97
git clone https://github.com/codingphasedotcom/rocky,mit,96
git clone https://github.com/gdotdesign/cr-dotenv,mit,96
git clone https://github.com/ozra/onyx-lang,other,96
git clone https://github.com/ysbaddaden/earl,other,96
git clone https://github.com/ysbaddaden/http2,other,95
git clone https://github.com/imdrasil/sam.cr,mit,95
git clone https://github.com/naqvis/wasmer-crystal,mit,95
git clone https://github.com/Sija/debug.cr,mit,95
git clone https://github.com/datanoise/mongo.cr,mit,94
git clone https://github.com/celestinecr/celestine,mit,92
git clone https://github.com/onyxframework/sql,mit,91
git clone https://github.com/alternatelabs/bifrost,mit,91
git clone https://github.com/kindmetrics/kindmetrics,mit,91
git clone https://github.com/dhruvrajvanshi/crz,mit,90
git clone https://github.com/maxfierke/fincher,mit,89
git clone https://github.com/luckyframework/lucky_cli,mit,86
git clone https://github.com/hedron-crystal/hedron,mit,86
git clone https://github.com/NeuraLegion/crystal-fann,mit,85
git clone https://github.com/luckyframework/carbon,mit,85
git clone https://github.com/anykeyh/await_async,mit,85
git clone https://github.com/luckyframework/habitat,mit,84
git clone https://github.com/makenowjust/crustache,mit,83
git clone https://github.com/sferik/twitter-crystal,other,82
git clone https://github.com/grkek/haki,mit,82
git clone https://github.com/taylorfinnell/awscr-s3,mit,81
git clone https://github.com/azutoolkit/duo,mit,80
git clone https://github.com/jgaskins/live_view,mit,79
git clone https://github.com/Papierkorb/fancyline,mpl-2.0,78
git clone https://github.com/Nitro/envoy-ui,mit,78
git clone https://github.com/watzon/arachnid,mit,78
git clone https://github.com/onyxframework/onyx,mit,78
git clone https://github.com/mattrberry/crab,mit,78
git clone https://github.com/jgaskins/grpc,mit,78
git clone https://github.com/manastech/frank,none,77
git clone https://github.com/ysbaddaden/pool,none,76
git clone https://github.com/jetrockets/shrine.cr,mit,76
git clone https://github.com/lbguilherme/rethinkdb-lite,mit,75
git clone https://github.com/exercism/crystal,mit,75
git clone https://github.com/bthachdev/crystal-design-patterns,mit,74
git clone https://github.com/crystal-community/hardware,isc,74
git clone https://github.com/hugoabonizio/schedule.cr,mit,74
git clone https://github.com/ziprandom/cltk,other,73
git clone https://github.com/oprypin/crystal-imgui,mit,73
git clone https://github.com/grkek/iu,mit,73
git clone https://github.com/jhass/carc.in,mit,72
git clone https://github.com/hangyas/telegram_bot,mit,72
git clone https://github.com/axvm/cake,mit,72
git clone https://github.com/rogeriozambon/http-protection,mit,72
git clone https://github.com/mattrberry/CryBoy,mit,72
git clone https://github.com/elbywan/cryomongo,mit,72
git clone https://github.com/amberframework/liquid.cr,mit,71
git clone https://github.com/crystal-lang/html_builder,mit,71
git clone https://github.com/hughbien/thyme,bsd-3-clause,71
git clone https://github.com/sdogruyol/aws,mit,71
git clone https://github.com/denisdefreyne/glove,none,70
git clone https://github.com/soveran/ohm-crystal,mit,70
git clone https://github.com/f/completion,mit,70
git clone https://github.com/tffdev/Leafgem,mit,70
git clone https://github.com/icyleaf/totem,mit,69
git clone https://github.com/cloudamqp/amqp-client.cr,mit,69
git clone https://github.com/phenopolis/pluto,isc,68
git clone https://github.com/kostya/simple_rpc,mit,68
git clone https://github.com/blocknotes/magickwand-crystal,mit,67
git clone https://github.com/hanneskaeufler/crytic,mit,66
git clone https://github.com/crystal-community/kiwi,mit,65
git clone https://github.com/philnash/crotp,mit,64
git clone https://github.com/lambci/crambda,mit,63
git clone https://github.com/anykeyh/crystal-coverage,mit,63
git clone https://github.com/f/equiv,mit,62
git clone https://github.com/veelenga/lua.cr,mit,62
git clone https://github.com/dgodd/concourse-summary,mit,62
git clone https://github.com/TheKernelCorp/NuummiteOS,mit,61
git clone https://github.com/Papierkorb/cannon,mpl-2.0,61
git clone https://github.com/DanilaFe/pegasus,mit,61
git clone https://github.com/crystal-community/toml.cr,none,60
git clone https://github.com/RX14/parallel.cr,mit,60
git clone https://github.com/ilanusse/praetorian,mit,60
git clone https://github.com/topaz-crystal/topaz,mit,59
git clone https://github.com/f/temel,mit,59
git clone https://github.com/mamantoha/zipstream,mit,59
git clone https://github.com/stephendolan/lucky_jumpstart,mit,59
git clone https://github.com/defense-cr/defense,none,59
git clone https://github.com/ysbaddaden/artanis,mit,58
git clone https://github.com/datanoise/amqp.cr,mit,58
git clone https://github.com/epoch/tallboy,mit,58
git clone https://github.com/alexwlchan/asexual,none,58
git clone https://github.com/spoved/vcr.cr,mit,58
git clone https://github.com/jasonl99/lattice-core,mit,57
git clone https://github.com/marceloboeira/awesome-osx,mit,57
git clone https://github.com/ysbaddaden/selenium-webdriver-crystal,other,57
git clone https://github.com/jgaskins/redis,mit,57
git clone https://github.com/oprypin/crsfml-examples,none,56
git clone https://github.com/dhruvrajvanshi/crystal-futures,mit,56
git clone https://github.com/UteroOS/utero-archive,other,56
git clone https://github.com/spider-gazelle/tasker,mit,56
git clone https://github.com/lbguilherme/crystal-js,mit,56
git clone https://github.com/blocknotes/kemal-rest-api,mit,55
git clone https://github.com/kemalcr/spec-kemal,mit,55
git clone https://github.com/askn/spinner,mit,55
git clone https://github.com/repomaa/crouter,mit,55
git clone https://github.com/sam0x17/gcf.cr,mit,55
git clone https://github.com/alexherbo2/kakoune.cr,unlicense,55
git clone https://github.com/GrottoPress/shield,mit,55
git clone https://github.com/Virtual-Machine/llvm-tutorial-book,other,54
git clone https://github.com/waterlink/mocks.cr,mit,54
git clone https://github.com/kemalcr/kemal-session,mit,54
git clone https://github.com/christophemarois/arguing-robots,none,54
git clone https://github.com/romeroadrian/nes.cr,apache-2.0,54
git clone https://github.com/elbywan/zap,mit,54
git clone https://github.com/AndiLavera/motion.cr,mit,54
git clone https://github.com/microgit-com/microgit,mit,54
git clone https://github.com/crystal-lang-tools/intellij-crystal-lang,bsd-3-clause,53
git clone https://github.com/lbguilherme/os-crystal,none,53
git clone https://github.com/coverallsapp/coverage-reporter,mit,53
git clone https://github.com/werner/amatista,mit,52
git clone https://github.com/splattael/hashids.cr,mit,52
git clone https://github.com/veelenga/aasm.cr,mit,52
git clone https://github.com/takaakit/design-pattern-examples-in-crystal,cc0-1.0,52
git clone https://github.com/docelic/amber-introduction,none,52
git clone https://github.com/busyloop/rucksack,mit,52
git clone https://github.com/arktisklada/crank,none,51
git clone https://github.com/konung/fast-crystal,other,51
git clone https://github.com/luckyframework/lucky_flow,mit,51
git clone https://github.com/sferik/openai-crystal,mit,51
git clone https://github.com/KCreate/stackvm,mit,50
git clone https://github.com/konovod/linalg,mit,50
git clone https://github.com/denysvitali/megadecrypter,mit,50
git clone https://github.com/didactic-drunk/sodium.cr,mit,50
git clone https://github.com/j8r/cride,isc,50
git clone https://github.com/runcobo/runcobo,mit,50
git clone https://github.com/werner/crystal_on_steroids,mit,49
git clone https://github.com/jwoertink/fez,mit,49
git clone https://github.com/confact/stripe.cr,mit,49
git clone https://github.com/marcobellaccini/nanvault,mit,49
git clone https://github.com/didactic-drunk/concurrent.cr,none,49
git clone https://github.com/crystal-community/zeromq-crystal,mit,48
git clone https://github.com/geppetto-apps/crow,mit,48
git clone https://github.com/izniburak/query-builder,mit,48
git clone https://github.com/toddsundsted/ishi,other,48
git clone https://github.com/ilmanzo/crystal-koans,mit,48
git clone https://github.com/veelenga/emoji.cr,mit,48
git clone https://github.com/luckyframework/lucky_record,mit,48
git clone https://github.com/TechMagister/cracker,mit,48
git clone https://github.com/I3oris/ic,mit,48
git clone https://github.com/q9f/secp256k1.cr,apache-2.0,48
git clone https://github.com/spider-gazelle/bindata,mit,48
git clone https://github.com/kostya/cron_scheduler,mit,47
git clone https://github.com/crystal-lang/clang.cr,other,47
git clone https://github.com/hugopl/gi-crystal,bsd-3-clause,47
git clone https://github.com/alex-lairan/monads,mit,47
git clone https://github.com/kostya/modest,mit,46
git clone https://github.com/hugopl/fzy,mit,46
git clone https://github.com/spider-gazelle/ssh2.cr,mit,46
git clone https://github.com/Groogy/crystal-clear,zlib,45
git clone https://github.com/ggiraldez/crystal-gl,none,45
git clone https://github.com/mverzilli/crystalla,mit,45
git clone https://github.com/l3kn/raytracer,mit,45
git clone https://github.com/maiha/rcm.cr,mit,45
git clone https://github.com/rhysd/Crisp,mit,45
git clone https://github.com/Val/crun,other,45
git clone https://github.com/cubos/sdkgen,mit,45
git clone https://github.com/naqvis/crystal-vips,mit,45
git clone https://github.com/mathieulaporte/machine,mit,44
git clone https://github.com/nats-io/nats.cr,apache-2.0,44
git clone https://github.com/shootingfly/jbuilder,mit,44
git clone https://github.com/elbywan/moongoon,mit,44
git clone https://github.com/calebuharrison/faktory.cr,mit,44
git clone https://github.com/TamasSzekeres/x11-cr,mit,43
git clone https://github.com/andrewsuzuki/termbox-crystal,mit,43
git clone https://github.com/Sija/ipaddress.cr,mit,43
git clone https://github.com/benoist/carbon-crystal,mit,43
git clone https://github.com/vladfaust/crystalworld,mit,43
git clone https://github.com/pbrusco/crystal-learn,mit,42
git clone https://github.com/oprypin/crystal-chipmunk,mit,42
git clone https://github.com/spider-gazelle/action-controller,mit,42
git clone https://github.com/GeopJr/libadwaita.cr,mit,42
git clone https://github.com/Sija/retriable.cr,mit,42
git clone https://github.com/spinscale/crystal-aws-lambda,mit,42
git clone https://github.com/spider-gazelle/promise,mit,42
git clone https://github.com/rosylilly/power_assert.cr,mit,41
git clone https://github.com/datanoise/ssh2.cr,mit,41
git clone https://github.com/mamantoha/http_proxy,mit,41
git clone https://github.com/tbrand/mssh,mit,41
git clone https://github.com/icyleaf/swagger,mit,41
git clone https://github.com/crystal-cache/cache,mit,41
git clone https://github.com/j8r/crystalizer,isc,41
git clone https://github.com/wout/rosetta,mit,41
git clone https://github.com/didactic-drunk/zstd.cr,none,41
git clone https://github.com/askn/fikri,mit,40
git clone https://github.com/veelenga/vicr,mit,40
git clone https://github.com/articulate/biplane,mit,40
git clone https://github.com/Papierkorb/torrent,mpl-2.0,40
git clone https://github.com/mamantoha/nanoid.cr,mit,40
git clone https://github.com/hakatashi/ac-library.cr,apache-2.0,40
git clone https://github.com/TheEEs/alizarin,mit,40
git clone https://github.com/josacar/triki,mit,40
git clone https://github.com/crimson-knight/i18n.cr,mit,39
git clone https://github.com/nedpals/sharn,mit,39
git clone https://github.com/fazibear/tensorflow.cr,mit,39
git clone https://github.com/makenowjust/crystal-diff,mit,39
git clone https://github.com/tobyapi/crystalg,mit,38
git clone https://github.com/maiha/rocksdb.cr,mit,38
git clone https://github.com/phoffer/inflector.cr,none,38
git clone https://github.com/imdrasil/hermes.cr,mit,38
git clone https://github.com/petoem/inotify.cr,mit,38
git clone https://github.com/RX14/camo.cr,mit,38
git clone https://github.com/nilsding/AgentSmith,mit,38
git clone https://github.com/naqvis/crystar,mit,38
git clone https://github.com/mamantoha/shards-info,mit,38
git clone https://github.com/LeChatErrant/ftp,mit,38
git clone https://github.com/zamith/crystalshards,none,37
git clone https://github.com/denisdefreyne/rcpu,none,37
git clone https://github.com/dhruvrajvanshi/crystal-parsec,mit,37
git clone https://github.com/spoved/entitas.cr,mit,37
git clone https://github.com/luckyframework/website,none,37
git clone https://github.com/GrottoPress/mel,mit,37
git clone https://github.com/clickbait/cpomf,mit,36
git clone https://github.com/Papierkorb/cute,mit,36
git clone https://github.com/f/lambda.cr,mit,36
git clone https://github.com/comandeo/crystal-memcached,mit,36
git clone https://github.com/Blacksmoke16/CrSerializer,mit,36
git clone https://github.com/lbarasti/dataclass,mit,36
git clone https://github.com/naqvis/crystal-html5,mit,36
git clone https://github.com/geolessel/trello-cli,mit,36
git clone https://github.com/obskyr/dazzlie,mit,36
git clone https://github.com/jhass/DeBot,bsd-3-clause,35
git clone https://github.com/paktek123/elasticsearch-crystal,mit,35
git clone https://github.com/imdrasil/crymagick,mit,35
git clone https://github.com/kostya/limiter,mit,35
git clone https://github.com/marceloboeira/spotify.cr,mit,35
git clone https://github.com/Sija/any_hash.cr,mit,35
git clone https://github.com/straight-shoota/sass.cr,mit,35
git clone https://github.com/Kanezoh/mechanize.cr,mit,35
git clone https://github.com/crystal-community/bloom_filter,mit,34
git clone https://github.com/elorest/cry,mit,34
git clone https://github.com/cubos/rethinkdb.cr,mit,34
git clone https://github.com/krisleech/evented,mit,34
git clone https://github.com/RomainFranceschini/icrystal,mit,34
git clone https://github.com/Beyarz/Portforge,unlicense,34
git clone https://github.com/crystal-community/future.cr,mit,34
git clone https://github.com/NeuraLegion/wafalyzer,mit,34
git clone https://github.com/smacker/libgit2.cr,mit,34
git clone https://github.com/ysbaddaden/posix,none,33
git clone https://github.com/makenowjust/crake,mit,33
git clone https://github.com/tbpgr/crystal_samples,none,33
git clone https://github.com/runic-lang/compiler,other,33
git clone https://github.com/vladislav-yashin/crystal-di,mit,33
git clone https://github.com/miketheman/statsd.cr,mit,33
git clone https://github.com/calebuharrison/CrystGLFW,mit,33
git clone https://github.com/shinzlet/phreak,mit,33
git clone https://github.com/thewalkingtoast/mpngin,mit,33
git clone https://github.com/azutoolkit/schema,mit,33
git clone https://github.com/S-YOU/h2o.cr,none,33
git clone https://github.com/jwaldrip/promise.cr,mit,32
git clone https://github.com/Crecto/crecto-admin,mit,32
git clone https://github.com/stumpycr/stumpy_core,mit,32
git clone https://github.com/sam0x17/mongo_orm,mit,32
git clone https://github.com/bmulvihill/dispatch,none,32
git clone https://github.com/vladfaust/migrate.cr,mit,32
git clone https://github.com/TamasSzekeres/cairo-cr,mit,32
git clone https://github.com/maiha/kafka.cr,mit,32
git clone https://github.com/agatan/ncurses.cr,mit,32
git clone https://github.com/guvencenanguvenal/mustafa,mit,32
git clone https://github.com/waterlink/crystal-mysql,mit,32
git clone https://github.com/crystal-money/money,mit,32
git clone https://github.com/crystal-term/prompt,mit,32
git clone https://github.com/westonganger/form_builder.cr,mit,32
git clone https://github.com/Xanders/make-help,mit,32
git clone https://github.com/Selleo/crystular,mit,32
git clone https://github.com/gosu/gosu.cr,mit,32
git clone https://github.com/masukomi/oho,mit,32
git clone https://github.com/wooster0/lime,mit,32
git clone https://github.com/Priv-Page/privpage,isc,32
git clone https://github.com/yazgoo/umberbar,none,32
git clone https://github.com/bcardiff/crystal-routing,mit,31
git clone https://github.com/maiha/crystal-examples,mit,31
git clone https://github.com/vitobotta/velero-notifications,mit,31
git clone https://github.com/crystal-data/aquaplot,mit,31
git clone https://github.com/squirm-framework/squirm,mit,31
git clone https://github.com/ChangJoo-Park/kemal-vue-chat,mit,31
git clone https://github.com/yxhuvud/nested_scheduler,mit,31
git clone https://github.com/hackervera/unix-web,mit,30
git clone https://github.com/Ragmaanir/microtest,mit,30
git clone https://github.com/akwiatkowski/kemal-auth-token,mit,30
git clone https://github.com/jgaskins/neo4j.cr,mit,30
git clone https://github.com/azutoolkit/authly,mit,30
git clone https://github.com/j8r/clicr,isc,30
git clone https://github.com/Nicolab/crystal-validator,other,30
git clone https://github.com/lupincr/lupin,mit,30
git clone https://github.com/crystal-lang/crystal-molinillo,other,30
git clone https://github.com/unn4m3d/cppize,mit,29
git clone https://github.com/icyleaf/gitlab.cr,mit,29
git clone https://github.com/Groogy/boleite,zlib,29
git clone https://github.com/faustinoaq/ruby2crystal,mit,29
git clone https://github.com/kostya/memory_cache,mit,29
git clone https://github.com/jwoertink/kave,mit,29
git clone https://github.com/JacobUb/matrix,mit,29
git clone https://github.com/makenowjust/noir,none,29
git clone https://github.com/eltanin-engine/lirith,mit,29
git clone https://github.com/ysbaddaden/panzer,none,29
git clone https://github.com/tijn/devmail,apache-2.0,29
git clone https://github.com/vypxl/scar,mit,29
git clone https://github.com/cloudamqp/websocket-tcp-relay,apache-2.0,29
git clone https://github.com/icyleaf/poncho,mit,29
git clone https://github.com/crystal-ameba/github-action,mit,29
git clone https://github.com/crystallabs/tput.cr,none,29
git clone https://github.com/jemc/crystal-pegmatite,mpl-2.0,29
git clone https://github.com/molnarmark/epilog,mit,29
git clone https://github.com/woodruffw/qrencode.cr,mit,29
git clone https://github.com/emancu/crotest,mit,28
git clone https://github.com/rmosolgo/lingo,mit,28
git clone https://github.com/adlerhsieh/iceberg,mit,28
git clone https://github.com/EvanHahn/crystal-helmet,mit,28
git clone https://github.com/rf-/roadshow,mit,28
git clone https://github.com/drhuffman12/ai4cr,mit,28
git clone https://github.com/simplylu/WeaponizeCrystal,none,28
git clone https://github.com/spider-gazelle/active-model,mit,28
git clone https://github.com/hutou/tablo,mit,28
git clone https://github.com/marghidanu/werk,mit,28
git clone https://github.com/PlaceOS/PlaceOS,other,28
git clone https://github.com/GeopJr/Crycord,bsd-2-clause,28
git clone https://github.com/shootingfly/water,mit,28
git clone https://github.com/c910335/crinder,mit,28
git clone https://github.com/jrester/EBNF.cr,mit,28
git clone https://github.com/SamualLB/ncurses,mit,28
git clone https://github.com/maiha/crt.cr,mit,27
git clone https://github.com/TPei/circuit_breaker,mit,27
git clone https://github.com/dantebronto/crystal-api-backend,mit,27
git clone https://github.com/SuperPaintman/ulid,mit,27
git clone https://github.com/jwoertink/sitemapper,mit,27
git clone https://github.com/lbguilherme/crystal-web,mit,27
git clone https://github.com/lbarasti/torrent_client,mit,27
git clone https://github.com/Hentioe/zhenxiang,mit,27
git clone https://github.com/elorest/bitfields,mit,27
git clone https://github.com/Florian3k/fayrant-lang,mit,27
git clone https://github.com/splattael/libnotify.cr,mit,26
git clone https://github.com/mosop/optarg,mit,26
git clone https://github.com/umurgdk/haydari,mit,26
git clone https://github.com/CodeSteak/Nuummite,mit,26
git clone https://github.com/jeromegn/docker.cr,mit,26
git clone https://github.com/maiha/try.cr,mit,26
git clone https://github.com/solisoft/arangocr,mit,26
git clone https://github.com/dtcristo/phoenix.cr,mit,26
git clone https://github.com/sferik/spellout,mit,26
git clone https://github.com/unn4m3d/crystaledge,mit,26
git clone https://github.com/jessehorne/hackerviews,mit,26
git clone https://github.com/icyleaf/popcorn,mit,26
git clone https://github.com/soya-daizu/goban,mit,26
git clone https://github.com/shardbox/catalog,mit,26
git clone https://github.com/jetrockets/fastimage.cr,mit,26
git clone https://github.com/watzon/cru,mit,26
git clone https://github.com/crystal-loot/selenium.cr,mit,26
git clone https://github.com/AndiLavera/mochi,mit,26
git clone https://github.com/jgaskins/armature,mit,26
git clone https://github.com/repomaa/ncurses-crystal,mit,25
git clone https://github.com/jeromegn/influxdb.cr,mit,25
git clone https://github.com/maiha/pcap.cr,mit,25
git clone https://github.com/kemalcr/kemal-csrf,mit,25
git clone https://github.com/WeTransfer/cr_zip_tricks,mit,25
git clone https://github.com/bcardiff/crystal-ast-helper,mit,25
git clone https://github.com/uparrows/Mango_cn,mit,25
git clone https://github.com/gummybears/opengl_with_crystal,mit,25
git clone https://github.com/PlaceOS/google,mit,25
git clone https://github.com/GrottoPress/pond,mit,25
git clone https://github.com/crystal-i18n/i18n,mit,25
git clone https://github.com/jgaskins/interro,mit,25
git clone https://github.com/watzon/ngrok.cr,mit,25
git clone https://github.com/stakach/crystal-kernel,none,25
git clone https://github.com/devnote-dev/cling,mpl-2.0,25
git clone https://github.com/jeromegn/bson.cr,mit,24
git clone https://github.com/porras/tlcr,mit,24
git clone https://github.com/spalger/crystal-mime,mit,24
git clone https://github.com/amberframework/quartz-mailer,mit,24
git clone https://github.com/neovintage/accord,mit,24
git clone https://github.com/picatz/packetz,mit,24
git clone https://github.com/chenkovsky/docopt.cr,mit,24
git clone https://github.com/azutoolkit/authority,mit,24
git clone https://github.com/anykeyh/json_on_steroids,none,24
git clone https://github.com/spider-gazelle/rethinkdb-orm,mit,24
git clone https://github.com/nilsmartel/Glass,mit,24
git clone https://github.com/mamantoha/humanize_time,mit,24
git clone https://github.com/Axentro/crystal-two-factor-auth,mit,24
git clone https://github.com/ray-delossantos/smtp.cr,mit,23
git clone https://github.com/SuperPaintman/serve,mit,23
git clone https://github.com/greenbigfrog/discordtipbot,mit,23
git clone https://github.com/akitaonrails/fiberpool,mit,23
git clone https://github.com/izniburak/denetmen,mit,23
git clone https://github.com/ysbaddaden/java.cr,none,23
git clone https://github.com/luckyframework/lucky_router,mit,23
git clone https://github.com/Groogy/trashman,zlib,23
git clone https://github.com/porras/session,mit,23
git clone https://github.com/dorkrawk/moola,none,23
git clone https://github.com/ysbaddaden/scrypt-crystal,none,23
git clone https://github.com/vladfaust/http-multiserver.cr,mit,23
git clone https://github.com/straight-shoota/sanitize,apache-2.0,23
git clone https://github.com/snipline/snipcli,mit,23
git clone https://github.com/voximity/pars3k,mit,23
git clone https://github.com/ujjwalguptaofficial/shivneri,apache-2.0,23
git clone https://github.com/Sija/blurhash.cr,mit,23
git clone https://github.com/636f7374/durian.cr,mit,23
git clone https://github.com/creadone/device_detector,mit,23
git clone https://github.com/CustomEntity/crNormz,mit,23
git clone https://github.com/j8r/con,isc,23
git clone https://github.com/franciscoadasme/chem.cr,mit,23
git clone https://github.com/y2k2mt/sse.cr,mit,23
git clone https://github.com/delef/maxminddb.cr,mit,23
git clone https://github.com/naqvis/brotli.cr,mit,23
git clone https://github.com/RX14/fast_irc.cr,mit,22
git clone https://github.com/tbrand/zir,mit,22
git clone https://github.com/blocknotes/wkhtmltopdf-crystal,mit,22
git clone https://github.com/guvencenanguvenal/katip,mit,22
git clone https://github.com/vladfaust/i18n.cr,mit,22
git clone https://github.com/taylorfinnell/awscr-signer,mit,22
git clone https://github.com/ysbaddaden/android.cr,none,22
git clone https://github.com/azukiapp-labs/crystal-chalk-box,apache-2.0,22
git clone https://github.com/NeuraLegion/har,mit,22
git clone https://github.com/azutoolkit/azu,mit,22
git clone https://github.com/GrottoPress/annotation.cr,mit,22
git clone https://github.com/I3oris/reply,mit,22
git clone https://github.com/spoved/kube-client.cr,mit,22
git clone https://github.com/kingsleyh/crystal-rethinkdb,mit,22
git clone https://github.com/GrottoPress/markout,mit,22
git clone https://github.com/naqvis/CrysDA,mit,22
git clone https://github.com/elbywan/openapi-generator,mit,22
git clone https://github.com/iv-org/lsquic.cr,mit,22
git clone https://github.com/naqvis/cryplot,mit,22
git clone https://github.com/jgaskins/crystal_live_view_example,mit,22
git clone https://github.com/toddsundsted/mxnet.cr,other,22
git clone https://github.com/jgaskins/nats,mit,22
git clone https://github.com/gtramontina/griffith.cr,mit,21
git clone https://github.com/straight-shoota/criss,mit,21
git clone https://github.com/mccallofthewild/markov,mit,21
git clone https://github.com/faustinoaq/watcher,mit,21
git clone https://github.com/straight-shoota/md2pdf,mit,21
git clone https://github.com/benoist/terminal_table.cr,mit,21
git clone https://github.com/maiha/xq.cr,mit,21
git clone https://github.com/marceloboeira/pdf.cr,mit,21
git clone https://github.com/sdogruyol/kemal-pg,mit,21
git clone https://github.com/metaware/flipper,mit,21
git clone https://github.com/sdogruyol/kemal-github-api,mit,21
git clone https://github.com/akwiatkowski/tremolite,other,21
git clone https://github.com/generate-cr/generate,mit,21
git clone https://github.com/rwnx/hardwire,mit,21
git clone https://github.com/crystal-lang/crystal-readline,mit,21
git clone https://github.com/aleandros/tdiff,mit,21
git clone https://github.com/watzon/ROT26,mit,21
git clone https://github.com/vladfaust/http-params-serializable,mit,21
git clone https://github.com/RosegoldMC/rosegold.cr,mit,21
git clone https://github.com/konovod/myecs,mit,21
git clone https://github.com/spoved/crafana.cr,mit,21
git clone https://github.com/amauryt/cr-cmark-gfm,bsd-2-clause,21
git clone https://github.com/luckyframework/breeze,mit,21
git clone https://github.com/drum445/dotenv,mit,21
git clone https://github.com/luckyframework/dexter,mit,21
git clone https://github.com/nya-engine/nya,mit,20
git clone https://github.com/ysbaddaden/crystal_library,none,20
git clone https://github.com/faustinoaq/kemal-watcher,mit,20
git clone https://github.com/foca/mpp,mit,20
git clone https://github.com/Ragmaanir/soegen,mit,20
git clone https://github.com/datanoise/openssl.cr,mit,20
git clone https://github.com/luislavena/beryl,mit,20
git clone https://github.com/manastech/crocoa,none,20
git clone https://github.com/spider-gazelle/ffmpeg,mit,20
git clone https://github.com/bradford-hamilton/crystal-blockchain,mit,20
git clone https://github.com/obskyr/hamtaro-in-pieces,none,20
git clone https://github.com/naqvis/playwright-cr,mit,20
git clone https://github.com/geocrystal/geo,mit,20
git clone https://github.com/eqbal/crystal_coin,mit,20
git clone https://github.com/grkek/murg,mit,20
git clone https://github.com/hugopl/queryit,mit,20
git clone https://github.com/NeuraLegion/broken_crystals,none,20
git clone https://github.com/crystal-term/spinner,mit,20
git clone https://github.com/paulcsmith/crystal-mastery,none,20
git clone https://github.com/vinibrsl/burocracia.cr,mit,20
git clone https://github.com/crystal-term/reader,mit,20
git clone https://github.com/spider-gazelle/crystal-mqtt,mit,20
git clone https://github.com/watzon/pixie,mit,20
git clone https://github.com/mettuaditya/graphlb,mit,20
git clone https://github.com/kostya/auto_json,mit,19
git clone https://github.com/masukomi/changelog_manager,mit,19
git clone https://github.com/aablinov/psutil.cr,none,19
git clone https://github.com/amberframework/jasper-helpers,mit,19
git clone https://github.com/manastech/crystal_slack,mit,19
git clone https://github.com/stumpycr/stumpy_gif,mit,19
git clone https://github.com/samueleaton/cache-hash,mit,19
git clone https://github.com/codenoid/ficha,mit,19
git clone https://github.com/icyleaf/salt,mit,19
git clone https://github.com/waterlink/timecop.cr,mit,19
git clone https://github.com/ziprandom/crystal-dfa,mit,19
git clone https://github.com/kaukas/crystal-cassandra,mit,19
git clone https://github.com/crystal-community/timecop.cr,mit,19
git clone https://github.com/oguzbilgic/zincir-crystal,none,19
git clone https://github.com/jgaskins/turbo,mit,19
git clone https://github.com/crystal-loot/nox,mit,19
git clone https://github.com/krthr/uuix,mit,19
git clone https://github.com/spider-gazelle/crystal-ldap,mit,19
git clone https://github.com/maxfierke/mstrap,mit,19
git clone https://github.com/cloudamqp/amqpcat,mit,19
git clone https://github.com/freyamade/crcophony,mit,19
git clone https://github.com/wout/mollie.cr,bsd-2-clause,19
git clone https://github.com/cocol-project/cocol,mpl-2.0,19
git clone https://github.com/agatan/watchbird,mit,18
git clone https://github.com/woodruffw/x_do.cr,mit,18
git clone https://github.com/pawandubey/pegasus,mit,18
git clone https://github.com/fridgerator/google_maps_api,mit,18
git clone https://github.com/calebuharrison/LibGLFW,mit,18
git clone https://github.com/weskinner/crystal-sdl2,none,18
git clone https://github.com/johnjansen/text,mit,18
git clone https://github.com/DanSnow/crystal-binary_parser,mit,18
git clone https://github.com/ysbaddaden/crystal-cmark,none,18
git clone https://github.com/teodor-pripoae/protokol,mit,18
git clone https://github.com/oprypin/crystal-imgui-sfml,mit,18
git clone https://github.com/mkdika/lff-cr,mit,18
git clone https://github.com/tbrand/iemon,mit,18
git clone https://github.com/erdnaxeli/clip,mit,18
git clone https://github.com/ysbaddaden/nanolib.cr,none,18
git clone https://github.com/naqvis/snappy,mit,18
git clone https://github.com/paulcsmith/up,mit,18
git clone https://github.com/kostya/run_with_fork,mit,18
git clone https://github.com/davidkellis/arborist,mit,18
git clone https://github.com/icy-arctic-fox/opengl.cr,mit,18
git clone https://github.com/stephendolan/pundit,mit,18
git clone https://github.com/sol-vin/mineshift,mit,18
git clone https://github.com/crystal-community/crystal-kcov,none,18
git clone https://github.com/jgaskins/kubernetes,mit,18
git clone https://github.com/impatienttraveller/json-tools,mit,18
git clone https://github.com/spider-gazelle/qr-code,mit,18
git clone https://github.com/crystal-lang/json_mapping.cr,mit,18
git clone https://github.com/Iainmon/Cocoa.cr,mit,18
git clone https://github.com/rogerwelin/crystal-consul,mit,18
git clone https://github.com/elbywan/bson.cr,mit,18
git clone https://github.com/calebporzio/click,mit,18
git clone https://github.com/vladfaust/tarantool.cr,mit,18
git clone https://github.com/athena-framework/console,mit,18
git clone https://github.com/elorest/CRelease,mit,17
git clone https://github.com/kostya/redisoid,mit,17
git clone https://github.com/oprypin/critter,mit,17
git clone https://github.com/crystal-jp/slack-invite,mit,17
git clone https://github.com/crystal-community/autolink.cr,mit,17
git clone https://github.com/chendo/sense-api.cr,mit,17
git clone https://github.com/jessedoyle/coffee-script,mit,17
git clone https://github.com/caravel-tool/caravel,mit,17
git clone https://github.com/mjago/sonicri,mit,17
git clone https://github.com/tobyapi/timecop.cr,mit,17
git clone https://github.com/akitaonrails/cr_manga_downloadr,mit,17
git clone https://github.com/kubo39/syscall.cr,mit,17
git clone https://github.com/NeuraLegion/sslscanner,mit,17
git clone https://github.com/bmmcginty/crjsc,mit,17
git clone https://github.com/psykube/pyrite,mit,17
git clone https://github.com/DougEverly/slack.cr,mit,17
git clone https://github.com/jwoertink/medley,mit,17
git clone https://github.com/jwoertink/crono,mit,17
git clone https://github.com/RomainFranceschini/crython,mit,17
git clone https://github.com/crystal-term/screen,mit,17
git clone https://github.com/babelian/sonic-crystal,mit,17
git clone https://github.com/d1ceward/xlsx-parser,mit,17
git clone https://github.com/honeybadger-io/honeybadger-crystal,mit,17
git clone https://github.com/imdrasil/kemal_and_jennifer_sample_app,mit,17
git clone https://github.com/WJWH/prorate-cr,mit,17
git clone https://github.com/maxfierke/hcl.cr,mit,17
git clone https://github.com/lbarasti/concur,mit,17
git clone https://github.com/matthewmcgarvey/focus,mit,17
git clone https://github.com/RX14/coz.cr,mit,17
git clone https://github.com/feifanzhou/messages-browser,mit,17
git clone https://github.com/ravern/cake,mit,17
git clone https://github.com/elbywan/crystal-lsp,mit,17
git clone https://github.com/delef/geoip2.cr,mit,17
git clone https://github.com/vladfaust/mini_redis,mit,17
git clone https://github.com/jwoertink/crystal_orm_test,mit,17
git clone https://github.com/wyhaines/defined.cr,apache-2.0,17
git clone https://github.com/sol-vin/libsunvox,mit,17
git clone https://github.com/dlanileonardo/sendgrid.cr,mit,16
git clone https://github.com/DougEverly/daemonize.cr,mit,16
git clone https://github.com/crystal-community/crystal-notifications,mit,16
git clone https://github.com/maiha/jq.cr,other,16
git clone https://github.com/RomainFranceschini/quartz,other,16
git clone https://github.com/Sija/gphoto2.cr,mit,16
git clone https://github.com/maiha/pretty.cr,mit,16
git clone https://github.com/Nephos/CrystalEmail,wtfpl,16
git clone https://github.com/mosop/teeplate,mit,16
git clone https://github.com/neovintage/kemal-session-redis,mit,16
git clone https://github.com/bcardiff/miniserver,none,16
git clone https://github.com/maiha/redis-cluster-benchmark.cr,mit,16
git clone https://github.com/instana/crystal-sensor,mit,16
git clone https://github.com/tcrouch/edits.cr,mit,16
git clone https://github.com/luckyframework/lucky_migrator,mit,16
git clone https://github.com/amberframework/garnet-spec,mit,16
git clone https://github.com/Angarsk8/chat-app-demo,mit,16
git clone https://github.com/jhass/github_desktop_notifications,bsd-3-clause,16
git clone https://github.com/kemalcr/kemal-basic-auth,mit,16
git clone https://github.com/spider-gazelle/crystal-snmp,mit,16
git clone https://github.com/geocrystal/kd_tree,mit,16
git clone https://github.com/Blacksmoke16/crylog,mit,16
git clone https://github.com/syeopite/lens,mit,16
git clone https://github.com/aca-labs/terminimal,mit,16
git clone https://github.com/acoustep/fuzzy_match.cr,mit,16
git clone https://github.com/lbarasti/statistics,mit,16
git clone https://github.com/alexherbo2/chronic,unlicense,16
git clone https://github.com/naqvis/cr-xmpp,mit,16
git clone https://github.com/lbarasti/rate_limiter,mit,16
git clone https://github.com/athena-framework/framework,mit,16
git clone https://github.com/Sija/backtracer.cr,mit,16
git clone https://github.com/geocrystal/haversine,mit,16
git clone https://github.com/crystal-jp/introducing-crystal,none,16
git clone https://github.com/wyhaines/opentelemetry-instrumentation.cr,apache-2.0,16
git clone https://github.com/andrewoconnor/crimgui,0bsd,16
git clone https://github.com/q9f/bip39.cr,apache-2.0,16
git clone https://github.com/icy-arctic-fox/espresso,mit,16
git clone https://github.com/amauryt/crystal-duckdb,mit,16
git clone https://github.com/bcardiff/crystal-fswatch,mit,16
git clone https://github.com/TheKernelCorp/Fluorite,mit,15
git clone https://github.com/soveran/resp-crystal,mit,15
git clone https://github.com/firejox/crystal-async_await,mit,15
git clone https://github.com/vonKingsley/crass,mit,15
git clone https://github.com/crystal-git/libgit2,mit,15
git clone https://github.com/fazibear/crystal_lib_gen,none,15
git clone https://github.com/amberframework/amber-router,mit,15
git clone https://github.com/at-grandpa/study-tdd,none,15
git clone https://github.com/obsidian/oak,mit,15
git clone https://github.com/TPei/progress_bar.cr,mit,15
git clone https://github.com/crisward/mailer,mit,15
git clone https://github.com/manastech/rancher-autoredeploy,mit,15
git clone https://github.com/domgetter/crikey,mit,15
git clone https://github.com/gokmen/yeager,mit,15
git clone https://github.com/andrewhamon/cox,mit,15
git clone https://github.com/hugoabonizio/event_emitter.cr,mit,15
git clone https://github.com/calebuharrison/LibGL,mit,15
git clone https://github.com/kostya/auto_initialize,mit,15
git clone https://github.com/AregevDev/raylib-cr,apache-2.0,15
git clone https://github.com/wyhaines/csuuid.cr,apache-2.0,15
git clone https://github.com/wyhaines/splay_tree_map.cr,apache-2.0,15
git clone https://github.com/lucasintel/likee-scraper,none,15
git clone https://github.com/threez/hpdf.cr,mit,15
git clone https://github.com/NeuraLegion/sec-tester-cr,mit,15
git clone https://github.com/kimvex/mongodb-crystal,mit,15
git clone https://github.com/Sija/ksuid.cr,mit,15
git clone https://github.com/naqvis/lz4.cr,mit,15
git clone https://github.com/mamantoha/cryMPD,mit,15
git clone https://github.com/HertzDevil/pack.cr,mit,15
git clone https://github.com/wyhaines/datapack.cr,mit,15
git clone https://github.com/Darwinnn/crometheus,apache-2.0,15
git clone https://github.com/jwoertink/lucky-cluster,mit,15
git clone https://github.com/octokit-cr/octokit.cr,mit,15
git clone https://github.com/Nicolab/crystal-dbx,other,15
git clone https://github.com/randomstate/openssl_ext,mit,15
git clone https://github.com/MarioAriasC/monyet,apache-2.0,15
git clone https://github.com/chances/wgpu-crystal,mit,15
git clone https://github.com/jgaskins/moku,mit,15
git clone https://github.com/nix-community/crystal2nix,mit,15
git clone https://github.com/novika-lang/novika,mit,15
git clone https://github.com/greyblake/crystal-google_translate,mit,14
git clone https://github.com/arcage/ip2country,mit,14
git clone https://github.com/comandeo/syslog.cr,mit,14
git clone https://github.com/timkendall/crynamo,mit,14
git clone https://github.com/sdogruyol/kemal-mysql,mit,14
git clone https://github.com/mamantoha/twitter-crystal,apache-2.0,14
git clone https://github.com/denisdefreyne/inari,none,14
git clone https://github.com/SuperPaintman/ms,mit,14
git clone https://github.com/maiha/grafana-redis.cr,mit,14
git clone https://github.com/porras/mock,mit,14
git clone https://github.com/blocknotes/curl-crystal,mit,14
git clone https://github.com/j8r/pool.cr,isc,14
git clone https://github.com/jgaskins/hot_topic,mit,14
git clone https://github.com/naqvis/xz.cr,mit,14
git clone https://github.com/compumike/idle-gc,mit,14
git clone https://github.com/jgaskins/datadog,mit,14
git clone https://github.com/drum445/financials,mit,14
git clone https://github.com/manastech/benchy,mit,14
git clone https://github.com/636f7374/dns.cr,bsd-3-clause-clear,14
git clone https://github.com/edwardloveall/lucky_bits,mit,14
git clone https://github.com/GeopJr/create-crystal-app,mit,14
git clone https://github.com/akiicat/m3u8,mit,14
git clone https://github.com/rdp/replace-text-pdf,mit,14
git clone https://github.com/84codes/sparoid,mit,14
git clone https://github.com/luckyframework/pulsar,mit,14
git clone https://github.com/sherjilozair/jet,mit,14
git clone https://github.com/636f7374/herbal.cr,bsd-3-clause-clear,14
git clone https://github.com/agave-db/agave,mit,14
git clone https://github.com/shardbox/shardbox-core,mit,14
git clone https://github.com/j8r/crystal-autobind,other,14
git clone https://github.com/Blacksmoke16/assert,mit,14
git clone https://github.com/woodruffw/notify.cr,other,14
git clone https://github.com/luckyframework/authentic,mit,14
git clone https://github.com/chris-huxtable/config.cr,isc,14
git clone https://github.com/Sija/climate.cr,mit,14
git clone https://github.com/lccxx/mqtt_crystal,mit,14
git clone https://github.com/athena-framework/event-dispatcher,mit,14
git clone https://github.com/RyanScottLewis/flp-viewer,mit,14
git clone https://github.com/sjdonado/bit,mit,14
git clone https://github.com/watzon/subnet,mit,14
git clone https://github.com/gtramontina/walter.cr,mit,14
git clone https://github.com/luckyframework/wordsmith,mit,14
git clone https://github.com/robacarp/keimeno,mit,14
git clone https://github.com/vladfaust/tele.cr,mit,13
git clone https://github.com/veelenga/shorturl.cr,mit,13
git clone https://github.com/waterlink/query.cr,mit,13
git clone https://github.com/manastech/crystal_redis,none,13
git clone https://github.com/cconklin/crOpenCL,mit,13
git clone https://github.com/foliea/firegrid,mit,13
git clone https://github.com/petoem/breakout.cr,mit,13
git clone https://github.com/beanieboi/aws-signer.cr,mit,13
git clone https://github.com/crystal-lang/crystal-env,mit,13
git clone https://github.com/maiha/redis-cluster.cr,mit,13
git clone https://github.com/umurgdk/flight-crusader,mit,13
git clone https://github.com/SuperPaintman/crystal-ctags,mit,13
git clone https://github.com/NeuraLegion/tensorflow.cr,mit,13
git clone https://github.com/break2bits/crystal-linked-list,mit,13
git clone https://github.com/philpax/valhalla,other,13
git clone https://github.com/marceloboeira/satriani,mit,13
git clone https://github.com/crisward/imap,mit,13
git clone https://github.com/TechMagister/couchdb.cr,mit,13
git clone https://github.com/spalladino/wit-crystal,mit,13
git clone https://github.com/lipanski/keepass,mit,13
git clone https://github.com/greyblake/crystal-magma,mit,13
git clone https://github.com/vladfaust/validations.cr,mit,13
git clone https://github.com/miry/samples,mit,13
git clone https://github.com/captn3m0/muse-dl,mit,13
git clone https://github.com/evandrojr/awesome_print.cr,mit,13
git clone https://github.com/foi/crystal-json-socket,mit,13
git clone https://github.com/tbrand/awesome-logger,mit,13
git clone https://github.com/crystal-libs/downloader,mit,13
git clone https://github.com/dannnylo/tesseract-ocr-crystal,mit,13
git clone https://github.com/docelic/awesome-urweb,mit,13
git clone https://github.com/ekzhang/aoc21-alpha,none,13
git clone https://github.com/willdoescode/galileo,mit,13
git clone https://github.com/repomaa/open_api.cr,mit,13
git clone https://github.com/q9f/rlp.cr,apache-2.0,13
git clone https://github.com/drizzle-lang/drizzle,mit,13
git clone https://github.com/mishushakov/syntaxer,mit,13
git clone https://github.com/astellon/quartz,mit,13
git clone https://github.com/lbarasti/agent,mit,13
git clone https://github.com/j8r/crystal-object-send,isc,13
git clone https://github.com/spider-gazelle/priority-queue,mit,13
git clone https://github.com/yxhuvud/ior,mit,13
git clone https://github.com/spider-gazelle/json-schema,mit,13
git clone https://github.com/Hadeweka/SDL-Crystal-Bindings,mit,13
git clone https://github.com/geocrystal/dijkstra,mit,13
git clone https://github.com/faultyserver/honcho,none,13
git clone https://github.com/imdrasil/jennifer_sqlite3_adapter,mit,13
git clone https://github.com/luckyframework/avram_slugify,mit,13
git clone https://github.com/watzon/browser,mit,13
git clone https://github.com/amaretto-graphql/amaretto,mit,13
git clone https://github.com/teknomunk/cr-dns,mit,13
git clone https://github.com/jgaskins/opentelemetry,mit,13
git clone https://github.com/akitaonrails/gamegenie,mit,13
git clone https://github.com/NeuraLegion/fix,mit,13
git clone https://github.com/xlucas/dirtycow.cr,mit,12
git clone https://github.com/Sija/serialport.cr,mit,12
git clone https://github.com/Papierkorb/json_rpc,mit,12
git clone https://github.com/citizen428/protocols,mit,12
git clone https://github.com/veelenga/rainbow-spec,mit,12
git clone https://github.com/repomaa/crystal-jsonapi,mit,12
git clone https://github.com/oprypin/crystal-dbus,mit,12
git clone https://github.com/asterite/adventofcode2017,none,12
git clone https://github.com/gdotdesign/cr-melon,none,12
git clone https://github.com/z64/discordcr-middleware,mit,12
git clone https://github.com/mauricioabreu/todo-backend-kemal,mit,12
git clone https://github.com/osfx/ocean_kit,mit,12
git clone https://github.com/Sija/gphoto2-web,mit,12
git clone https://github.com/5t111111/ruby_extension_with_crystal,none,12
git clone https://github.com/NeuraLegion/blue_cr,mit,12
git clone https://github.com/firejox/fftw.cr,mit,12
git clone https://github.com/nin93/alea,other,12
git clone https://github.com/stephendolan/decorator,mit,12
git clone https://github.com/GeopJr/sabo-tabby,bsd-2-clause,12
git clone https://github.com/crenv/crystal-build-cr,mit,12
git clone https://github.com/636f7374/forest.cr,mit,12
git clone https://github.com/microgit-com/lucky_encrypted,mit,12
git clone https://github.com/watzon/nacl,mit,12
git clone https://github.com/faustinoaq/secrets,mit,12
git clone https://github.com/crystal-loot/webdrivers.cr,mit,12
git clone https://github.com/dusic-bot/dusic-client,none,12
git clone https://github.com/spider-gazelle/bisect,mit,12
git clone https://github.com/wheremyfoodat/Beeg-Boy,none,12
git clone https://github.com/ThatsJustCheesy/parsem,mit,12
git clone https://github.com/crystal-term/cursor,mit,12
git clone https://github.com/ysbaddaden/rome,other,12
git clone https://github.com/d1ceward/shellyplug-exporter,mit,12
git clone https://github.com/skateman/silvio,mit,12
git clone https://github.com/freyamade/nocturne,mit,12
git clone https://github.com/wyhaines/opentelemetry-api.cr,apache-2.0,12
git clone https://github.com/erdnaxeli/caridina,mit,12
git clone https://github.com/c910335/crie,mit,12
git clone https://github.com/Axentro/crystal-ecdsa,mit,12
git clone https://github.com/compumike/linear-regression,mit,12
git clone https://github.com/crystal-data/GR.cr,mit,12
git clone https://github.com/crystal-lang/logger.cr,mit,12
git clone https://github.com/marghidanu/docr,mit,12
git clone https://github.com/wout/base_x,mit,12
git clone https://github.com/wyhaines/Send.cr,mit,12
git clone https://github.com/hugopl/textui,mit,12
git clone https://github.com/erdnaxeli/matrix-architect,mit,12
git clone https://github.com/vladfaust/callbacks.cr,mit,12
git clone https://github.com/joenas/readability.cr,mit,12
git clone https://github.com/jgaskins/aws,mit,12
git clone https://github.com/huacnlee/html-pipeline.cr,mit,11
git clone https://github.com/tobyapi/hash_ring,mit,11
git clone https://github.com/rhysd/ezoe,none,11
git clone https://github.com/kostya/cron_parser,mit,11
git clone https://github.com/malina/metascraper,mit,11
git clone https://github.com/neovintage/kemal-flash,mit,11
git clone https://github.com/faustinoaq/sentry-run,mit,11
git clone https://github.com/osfx/open_exchange_rates,mit,11
git clone https://github.com/aladagemre/chizge,mit,11
git clone https://github.com/waterlink/quick.cr,mit,11
git clone https://github.com/maiha/memoized.cr,mit,11
git clone https://github.com/bararchy/crystal_ssh,mit,11
git clone https://github.com/LinCAS-lang/LinCAS,other,11
git clone https://github.com/gtramontina/spinner-frames.cr,mit,11
git clone https://github.com/anykeyh/tree_template,none,11
git clone https://github.com/vjdhama/ambience,mit,11
git clone https://github.com/drujensen/delimiter_tree,mit,11
git clone https://github.com/mntns/sodium,mit,11
git clone https://github.com/robacarp/icmp.cr,mit,11
git clone https://github.com/naqvis/crystal-xpath2,mit,11
git clone https://github.com/Sija/base62.cr,mit,11
git clone https://github.com/taylorfinnell/retrycr,mit,11
git clone https://github.com/azutoolkit/flux,mit,11
git clone https://github.com/kachick/renovate-config-asdf,mit,11
git clone https://github.com/protoncr/proton,mit,11
git clone https://github.com/confact/lucky_can,mit,11
git clone https://github.com/jgaskins/mpsc,mit,11
git clone https://github.com/GeopJr/pog,bsd-2-clause,11
git clone https://github.com/athena-framework/serializer,mit,11
git clone https://github.com/libpixel/libpixel.cr,mit,11
git clone https://github.com/garethr/snykctl,other,11
git clone https://github.com/alexherbo2/snippet.cr,unlicense,11
git clone https://github.com/drum445/objectify,mit,11
git clone https://github.com/vladfaust/background,bsd-3-clause,11
git clone https://github.com/chris-huxtable/front_matter.cr,isc,11
git clone https://github.com/anamba/public_suffix.cr,mit,11
git clone https://github.com/frissyn/dstrap.cr,mit,11
git clone https://github.com/naqvis/crystal-odbc,mit,11
git clone https://github.com/iganeshk/alfred-totp,mit,11
git clone https://github.com/stephendolan/lucky_diff,mit,11
git clone https://github.com/spider-gazelle/pinger,mit,11
git clone https://github.com/hydecr/strange,mit,11
git clone https://github.com/bentranter/turbolinks,mit,11
git clone https://github.com/AsaCoco-Store/AsaCoco-Store,mit,11
git clone https://github.com/mloughran/twirp.cr,mit,11
git clone https://github.com/S-YOU/dpdk.cr,mit,11
git clone https://github.com/spider-gazelle/telnet.cr,mit,11
git clone https://github.com/spider-gazelle/pars,other,11
git clone https://github.com/chris-huxtable/atomic_write.cr,isc,11
git clone https://github.com/GeopJr/Granz-cr,mit,11
git clone https://github.com/orangeSi/bam2msa,none,11
git clone https://github.com/wonderix/crystal-tds,mit,11
git clone https://github.com/russ/eighttrack,mit,11
git clone https://github.com/shardbox/shardbox-web,mit,11
git clone https://github.com/taupiqueur/batch,mit,11
git clone https://github.com/markauskas/http2,mit,10
git clone https://github.com/samsheff/Bunny,none,10
git clone https://github.com/mosop/callback,mit,10
git clone https://github.com/marksiemers/ruby-to-crystal,none,10
git clone https://github.com/Grabli66/chocolate,mit,10
git clone https://github.com/marceloboeira/power-metal,mit,10
git clone https://github.com/sdogruyol/multipart,mit,10
git clone https://github.com/sferik/soundcloud-crystal,other,10
git clone https://github.com/Hamdiakoguz/isot,mit,10
git clone https://github.com/mosop/run,mit,10
git clone https://github.com/joaodiogocosta/soil,mit,10
git clone https://github.com/RX14/multipart.cr,mit,10
git clone https://github.com/chendo/ping-statsd,mit,10
git clone https://github.com/jwaldrip/mime-types-cr,mit,10
git clone https://github.com/ctiapps/asterisk,mit,10
git clone https://github.com/jwaldrip/shell-table.cr,mit,10
git clone https://github.com/puppetpies/WIre,mit,10
git clone https://github.com/makenowjust/tap,mit,10
git clone https://github.com/matiasgarciaisaia/crystal-git,mit,10
git clone https://github.com/shelvacu/GetMeInternet,other,10
git clone https://github.com/Papierkorb/fuse,mit,10
git clone https://github.com/kyrylo/airbrake-crystal,mit,10
git clone https://github.com/stumpycr/stumpy_utils,mit,10
git clone https://github.com/ppibburr/crystal-mruby-gobject,none,10
git clone https://github.com/Ghrind/hydra,none,10
git clone https://github.com/masak1yu/crystalforce,mit,10
git clone https://github.com/nob-suz/Crystallian,none,10
git clone https://github.com/jasonrobot/crystal-wait-group,apache-2.0,10
git clone https://github.com/bio-cr/hts.cr,mit,10
git clone https://github.com/GrottoPress/lucille,mit,10
git clone https://github.com/maiha/pg-copy-ch,mit,10
git clone https://github.com/cloudamqp/amq-protocol.cr,mit,10
git clone https://github.com/spoved/kemal-json-api.cr,mit,10
git clone https://github.com/skinnyjames/webdriver,mit,10
git clone https://github.com/PlaceOS/drivers,mit,10
git clone https://github.com/sam0x17/html-minifier,mit,10
git clone https://github.com/marcoroth/cable_ready.cr,mit,10
git clone https://github.com/toddsundsted/deep-learning,none,10
git clone https://github.com/crystal-community/bluetooth,mit,10
git clone https://github.com/BuonOmo/polylines.cr,mit,10
git clone https://github.com/firejox/CrSignals,mit,10
git clone https://github.com/da1nerd/gui.cr,mit,10
git clone https://github.com/NeuraLegion/sslscan.cr,mit,10
git clone https://github.com/fdocr/udl-server,mit,10
git clone https://github.com/sol-vin/xiongmai-investigational-journey,mit,10
git clone https://github.com/StackCoin/StackCoin,none,10
git clone https://github.com/mlvzk/pastebin-cr,unlicense,10
git clone https://github.com/matthewmcgarvey/croda,mit,10
git clone https://github.com/icy-arctic-fox/processing.cr,none,10
git clone https://github.com/jbox-web/stacker,mit,10
git clone https://github.com/LeChatErrant/async,mit,10
git clone https://github.com/636f7374/cherry.cr,mit,10
git clone https://github.com/mamantoha/crystal_mpd,mit,10
git clone https://github.com/szTheory/zaru_crystal,mit,10
git clone https://github.com/watzon/spotlight,mit,10
git clone https://github.com/crystal-community/cr-config,mit,10
git clone https://github.com/stephendolan/spark,mit,10
git clone https://github.com/citizen428/crystal-ruby-tuesday,none,10
git clone https://github.com/crystal-lang-tools/lsp,mit,10
git clone https://github.com/danreeves/watch,mit,10
git clone https://github.com/j8r/tail.cr,isc,10
git clone https://github.com/chris-huxtable/syslog.cr,isc,10
git clone https://github.com/PopulateTools/csvzip,mit,10
git clone https://github.com/perfecto25/poni,none,10
git clone https://github.com/imdrasil/serializer,mit,10
git clone https://github.com/spider-gazelle/inactive-support,mit,10
git clone https://github.com/miharekar/slacker,mit,10
git clone https://github.com/oneiros/pdf.cr,mit,10
git clone https://github.com/wyhaines/tracer.cr,apache-2.0,10
git clone https://github.com/spider-gazelle/pg-orm,mit,10
git clone https://github.com/franciscoGPS/cryzzly,mit,10
git clone https://github.com/luckyframework/html2lucky,mit,10
git clone https://github.com/hugopl/crystal-tree-sitter,mit,10
git clone https://github.com/dscottboggs/magic.cr,other,10
git clone https://github.com/NeuraLegion/generic_actor,mit,10
git clone https://github.com/anamba/safe_ecr,mit,10
git clone https://github.com/aravindavk/chitra-crystal,mit,10
git clone https://github.com/luckyframework/carbon_smtp_adapter,mit,10
git clone https://github.com/luislavena/drift,apache-2.0,10
git clone https://github.com/RomainFranceschini/crystal-lmdb,mit,10
git clone https://github.com/Nicolab/crystal-result,other,10
git clone https://github.com/dmitryrck/crystal-demo,mit,9
git clone https://github.com/TPei/observable,mit,9
git clone https://github.com/datanoise/zlib.cr,mit,9
git clone https://github.com/shardsrocks/sharock-server,mit,9
git clone https://github.com/czycha/acidity,mit,9
git clone https://github.com/diggersheep/warden,mit,9
git clone https://github.com/rhysd/crdoc,mit,9
git clone https://github.com/mosop/string_inflection,mit,9
git clone https://github.com/veelenga/yymmdd,mit,9
git clone https://github.com/stefanwille/crystal-redis-examples,none,9
git clone https://github.com/oprypin/crystal-raw-gl,mit,9
git clone https://github.com/marceloboeira/m3u8.cr,mit,9
git clone https://github.com/andrewzah/dotacr,mit,9
git clone https://github.com/Papierkorb/toka,mit,9
git clone https://github.com/waterlink/postgres_adapter.cr,mit,9
git clone https://github.com/dmytro/shell.cr,mit,9
git clone https://github.com/ianblenke/docker-kemal,mit,9
git clone https://github.com/waterlink/spec2-mocks.cr,mit,9
git clone https://github.com/NCUNOS/ncu-weather,other,9
git clone https://github.com/rebeccabuckingham/crystal-craftinginterpreters,mit,9
git clone https://github.com/mose/anyquestion,mit,9
git clone https://github.com/kostya/curl-downloader,mit,9
git clone https://github.com/luislavena/crystal-state_machine,mit,9
git clone https://github.com/werner/kemal-filters,mit,9
git clone https://github.com/dorkrawk/grey_matter,mit,9
git clone https://github.com/soveran/nest-crystal,mit,9
git clone https://github.com/icyleaf/terminal,mit,9
git clone https://github.com/hugoabonizio/timeout.cr,mit,9
git clone https://github.com/postmodern/v4l2.cr,mit,9
git clone https://github.com/imdrasil/form_object,mit,9
git clone https://github.com/hydecr/hyde,mit,9
git clone https://github.com/bcardiff/live_reload.cr,mit,9
git clone https://github.com/GrottoPress/bill,mit,9
git clone https://github.com/relistan/envconfig.cr,mit,9
git clone https://github.com/GrottoPress/cryflare,mit,9
git clone https://github.com/stumpycr/stumpy_jpeg,mit,9
git clone https://github.com/hibachrach/lucky-realworld,mit,9
git clone https://github.com/ettomatic/xattr,mit,9
git clone https://github.com/sol-vin/raw_crystal_2020_talk,mit,9
git clone https://github.com/maiha/facebook.cr,mit,9
git clone https://github.com/chris-huxtable/pledge.cr,isc,9
git clone https://github.com/BrucePerens/recursive_generic,mit,9
git clone https://github.com/PlaceOS/office365,mit,9
git clone https://github.com/jetrockets/content_disposition.cr,mit,9
git clone https://github.com/lit-lang/lit,mit,9
git clone https://github.com/microgit-com/linguist.cr,mit,9
git clone https://github.com/ChangJoo-Park/amber-realworld-example-app,none,9
git clone https://github.com/elorest/compiled_license,mit,9
git clone https://github.com/henrikac/kemal-shield,mit,9
git clone https://github.com/drujensen/heart-disease,mit,9
git clone https://github.com/cyangle/google_drive,mit,9
git clone https://github.com/nbulaj/proxy-fetcher.cr,mit,9
git clone https://github.com/gdonald/blackjack-cr,mit,9
git clone https://github.com/martenframework/marten-auth,mit,9
git clone https://github.com/BrucePerens/i18n,apache-2.0,9
git clone https://github.com/orangeSi/tinypandas,mit,9
git clone https://github.com/c910335/shale,mit,9
git clone https://github.com/spider-gazelle/ed25519,mit,9
git clone https://github.com/confact/Spider.cr,mit,9
git clone https://github.com/636f7374/carton.cr,bsd-3-clause-clear,9
git clone https://github.com/anicholson/crystal-version-tools,other,9
git clone https://github.com/watzon/lucky_have_i_been_pwned_validator,mit,9
git clone https://github.com/krthr/pope.cr,mit,9
git clone https://github.com/sikoba/ECDSA.cr,mit,9
git clone https://github.com/toddsundsted/web_finger,mit,9
git clone https://github.com/athena-framework/dependency-injection,mit,9
git clone https://github.com/kostya/socks,mit,9
git clone https://github.com/protoncr/crypto,mit,9
git clone https://github.com/Willamin/quicksand,mit,9
git clone https://github.com/mamantoha/crystal-cmark-gfm,mit,9
git clone https://github.com/aktowns/rum,mit,8
git clone https://github.com/wmoxam/liquid-crystal,other,8
git clone https://github.com/imdrasil/factory,mit,8
git clone https://github.com/hako/blackboard-dl,mit,8
git clone https://github.com/Codcore/amethyst-examples,mit,8
git clone https://github.com/faustinoaq/interactive-crystal,mit,8
git clone https://github.com/greyblake/crystal-aitk,mit,8
git clone https://github.com/doughsay/crystal-cube,none,8
git clone https://github.com/pine/crystal-notify-slack,mit,8
git clone https://github.com/fridgerator/netcdfcr,mit,8
git clone https://github.com/ruivieira/rss,mit,8
git clone https://github.com/makenowjust/8cc.cr,mit,8
git clone https://github.com/askn/racon,mit,8
git clone https://github.com/akitaonrails/cr_chainable_methods,mit,8
git clone https://github.com/izniburak/turkish-number,mit,8
git clone https://github.com/spalladino/blockchain-crystal,mit,8
git clone https://github.com/sb89/crystal-darksky,mit,8
git clone https://github.com/adlerhsieh/lake,mit,8
git clone https://github.com/Fryguy/crystal_allegro,mit,8
git clone https://github.com/badBlackShark/shrkbot,mit,8
git clone https://github.com/rmosolgo/crythtal,none,8
git clone https://github.com/packetzero/kafka.cr,mit,8
git clone https://github.com/bbtfr/proxy.cr,mit,8
git clone https://github.com/kostya/balancer,mit,8
git clone https://github.com/noumar/base32,mit,8
git clone https://github.com/luckyframework/lucky_inflector,mit,8
git clone https://github.com/ysbaddaden/shards-registry,other,8
git clone https://github.com/SuperPaintman/response-time,mit,8
git clone https://github.com/andre/geocoder,mit,8
git clone https://github.com/watzon/docker-api,mit,8
git clone https://github.com/anicholson/result.cr,mit,8
git clone https://github.com/Axentro/crypto-mnemonic,mit,8
git clone https://github.com/aisrael/migro,mit,8
git clone https://github.com/XORMANCER/WHITECAT,none,8
git clone https://github.com/Nicolab/crystal-lru-cache,other,8
git clone https://github.com/watzon/identicon,mit,8
git clone https://github.com/spider-gazelle/tensorflow_lite,mit,8
git clone https://github.com/watzon/crodoc,mit,8
git clone https://github.com/tffdev/TSYS,none,8
git clone https://github.com/watzon/diff,mit,8
git clone https://github.com/oneiros/identicon.cr,mit,8
git clone https://github.com/crystal-posix/ioctl.cr,mit,8
git clone https://github.com/superfly/fly.cr,mit,8
git clone https://github.com/mjeffrey18/fast-jsonapi-serializer,mit,8
git clone https://github.com/c910335/mass-spec,mit,8
git clone https://github.com/NeuraLegion/mt_helpers,mit,8
git clone https://github.com/PercussiveElbow/crobat-sdk-crystal,mit,8
git clone https://github.com/hugolgst/rich-crystal,mit,8
git clone https://github.com/kingsleyh/humanhash,mit,8
git clone https://github.com/andersondanilo/jsonapi-serializer-cr,mit,8
git clone https://github.com/imdrasil/time_zone,mit,8
git clone https://github.com/PercussiveElbow/Shodan,mit,8
git clone https://github.com/xtokio/imgkit,mit,8
git clone https://github.com/protoncr/async,mit,8
git clone https://github.com/rodrigopinto/can_use,mit,8
git clone https://github.com/arcage/ast_viewer.cr,mit,8
git clone https://github.com/Axentro/crystal-argon2,mit,8
git clone https://github.com/j8r/error.cr,isc,8
git clone https://github.com/mamantoha/iso_codes,mit,8
git clone https://github.com/henrikac/kemal-form,mit,8
git clone https://github.com/forksaber/supervisor,mit,8
git clone https://github.com/sirikon/ourcraft,none,8
git clone https://github.com/GrottoPress/envy,mit,8
git clone https://github.com/didactic-drunk/fiber_metrics.cr,mit,8
git clone https://github.com/geocrystal/geojson,mit,8
git clone https://github.com/busyloop/suzuri,mit,8
git clone https://github.com/RomainFranceschini/cgl,mit,8
git clone https://github.com/aristotelesbr/docx_cr_converter,mit,8
git clone https://github.com/aligo/parallel_worker,mit,8
git clone https://github.com/azutoolkit/echo,mit,8
git clone https://github.com/onyxframework/eda,mit,8
git clone https://github.com/Vendicated/AdventOfCode,none,8
git clone https://github.com/PlaceOS/core,other,8
git clone https://github.com/sol-vin/crowbar,mit,8
git clone https://github.com/spider-gazelle/mdns,mit,8
git clone https://github.com/jgaskins/rails_app_operator,mit,8
git clone https://github.com/wyhaines/opentelemetry-sdk.cr,apache-2.0,8
git clone https://github.com/84codes/tcpprism,mit,8
git clone https://github.com/watzon/cor,mit,8
git clone https://github.com/hugopl/version_from_shard,mit,8
git clone https://github.com/mamantoha/time_zone,mit,8
git clone https://github.com/jgaskins/grpc_example,mit,8
git clone https://github.com/hkalexling/mg,mit,8
git clone https://github.com/didactic-drunk/crypto-secret.cr,mit,8
git clone https://github.com/albertorestifo/crystal-cbor,mit,8
git clone https://github.com/felipeelias/crystal-github,mit,7
git clone https://github.com/kostya/auto_constructor,mit,7
git clone https://github.com/RomainFranceschini/mpi.cr,other,7
git clone https://github.com/ruivieira/curses,mit,7
git clone https://github.com/crisward/kemal-session-mysql,mit,7
git clone https://github.com/tobyapi/fluent-logger-crystal,mit,7
git clone https://github.com/mjago/soundfile,mit,7
git clone https://github.com/Papierkorb/tuntap,mit,7
git clone https://github.com/bcardiff/ghshard,mit,7
git clone https://github.com/puppetpies/crystal-libpcap,mit,7
git clone https://github.com/molovo/herd,mit,7
git clone https://github.com/ovh/crystal-ovh,other,7
git clone https://github.com/mosop/stdio,mit,7
git clone https://github.com/aladagemre/crystal-igraph,apache-2.0,7
git clone https://github.com/timuckun/crystal-liblmdb,mit,7
git clone https://github.com/ukd1/plusone,mit,7
git clone https://github.com/tbrand/pixvas,mit,7
git clone https://github.com/startram/activesupport.cr,mit,7
git clone https://github.com/whity/crystal-i18n,mit,7
git clone https://github.com/werner/todo_crystal,none,7
git clone https://github.com/sonny8988/bobobot,mit,7
git clone https://github.com/gewo/bugsnag.cr,mit,7
git clone https://github.com/mauricioabreu/crystal-ipify,mit,7
git clone https://github.com/TamasSzekeres/asound-cr,mit,7
git clone https://github.com/barisbalic/crystal-docs-web,mit,7
git clone https://github.com/maiha/hq.cr,mit,7
git clone https://github.com/kostya/simple_idn,mit,7
git clone https://github.com/MeasureChina/eventql-crystal,mit,7
git clone https://github.com/SuperPaintman/request-id,mit,7
git clone https://github.com/maiha/shard.cr,mit,7
git clone https://github.com/mccallofthewild/gdax,mit,7
git clone https://github.com/spalladino/cryptopals,mit,7
git clone https://github.com/sol-vin/perlin_noise,mit,7
git clone https://github.com/akwiatkowski/ocranizer,mit,7
git clone https://github.com/kostya/redis-reconnect,mit,7
git clone https://github.com/marceloboeira/ffmpeg.cr,mit,7
git clone https://github.com/forsaken1/triathlets,mit,7
git clone https://github.com/felipeelias/crystal-github,mit,7
git clone https://github.com/postmodern/chars.cr,mit,7
git clone https://github.com/Uzay-G/garret,mit,7
git clone https://github.com/Bonemind/syringe,mit,7
git clone https://github.com/crystal-lang/yaml_mapping.cr,mit,7
git clone https://github.com/mamantoha/crystal-hunspell,mit,7
git clone https://github.com/unrooty/pdf-forms.cr,mit,7
git clone https://github.com/j8r/libcrown,isc,7
git clone https://github.com/mwlang/binance,mit,7
git clone https://github.com/acidtib/twilio.cr,mit,7
git clone https://github.com/kereal/feedread,none,7
git clone https://github.com/fernandes/augeas.cr,mit,7
git clone https://github.com/imdrasil/sage,mit,7
git clone https://github.com/denolfe/discord-crystal,mit,7
git clone https://github.com/cyangle/twilio,mit,7
git clone https://github.com/syeopite/ctoml-cr,mit,7
git clone https://github.com/RespiteSage/saline,mit,7
git clone https://github.com/oneiros/fortunate,mit,7
git clone https://github.com/luckyframework/lucky_task,mit,7
git clone https://github.com/utay/bittorrent.cr,mit,7
git clone https://github.com/chances/bismuth,none,7
git clone https://github.com/spoved/k8s.cr,mit,7
git clone https://github.com/spider-gazelle/secure-remote-password,mit,7
git clone https://github.com/Nicolab/crystal-crypt,other,7
git clone https://github.com/shardlab/srcr,mit,7
git clone https://github.com/klirix/webchannels,mit,7
git clone https://github.com/viachpaliy/cairo-gobject,mit,7
git clone https://github.com/devnote-dev/xmlt,mit,7
git clone https://github.com/perfecto25/fcat,mit,7
git clone https://github.com/nbw/battlesnake_crystal,mit,7
git clone https://github.com/giuseongit/Berm,mit,7
git clone https://github.com/place-labs/crystal-etcd,mit,7
git clone https://github.com/frissyn/talkwatch,none,7
git clone https://github.com/skurhse/crystal-leetcode,unlicense,7
git clone https://github.com/Shidacea/Shipectral,mit,7
git clone https://github.com/oprypin/crystal-fuzzing,mit,7
git clone https://github.com/TravonteD/peridot,mit,7
git clone https://github.com/Lulzx/telegraph,mit,7
git clone https://github.com/anykeyh/crystal-shell,none,7
git clone https://github.com/blankoworld/gachette,mit,7
git clone https://github.com/lbarasti/diagnostic_logger,mit,7
git clone https://github.com/msa7/crystal-rollbar,mit,7
git clone https://github.com/HertzDevil/pattern.cr,mit,7
git clone https://github.com/upspring/neo4j_model.cr,apache-2.0,7
git clone https://github.com/dscottboggs/cached-file-server,mit,7
git clone https://github.com/postmodern/crystal-crc,mit,7
git clone https://github.com/PteroPackages/Eyrie,mit,7
git clone https://github.com/bararchy/sniffer,mit,7
git clone https://github.com/cbrnrd/gpm,mit,7
git clone https://github.com/alexbatalov/crystal-usb,mit,7
git clone https://github.com/spoved/spoved.cr,mit,7
git clone https://github.com/place-labs/responsible,mit,7
git clone https://github.com/crystal-data/arrow.cr,mit,7
git clone https://github.com/BecauseOfProg/authentication,mit,7
git clone https://github.com/light-side-software/web3.cr,mit,7
git clone https://github.com/azutoolkit/session,mit,7
git clone https://github.com/jmakino/gr-crystal,mit,7
git clone https://github.com/bcardiff/tasko.cr,mit,7
git clone https://github.com/tbrand/tokoroten,mit,7
git clone https://github.com/malte-v/vulkan.cr,mit,7
git clone https://github.com/nilsding/enpass2keepassxc,mit,7
git clone https://github.com/kostya/tkrzw,mit,7
git clone https://github.com/cadmiumcr/transliterator,mit,7
git clone https://github.com/spider-gazelle/connect-proxy,mit,7
git clone https://github.com/watzon/lucky_inertia,mit,7
git clone https://github.com/HCLarsen/ical_parser.cr,mit,7
git clone https://github.com/ulayer/CrystalProxmox,mit,7
git clone https://github.com/mkdika/kemal-rest-api,mit,7
git clone https://github.com/marysaka/crystal_nx_poc,mit,7
git clone https://github.com/cadmiumcr/language_detector,mit,7
git clone https://github.com/free-beer/beanstalk-cr,apache-2.0,7
git clone https://github.com/mamantoha/xml_converter,mit,7
git clone https://github.com/sam0x17/assert.cr,mit,7
git clone https://github.com/willdoescode/ls.cr,none,7
git clone https://github.com/watzon/opengraph.cr,mit,7
git clone https://github.com/confact/CrIRCd,mit,7
git clone https://github.com/crystal-data/opencl.cr,mit,7
git clone https://github.com/watzon/freetype.cr,mit,7
git clone https://github.com/dscottboggs/jenerator,mit,7
git clone https://github.com/denisdefreyne/rcpu-lang,none,6
git clone https://github.com/waterlink/mysql_adapter.cr,mit,6
git clone https://github.com/TamasSzekeres/ltk-cr,mit,6
git clone https://github.com/OscarBarrett/crystal-sha3,mit,6
git clone https://github.com/makenowjust/tilt,mit,6
git clone https://github.com/kuende/gcm-crystal,other,6
git clone https://github.com/philnash/envyable.cr,mit,6
git clone https://github.com/hugoabonizio/caesar_cipher_breaker,mit,6
git clone https://github.com/willhbr/slang,mit,6
git clone https://github.com/denysvitali/bbcr1-spotify,mit,6
git clone https://github.com/imdrasil/view_model.cr,mit,6
git clone https://github.com/rilian/crystal-playground,none,6
git clone https://github.com/Sija/crystal-environment,mit,6
git clone https://github.com/porras/store,mit,6
git clone https://github.com/forsaken1/socket-io.cr,mit,6
git clone https://github.com/splattael/bigbrother,mit,6
git clone https://github.com/repomaa/gpg.cr,mit,6
git clone https://github.com/sdogruyol/kemal-redis,mit,6
git clone https://github.com/fg/gravatar.cr,mit,6
git clone https://github.com/bcardiff/sample-crystal-heroku101,mit,6
git clone https://github.com/jwaldrip/crystal-sf2017,mit,6
git clone https://github.com/jblindsay/lidar,mit,6
git clone https://github.com/edwardloveall/suggestotron-lucky,mit,6
git clone https://github.com/fabianloewe/crystal-shared-lib,mit,6
git clone https://github.com/marmelab/laurel,mit,6
git clone https://github.com/nwtgck/math2img,none,6
git clone https://github.com/kostya/blank,mit,6
git clone https://github.com/drujensen/amber-auth-example,mit,6
git clone https://github.com/trans/ruby.cr,mit,6
git clone https://github.com/traildb/traildb-crystal,mit,6
git clone https://github.com/keplersj/jcrystal,mit,6
git clone https://github.com/squarism/whatthefi,wtfpl,6
git clone https://github.com/unn4m3d/crtype,mit,6
git clone https://github.com/Willamin/molly2d,mit,6
git clone https://github.com/vonKingsley/ftp,mit,6
git clone https://github.com/papilip/helptransl8,other,6
git clone https://github.com/crystal-community/snappy-crystal,mit,6
git clone https://github.com/anicholson/barnabas,mit,6
git clone https://github.com/MeasureChina/clickhouse-crystal,mit,6
git clone https://github.com/kuende/murmur3,other,6
git clone https://github.com/arcage/crystal-pathname,mit,6
git clone https://github.com/gtramontina/ansi-escapes.cr,mit,6
git clone https://github.com/instedd/mvam-chatbot,none,6
git clone https://github.com/dukex/expect.cr,mit,6
git clone https://github.com/hugoabonizio/bojack.cr,mit,6
git clone https://github.com/kostya/timeouter,mit,6
git clone https://github.com/at-grandpa/des,mit,6
git clone https://github.com/bcardiff/sample-crystal-db_json,mit,6
git clone https://github.com/pablotron/zip-crystal,mit,6
git clone https://github.com/bararchy/servo,mit,6
git clone https://github.com/marceloboeira/option.cr,mit,6
git clone https://github.com/f/dyncall,mit,6
git clone https://github.com/akiicat/youtube_retriever,none,6
git clone https://github.com/johnjansen/crystal-stemmer,mit,6
git clone https://github.com/molovo/crayon,mit,6
git clone https://github.com/splattael/erl_nif.cr,none,6
git clone https://github.com/ukd1/crystal-ratelimit,mit,6
git clone https://github.com/marceloboeira/srt.cr,mit,6
git clone https://github.com/ahmetabdi/tmdb,mit,6
git clone https://github.com/maiha/comment-spec.cr,mit,6
git clone https://github.com/akitaonrails/cr_subtitle_shift,mit,6
git clone https://github.com/place-labs/flux,mit,6
git clone https://github.com/haydenhigg/Libre,none,6
git clone https://github.com/sikoba/sko-public,none,6
git clone https://github.com/e-graveyard/coin,cc0-1.0,6
git clone https://github.com/mswieboda/dungeon,mit,6
git clone https://github.com/lbarasti/byoidsl,mit,6
git clone https://github.com/azutoolkit/topia,mit,6
git clone https://github.com/jimm/crystal_port_midi,mit,6
git clone https://github.com/SardonyxLang/Sardonyx,none,6
git clone https://github.com/luckyframework/lucky_cache,mit,6
git clone https://github.com/klacointe/airbrake.cr,mit,6
git clone https://github.com/maiha/curl.cr,mit,6
git clone https://github.com/webmastak/rss-feed-notifications,mit,6
git clone https://github.com/toddsundsted/iterm2,other,6
git clone https://github.com/crystal-posix/mmap.cr,mit,6
git clone https://github.com/docelic/term_app,other,6
git clone https://github.com/maiha/http-gate,mit,6
git clone https://github.com/watzon/fenneco,mit,6
git clone https://github.com/ysbaddaden/microtest.cr,none,6
git clone https://github.com/imdrasil/amber_and_jennifer_sample_app,mit,6
git clone https://github.com/ChangJoo-Park/gravatarcr,mit,6
git clone https://github.com/crystal-cache/redis_cache_store,mit,6
git clone https://github.com/watzon/gravity,mit,6
git clone https://github.com/naqvis/uni_text_seg,mit,6
git clone https://github.com/ruivieira/matplotcr,apache-2.0,6
git clone https://github.com/SleepingInsomniac/asteroids,mit,6
git clone https://github.com/da1nerd/kiwi.cr,mit,6
git clone https://github.com/spider-gazelle/secrets-env,mit,6
git clone https://github.com/gem-shards/candilano,mit,6
git clone https://github.com/dvinciguerra/crystalclear,mit,6
git clone https://github.com/Daniel-Worrall/beautify,mit,6
git clone https://github.com/place-labs/crystal-docker,mit,6
git clone https://github.com/skippi/docspec,mit,6
git clone https://github.com/arcage/net_sample.cr,mit,6
git clone https://github.com/naqvis/uni_char_width,mit,6
git clone https://github.com/fruktorum/yaga,mit,6
git clone https://github.com/cfrederrrr/raft.cr,mit,6
git clone https://github.com/asterite/adventofcode2022,none,6
git clone https://github.com/paulcsmith/crystal-errors,none,6
git clone https://github.com/marmaxev/prometheus-exporter,mit,6
git clone https://github.com/c910335/nctu-oj-cli,mit,6
git clone https://github.com/BrucePerens/internationalize,mit,6
git clone https://github.com/nanobowers/cronic,mit,6
git clone https://github.com/lbguilherme/crystal-web-demo,mit,6
git clone https://github.com/docelic/terminfo,mit,6
git clone https://github.com/kojix2/nuplot,mit,6
git clone https://github.com/q9f/eth.cr,apache-2.0,6
git clone https://github.com/naqvis/magic.cr,mit,6
git clone https://github.com/84codes/systemd.cr,mit,6
git clone https://github.com/marmaxev/lucky-swagger,mit,6
git clone https://github.com/lbarasti/twitter_auth,mit,6
git clone https://github.com/dscottboggs/kemal-jwt-auth,mit,6
git clone https://github.com/anamba/lender,apache-2.0,6
git clone https://github.com/anamba/pwned_password.cr,mit,6
git clone https://github.com/homonoidian/ven,mit,6
git clone https://github.com/russ/thumbor,mit,6
git clone https://github.com/nickbclifford/advent-of-code-2018,none,6
git clone https://github.com/anapsix/k8s-vault.cr,mit,6
git clone https://github.com/martenframework/website,mit,6
git clone https://github.com/ramon-sg/extend_spec,mit,6
git clone https://github.com/taylorthurlow/thicket,mit,6
git clone https://github.com/cadmiumcr/classifier,mit,6
git clone https://github.com/asterite/adventofcode2020,none,6
git clone https://github.com/itsezc/crystal-gql,mit,6
git clone https://github.com/DanilaFe/chalk,mit,6
git clone https://github.com/stepanvanzuriak/zap,mit,6
git clone https://github.com/SEbbaDK/rios,none,6
git clone https://github.com/shootingfly/what_happen,mit,6
git clone https://github.com/l3gacyb3ta/monis,unlicense,6
git clone https://github.com/GrottoPress/pawn,mit,6
git clone https://github.com/athena-framework/routing,mit,6
git clone https://github.com/PlaceOS/rest-api,other,6
git clone https://github.com/anicholson/gopher.cr,bsd-3-clause,6
git clone https://github.com/serge-name/nginx-prometheus-shiny-exporter,mit,6
git clone https://github.com/vladfaust/onyx-http-deprecated,mit,6
git clone https://github.com/watzon/robots.cr,mit,6
git clone https://github.com/SamualLB/tui,mit,6
git clone https://github.com/vladfaust/stripe.cr,mit,6
git clone https://github.com/fridgerator/bugsnag,mit,6
git clone https://github.com/rowland/caramel,mit,6
git clone https://github.com/spider-gazelle/crunits,mit,6
git clone https://github.com/crystal-ameba/codacy-ameba,mit,6
git clone https://github.com/GeopJr/non-blocking-spawn,bsd-2-clause,6
git clone https://github.com/lucasintel/tiktok-passport,mit,6
git clone https://github.com/aws-samples/lambda-crystal-runtime,mit-0,6
git clone https://github.com/HertzDevil/advent-of-code,none,6
git clone https://github.com/spider-gazelle/simple_retry,mit,6
git clone https://github.com/jhass/crystal-malloc_pthread_shim,mit,6
