git clone https://github.com/goonstation/goonstation,other,377
git clone https://github.com/erbing/blog,none,203
git clone https://github.com/discordia-space/CEV-Eris,other,153
git clone https://github.com/VOREStation/VOREStation,other,85
git clone https://github.com/goonstation/goonstation-2016,other,79
git clone https://github.com/ss220-space/Paradise,other,78
git clone https://github.com/tommasoc80/EventStoryLine,other,76
git clone https://github.com/PolarisSS13/Polaris,other,70
git clone https://github.com/sojourn-13/sojourn-station,other,52
git clone https://github.com/BurgerLUA/burgerstation,other,41
git clone https://github.com/Yonaguni/EuropaStation,other,38
git clone https://github.com/CHOMPStation2/CHOMPStation2,other,38
git clone https://github.com/Citadel-Station-13/Citadel-Station-13-RP,other,37
git clone https://github.com/NTStation/NTstation13,none,36
git clone https://github.com/Persistent-SS13/Persistent-Bay,other,30
git clone https://github.com/onesaitplatform/onesaitplatform-revolution,none,30
git clone https://github.com/Glloyd/Pre-Open-SS13-Host-Files-and-Source,none,28
git clone https://github.com/goonstation/goonstation-2020,other,26
git clone https://github.com/Apollo-Community/ApolloStation,other,25
git clone https://github.com/DDMers/Deep-Space-13,none,24
git clone https://github.com/larzm42/dom4inspector,none,23
git clone https://github.com/SoarGroup/Agents,none,23
git clone https://github.com/DS-13-Dev-Team/DS13-1.0,other,20
git clone https://github.com/chaolinzhanglab/ctk,none,20
git clone https://github.com/Nadrew/console,other,18
git clone https://github.com/minimalparts/PeARS,mit,17
git clone https://github.com/coolstation/coolstation,other,16
git clone https://github.com/Yawn-Wider/YWPolarisVore,other,15
git clone https://github.com/Aurorastation/Aurora-Old,other,15
git clone https://github.com/joansam/Warhammer-Complete,none,11
git clone https://github.com/SS13/black_old,none,11
git clone https://github.com/JackBlogs/learningai,apache-2.0,10
git clone https://github.com/Step-to-Rails-Expert-rb/minutes,none,9
git clone https://github.com/AntimoniumGame/Antimonium,other,9
git clone https://github.com/Eclipse-Station/Eclipse-Station-13,other,8
git clone https://github.com/apophis775/ColonialMarines,other,8
git clone https://github.com/Eclipse-Station/NEV-Northern-Light,other,8
git clone https://github.com/jaggerestep/ColonialMarines,other,8
git clone https://github.com/Baystation12/Baystation12-Legacy,other,7
git clone https://github.com/seekin4u/EscalationByMio,other,7
git clone https://github.com/UristMcStation/UMcS,none,7
git clone https://github.com/BlueColonySS13/BlueColonySS13,other,7
git clone https://github.com/paperstation/archives,none,7
git clone https://github.com/ml-for-nlp/fruit-fly,none,7
git clone https://github.com/dashapopova/CompSem2024,none,6
git clone https://github.com/BeeStation/Clover,other,6
git clone https://github.com/mloc/openss13,none,6
git clone https://github.com/FighterX/SOVIET-STATION,none,6
git clone https://github.com/SS13/luna,none,6
git clone https://github.com/ESCALATION-ROCKS/Escalation,other,6
git clone https://github.com/CHOMPstation/CHOMPstation,other,6
