git clone https://github.com/SaschaWillems/Vulkan,mit,10630
git clone https://github.com/patriciogonzalezvivo/thebookofshaders,other,6193
git clone https://github.com/hooke007/MPV_lazy,other,4607
git clone https://github.com/patriciogonzalezvivo/lygia,other,2762
git clone https://github.com/KhronosGroup/SPIRV-Cross,apache-2.0,2134
git clone https://github.com/ekzhang/graphics-workshop,mit,2115
git clone https://github.com/erichlof/THREE.js-PathTracing-Renderer,cc0-1.0,1981
git clone https://github.com/gl-transitions/gl-transitions,none,1921
git clone https://github.com/smkplus/ShaderMan,mit,1431
git clone https://github.com/higan-emu/higan,other,1214
git clone https://github.com/sixthsurge/photon,other,1163
git clone https://github.com/dsoft20/psx_retroshader,mit,1159
git clone https://github.com/sparklinlabs/superpowers-asset-packs,cc0-1.0,1146
git clone https://github.com/jamieowen/glsl-blend,mit,1057
git clone https://github.com/fylz1125/ShaderDemos,none,986
git clone https://github.com/libretro/glsl-shaders,none,984
git clone https://github.com/dyphire/mpv-config,other,848
git clone https://github.com/candycat1992/NPR_Lab,none,782
git clone https://github.com/godot-extended-libraries/godot-realistic-water,other,762
git clone https://github.com/twostraws/ShaderKit,mit,675
git clone https://github.com/QianMo/GPU-Pro-Books-Source-Code,none,670
git clone https://github.com/keijiro/ShaderSketches,none,624
git clone https://github.com/wwwtyro/glsl-atmosphere,unlicense,595
git clone https://github.com/AdultLink/HoloShield,mit,544
git clone https://github.com/Syntopia/Fragmentarium,none,525
git clone https://github.com/patriciogonzalezvivo/PixelSpiritDeck,other,497
git clone https://github.com/MirzaBeig/GPU-Fog-Particles,unlicense,478
git clone https://github.com/laurentlb/shader-minifier,apache-2.0,475
git clone https://github.com/vcync/modV,mit,455
git clone https://github.com/Argon-/mpv-config,none,432
git clone https://github.com/colin3dmax/CocosCreator,none,427
git clone https://github.com/Gaxil/Unity-InteriorMapping,mit,425
git clone https://github.com/hl2guide/better-mpv-config,mit,386
git clone https://github.com/kode80/kode80SSR,bsd-2-clause,382
git clone https://github.com/hughsk/glsl-noise,mit,377
git clone https://github.com/Unity-Technologies/BatchBreakingCause,none,366
git clone https://github.com/orfeotoolbox/OTB,apache-2.0,359
git clone https://github.com/Platinguin/Godot-Water-Shader-Prototype,mit,349
git clone https://github.com/PistonDevelopers/piston-examples,mit,347
git clone https://github.com/wolf96/shader_for_unity,none,345
git clone https://github.com/PaddlePaddle/PaddleSpatial,apache-2.0,342
git clone https://github.com/mattdesl/glsl-fxaa,mit,332
git clone https://github.com/scratchapixel/scratchapixel-code,none,330
git clone https://github.com/Zabooby/mpv-config,none,310
git clone https://github.com/hiulit/Godot-3-2D-CRT-Shader,mit,307
git clone https://github.com/SimonMerrett/SOICbite,bsd-2-clause,298
git clone https://github.com/tuxalin/procedural-tileable-shaders,mit,295
git clone https://github.com/bWFuanVzYWth/OriginShader,none,288
git clone https://github.com/marmitoTH/godot-psx-shaders,mit,285
git clone https://github.com/BinBashBanana/webretro,mit,276
git clone https://github.com/WestpointLtd/tls_prober,mit,267
git clone https://github.com/bite-your-idols/Gamestarter,none,265
git clone https://github.com/genekogan/Processing-Shader-Examples,none,263
git clone https://github.com/tovacinni/sdf-explorer,other,261
git clone https://github.com/classicjazz/mpv-config,none,259
git clone https://github.com/lewislepton/shadertutorialseries,none,258
git clone https://github.com/SableRaf/Filters4Processing,none,252
git clone https://github.com/sipeed/TangNano-9K-example,none,248
git clone https://github.com/bradleyq/mc_vanilla_shaders,mit,248
git clone https://github.com/Broxxar/NoMansScanner,unlicense,243
git clone https://github.com/EXPWorlds/Godot-Cel-Shader,mit,234
git clone https://github.com/FarazzShaikh/glNoise,mit,233
git clone https://github.com/tobspr/GLSL-Color-Spaces,mit,231
git clone https://github.com/AlexStrook/UnlitClouds,cc0-1.0,230
git clone https://github.com/gamedevserj/Godot-Shaders,mit,227
git clone https://github.com/BrianSharpe/Wombat,none,225
git clone https://github.com/dario-zubovic/metaballs,mit,223
git clone https://github.com/greggman/hsva-unity,none,210
git clone https://github.com/CptPotato/GodotThings,mit,209
git clone https://github.com/Ancientkingg/shader-shenanigans,none,209
git clone https://github.com/onnowhere/core_shaders,cc0-1.0,209
git clone https://github.com/ComplementaryDevelopment/ComplementaryReimagined,other,202
git clone https://github.com/Master-J/DecalCo,mit,201
git clone https://github.com/PoeticRainbow/golden-days,none,201
git clone https://github.com/kamindustries/touchFluid,mit,201
git clone https://github.com/hecomi/UnityVolumeRendering,none,198
git clone https://github.com/jospic/godot3_shaders,none,197
git clone https://github.com/happy-turtle/oit-unity,apache-2.0,196
git clone https://github.com/McTsts/mc-core-shaders,unlicense,196
git clone https://github.com/marklundin/glsl-sdf-primitives,mit,195
git clone https://github.com/Lexpartizan/Godot_sky_shader,mit,194
git clone https://github.com/dmnsgn/glsl-tone-map,mit,192
git clone https://github.com/yumayanagisawa/Unity-Raindrops,mit,190
git clone https://github.com/KhronosGroup/SPIRV-Guide,cc-by-4.0,188
git clone https://github.com/Bauxitedev/godot-motion-blur,mit,186
git clone https://github.com/luckyWjr/ComputeShaderDemo,none,183
git clone https://github.com/candycat1992/Shadertoy_Lab,none,183
git clone https://github.com/mit-carbon/Graphite,mit,181
git clone https://github.com/rreusser/glsl-solid-wireframe,none,177
git clone https://github.com/Ancientkingg/fancyPants,mit,169
git clone https://github.com/rezaali/Fragment,mit,167
git clone https://github.com/Broxxar/GlowingObjectOutlines,unlicense,163
git clone https://github.com/raganmd/BOS-in-TouchDesigner,mit,161
git clone https://github.com/nebuIr/Default-Dark-Mode,other,158
git clone https://github.com/CaptainProton42/FlexibleToonShaderGD,mit,155
git clone https://github.com/mwkm/atoMeow,mit,154
git clone https://github.com/vsg-dev/vsgExamples,mit,153
git clone https://github.com/vicrucann/shader-3dcurve,mit,150
git clone https://github.com/galloscript/TexGraph-Public,none,148
git clone https://github.com/jocamar/Godot-Post-Process-Outlines,mit,147
git clone https://github.com/nicoptere/raymarching-for-THREE,none,147
git clone https://github.com/glslify/glsl-aastep,mit,146
git clone https://github.com/bradleyq/shader-toolkit,cc0-1.0,145
git clone https://github.com/saadam1n/MinecraftShaderProgramming,mit,141
git clone https://github.com/sylefeb/raster2mesh,bsd-2-clause,141
git clone https://github.com/nekotogd/Godot_BoTW_Toon_Shader,cc0-1.0,137
git clone https://github.com/Eldeston/Super-Duper-Vanilla,other,136
git clone https://github.com/chenjd/Unity-Signed-Distance-Field-Shadow,mit,133
git clone https://github.com/TianZerL/ACNetGLSL,mit,133
git clone https://github.com/diharaw/volumetric-clouds,mit,129
git clone https://github.com/marza-realtime/GIFT_PorterDoll,none,129
git clone https://github.com/clayjohn/realtime_clouds,mit,127
git clone https://github.com/euler0/sublime-glsl,unlicense,124
git clone https://github.com/ShockMicro/Minecraft-Shaders,none,124
git clone https://github.com/larsbertram69/Lux-2.01,none,124
git clone https://github.com/uheartbeast/jitter-free-pixelart-scaling,mit,123
git clone https://github.com/McbeEringi/esbe-2g,none,122
git clone https://github.com/BruceKnowsHow/Ebin-Shaders,other,122
git clone https://github.com/pavelkouril/unity-lowpoly-shader,mit,122
git clone https://github.com/thiagoamendola/godot-color-lut-shader,mit,119
git clone https://github.com/CkauNui/ckau-book,other,119
git clone https://github.com/hfcRed/Player-Tracker,other,119
git clone https://github.com/Godlander/vpp,cc-by-4.0,118
git clone https://github.com/Global-Illuminati/Precomputed-Light-Field-Probes,mit,116
git clone https://github.com/diharaw/volumetric-fog,mit,115
git clone https://github.com/satoruhiga/TouchDesigner-ShaderBuilder,mit,114
git clone https://github.com/marklundin/glsl-sdf-ops,mit,114
git clone https://github.com/hecomi/UnityPseudoInstancedGPUParticles,none,113
git clone https://github.com/SCRN-VRC/SimpNet-Deep-Learning-in-a-Shader,mit,112
git clone https://github.com/rbray89/EnvironmentalVisualEnhancements,none,112
git clone https://github.com/StarDustCFW/StarDustCFWPack,none,110
git clone https://github.com/patriciogonzalezvivo/lygia_examples,other,108
git clone https://github.com/baidu/ar-sdk,none,108
git clone https://github.com/lo-th/Shader.lab,none,108
git clone https://github.com/rsn8887/Sharp-Bilinear-Shaders,none,108
git clone https://github.com/sipeed/TangNano-20K-example,none,104
git clone https://github.com/MapStudioProject/CTR-Studio,mit,103
git clone https://github.com/nicebyte/niceshade,mit,102
git clone https://github.com/vtsynergy/OpenDwarfs,other,98
git clone https://github.com/lushaylabs/tangnano9k-series-examples,none,98
git clone https://github.com/recalbox/recalbox-buildroot,other,98
git clone https://github.com/sipeed/TangNano-4K-example,none,97
git clone https://github.com/yumayanagisawa/Unity-Metaballs,mit,96
git clone https://github.com/splinedrive/my_hdmi_device,isc,95
git clone https://github.com/iwalton3/default-shader-pack,other,94
git clone https://github.com/Lexpartizan/Godot_rain_shader,mit,93
git clone https://github.com/ancillarymagnet/touchfluids,mit,92
git clone https://github.com/SuboptimalEng/shader-tutorials,mit,92
git clone https://github.com/openscenegraph/OpenSceneGraph-Data,none,91
git clone https://github.com/JaccomoLorenz/godot-flow-map-shader,other,91
git clone https://github.com/AKGWSB/Hello-Minecraft-Shaders,none,90
git clone https://github.com/ckosmic/minecraft-psx,mit,90
git clone https://github.com/anlev/Unity-2D-Sprite-cast-and-receive-shadows,mit,90
git clone https://github.com/sebastianhein/sss-unity,mit,89
git clone https://github.com/Bauxitedev/godot-particle-dof,mit,88
git clone https://github.com/MaxBittker/glsl-voronoi-noise,mit,88
git clone https://github.com/ath92/fractal-garden,none,88
git clone https://github.com/steincodes/godot-shader-tutorials,mit,88
git clone https://github.com/Erkaman/glsl-worley,other,88
git clone https://github.com/simondevyoutube/Shaders_Clouds1,mit,87
git clone https://github.com/zesterer/openmw-shaders,none,87
git clone https://github.com/meshonline/Screen-Space-Global-Illumination,mit,87
git clone https://github.com/karai17/awesome-love-shaders,none,87
git clone https://github.com/pixelatedcrown/Kintsukuroi,none,87
git clone https://github.com/larsbertram69/Lux_2.0,none,86
git clone https://github.com/zombye/spectrum,mit,86
git clone https://github.com/IRCSS/UnityRaymarching,mit,85
git clone https://github.com/jedypod/gamut-compress,none,85
git clone https://github.com/DevinPentecost/godot-practice-shaders,none,84
git clone https://github.com/diharaw/bruneton-sky-model,mit,83
git clone https://github.com/Warcraft-GoA-Development-Team/Warcraft-Guardians-of-Azeroth-2,none,83
git clone https://github.com/xjtuecho/CH552Nano,none,83
git clone https://github.com/kiwipxl/GLSL-shaders,none,83
git clone https://github.com/anvaka/pplay,mit,82
git clone https://github.com/Dimev/shadertoy-to-unreal-engine,mit,82
git clone https://github.com/catching-transparent-phish/phoca,mit,81
git clone https://github.com/slipster216/OffScreenParticleRendering,mit,81
git clone https://github.com/wolfenrain/flutter_shaders_example,mit,80
git clone https://github.com/ArtemOnigiri/RealTimeRayTracing,mit,80
git clone https://github.com/smkplus/UnityRayMarching,none,80
git clone https://github.com/hiroki-o/VoxBlend,none,79
git clone https://github.com/efirdc/GodotFluid,mit,79
git clone https://github.com/falichs/Depixelizing-Pixel-Art-on-GPUs,mit,79
git clone https://github.com/josephwilk/shaderview,mit,79
git clone https://github.com/gri573/voxlementary,other,78
git clone https://github.com/aiekick/SdfFontDesigner,mit,78
git clone https://github.com/OBKF/Fake-Interior-Shader-for-GodotEngine,mit,78
git clone https://github.com/audiojs/audio-shader,mit,78
git clone https://github.com/mattdesl/three-glslify-example,mit,78
git clone https://github.com/Aurealis-Graphics/Lux-Shader,none,77
git clone https://github.com/QianMo/Unity-Shader-Superb-Practice,none,77
git clone https://github.com/ShockMicro/VanillaDynamicEmissives,mit,76
git clone https://github.com/Septonious/Solas-Shader,other,76
git clone https://github.com/Vidvox/ISF-Files,mit,76
git clone https://github.com/tdmaav/shadertoy,none,76
git clone https://github.com/danomatika/BangYourHead,none,74
git clone https://github.com/ceceppa/godot-shaders,mit,74
git clone https://github.com/federicocasares/stratecam,mit,74
git clone https://github.com/Scrawk/GPU-GEMS-Atmospheric-Scatter,mit,74
git clone https://github.com/ShaderCamp/shader_prototyping_2022,none,72
git clone https://github.com/Leviant/ScreenSpace_Ubershader,mit,72
git clone https://github.com/Chman/ColorBlindr,mit,72
git clone https://github.com/SableRaf/Processing-Experiments,none,71
git clone https://github.com/ayamflow/glsl-grid,mit,71
git clone https://github.com/HL7/v2-to-fhir,apache-2.0,71
git clone https://github.com/jimbo00000/RiftRay,other,71
git clone https://github.com/rezaali/FragmentSketches,mit,71
git clone https://github.com/keeffEoghan/glsl-optical-flow,mit,70
git clone https://github.com/biscuits99/rp-video-manager,mit,69
git clone https://github.com/TeamMoegMC/TheWinterRescue,other,68
git clone https://github.com/jawatson/voacapl,other,68
git clone https://github.com/obushi/SPHFluid,none,68
git clone https://github.com/cosmo0/retropie-overlays,none,66
git clone https://github.com/tyrells/dosbox-svn-shaders,none,66
git clone https://github.com/hughsk/fragment-foundry,none,66
git clone https://github.com/sipeed/Tang-Nano-examples,none,65
git clone https://github.com/hug-sun/element3-core,mit,65
git clone https://github.com/DartCat25/resourcepacks,mit,65
git clone https://github.com/leon196/Workshop,none,65
git clone https://github.com/keijiro/GyroCam,none,65
git clone https://github.com/webbukkit/DynmapBlockScan,none,64
git clone https://github.com/shpz/AttackArea,none,63
git clone https://github.com/chrisloop/HDRP2020Toon2,none,63
git clone https://github.com/millionart/NodesDifferencesBetweenShadergraphAndAmplifyShaderEditor,none,63
git clone https://github.com/h3r2tic/rtoy-samples,mit,63
git clone https://github.com/bambosan/Nori-Shader,mit,63
git clone https://github.com/glslify/glsl-hash-blur,mit,63
git clone https://github.com/hecomi/UnityRaymarchingCollision,none,63
git clone https://github.com/dmnsgn/glsl-conditionals,mit,63
git clone https://github.com/ComplementaryDevelopment/ComplementaryShadersV4,other,62
git clone https://github.com/kimsama/Unity-Vertex-AmbientOcclusion,none,62
git clone https://github.com/BruceKnowsHow/Octray,mit,61
git clone https://github.com/superguigui/color-shader-functions,none,61
git clone https://github.com/subsoap/deffx,cc0-1.0,61
git clone https://github.com/robcupisz/mesh-to-sdf-examples,other,60
git clone https://github.com/akira-cn/glsl-doodle,other,60
git clone https://github.com/cgvirus/Olive-Editor-Community-Effects,none,60
git clone https://github.com/unitycoder/DoomStyleBillboardTest,none,60
git clone https://github.com/mattatz/unity-lbm-fluid-simulation,none,60
git clone https://github.com/SebLague/Create-a-Game-Project,none,60
git clone https://github.com/indiesoftby/defold-sharp-sprite,mit,59
git clone https://github.com/deus0ww/mpv-conf,none,59
git clone https://github.com/tado/ofxGLSLSandbox,none,59
git clone https://github.com/FradSer/30-days-of-shaders,mit,58
git clone https://github.com/shadow2560/switch_AIO_LS_pack,none,58
git clone https://github.com/yuna0x0/sbox-MToon,mit,58
git clone https://github.com/nicoptere/BUMP,mit,58
git clone https://github.com/michalzalobny/book-of-shaders-playground,none,57
git clone https://github.com/espen96/Loop,none,57
git clone https://github.com/RafalWilinski/Particle-Sea,none,57
git clone https://github.com/codeanticode/pshader-tutorials,none,57
git clone https://github.com/lanl/FEHM,other,57
git clone https://github.com/gizmo98/common-shaders,none,57
git clone https://github.com/leonjovanovic/water-shader-unity,mit,56
git clone https://github.com/StanislavPetrovV/The-Planet-Sine,none,56
git clone https://github.com/FrostKiwi/treasurechest,none,56
git clone https://github.com/csdjk/ThreeJS-Shader,none,55
git clone https://github.com/Bercon/VIRGO-1302,apache-2.0,55
git clone https://github.com/mattatz/unity-mask-bloom,mit,55
git clone https://github.com/Experience-Monks/glsl-hsl2rgb,mit,55
git clone https://github.com/inoook/EffectShader,none,55
git clone https://github.com/CloudyEMS/MetaBalls,none,54
git clone https://github.com/douysu/shader,none,53
git clone https://github.com/zch-90/VideoEnhance,none,53
git clone https://github.com/s0lly/RayTracingInTheFragmentShaderGLSL,none,53
git clone https://github.com/cansik/processing-bloom-filter,mit,53
git clone https://github.com/SCRN-VRC/SVM-Face-and-Object-Detection-Shader,mit,52
git clone https://github.com/toninhoPinto/GrassProject,none,52
git clone https://github.com/redFrik/the_art_of_shader_programming,none,52
git clone https://github.com/CaptainProton42/2DGrassShaderDemo,mit,51
git clone https://github.com/JosephFiola/SaturdayShaders,none,51
git clone https://github.com/pedrotrschneider/shader-fractals,mit,50
git clone https://github.com/JaccomoLorenz/godot-simple-wind-shader-2d,other,50
git clone https://github.com/pynappo/dotfiles,none,50
git clone https://github.com/hhirtz/mpv-retro-shaders,other,50
git clone https://github.com/LightArrowsEXE/dotfiles,mit,49
git clone https://github.com/sjvnnings/godot-ascii-shader,mit,49
git clone https://github.com/yeataro/TD-Anime4K,mit,49
git clone https://github.com/activetheory/Finding-Love-Shaders,none,49
git clone https://github.com/yiwenl/glsl-fbm,none,48
git clone https://github.com/nvpro-samples/vk_compute_mipmaps,other,48
git clone https://github.com/alfredbaudisch/GodotShaderCollection,none,48
git clone https://github.com/buildbotics/bbctrl-pcb,other,48
git clone https://github.com/nocko/tdcs,other,47
git clone https://github.com/jure/shaderworlds,other,47
git clone https://github.com/amitdiamant/magnify-3d,mit,47
git clone https://github.com/patriciogonzalezvivo/.glslScreenSaver,other,47
git clone https://github.com/BlooRabbit/Godot-shaders,none,47
git clone https://github.com/GuangpengFan/AdQSM,none,47
git clone https://github.com/kristofe/UnityGPUMarchingCubes,mit,47
git clone https://github.com/kode80/UnityEffects,none,47
git clone https://github.com/Broxxar/PaletteSwapping,unlicense,47
git clone https://github.com/kosua20/opengl-skydome,none,47
git clone https://github.com/qixils/minecraft-randomiser,mit,46
git clone https://github.com/jdgleaver/ppsspp_shaders,none,46
git clone https://github.com/bzdghf/godot-spider,mit,46
git clone https://github.com/kfarr/theta-s-quartz,none,46
git clone https://github.com/nama-gatsuo/DailySketch,none,46
git clone https://github.com/elizabwth/win-shader-wallpaper,mit,45
git clone https://github.com/Dogway/emulation-random,none,45
git clone https://github.com/Thryrallo/UdonPrefabs,mit,45
git clone https://github.com/GarrettGunnell/Minecraft-Shaders,none,45
git clone https://github.com/kb173/godot-volumetric-clouds,mit,45
git clone https://github.com/kingyoPiyo/Tang-Nano_Tetris,mit,45
git clone https://github.com/glslify/glsl-halftone,mit,45
git clone https://github.com/hecomi/UnityScreenSpaceReflection,none,45
git clone https://github.com/the-silv/Random-Shader-Bullshit,mit,44
git clone https://github.com/hecomi/UnityRaymarchingSample,none,44
git clone https://github.com/jose-villegas/LowPolyWater,mit,44
git clone https://github.com/TheCodeTherapy/MAME-PSGS,apache-2.0,43
git clone https://github.com/fms-cat/20180310-glsl-music,mit,43
git clone https://github.com/haosulab/cvpr-tutorial-2022,none,43
git clone https://github.com/lolgeny/item-tooltip-remover,none,43
git clone https://github.com/WoMspace/Epoch-Shader,mpl-2.0,43
git clone https://github.com/ShockMicro/CorePerspectiveModels,mit,43
git clone https://github.com/onnowhere/depth_shaders,cc0-1.0,43
git clone https://github.com/CODAME/Shaders-Workshop,none,43
git clone https://github.com/marialarsson/procedural_knots,mit,43
git clone https://github.com/raganmd/glsl2dTuts-in-TouchDesigner,mit,43
git clone https://github.com/CloudWolfYT/ShaderSelectorV2,cc0-1.0,42
git clone https://github.com/lampe-games/godot-sugar,mit,42
git clone https://github.com/tuilakhanh/mpv-config,none,42
git clone https://github.com/robobo1221/robobo1221Shaders,none,42
git clone https://github.com/SakalisC/Splash-3,none,42
git clone https://github.com/Scrawk/GPU-GEMS-Improved-Perlin-Noise,mit,42
git clone https://github.com/CookieCollective/Live-Coding-Sources,none,42
git clone https://github.com/LGhassen/basic_pathtracer,other,41
git clone https://github.com/nafonso/netrix,none,41
git clone https://github.com/ColinLeung-NiloCat/ShaderNotes,none,41
git clone https://github.com/tado/100fragments,none,41
git clone https://github.com/veloc1/3dsprite,mit,41
git clone https://github.com/CK3RealmsinExile/RealmsInExile,none,41
git clone https://github.com/williammalo/hsluv-glsl,wtfpl,41
git clone https://github.com/sk0x1234/swaydotfiles,none,41
git clone https://github.com/drewlustro/shader-school-answers,none,41
git clone https://github.com/DrDesten/DrDestens_McShader,none,40
git clone https://github.com/icosa-foundation/three-icosa,apache-2.0,40
git clone https://github.com/inoook/UnityMatCapShader,none,40
git clone https://github.com/jcowles/hg_sdf,none,40
git clone https://github.com/CaptainProton42/GodotWaterfallShader,mit,39
git clone https://github.com/ayamflow/glsl-2d-primitives,mit,39
git clone https://github.com/Unity-Technologies/SPIRV-Cross,apache-2.0,39
git clone https://github.com/patriciogonzalezvivo/lygia_threejs_examples,none,39
git clone https://github.com/aferriss/shaderExamples,none,39
git clone https://github.com/movAX13h/notebookdrawings-shader-unity,none,39
git clone https://github.com/msfeldstein/glsl-map,other,39
git clone https://github.com/HL7/bulk-data,other,38
git clone https://github.com/Lexpartizan/Lexpartizan_godot-bootle-shader,mit,38
git clone https://github.com/devendrn/newb-shader-mcbe,mit,38
git clone https://github.com/gamedevboi/PS1-shaders-for-godot,none,38
git clone https://github.com/leonardo-domingues/skin-shader-unity,mit,38
git clone https://github.com/reindernijhoff/shadertoy,none,38
git clone https://github.com/martinsh/godot-SSGI,mit,37
git clone https://github.com/cea-trust-platform/TrioCFD-code,none,37
git clone https://github.com/Pouchkinn-s-Gigastructures/Gigastructures,none,37
git clone https://github.com/InvictusGraphics/Invictus_Textures,other,37
git clone https://github.com/kingfolk/shared_matting_webgl,mit,37
git clone https://github.com/yasuhirohoshino/oF-thetaEquirectangular,mit,37
git clone https://github.com/w84death/the-islands-of-shaders,mit,36
git clone https://github.com/Master-J/godot_shaders,mit,36
git clone https://github.com/loopervfx/normals-gpu,mit,36
git clone https://github.com/nakedsnake888/GodotToonShader,mit,36
git clone https://github.com/paddy-exe/Godot-3D-Stylized-Water,mit,36
git clone https://github.com/nobuyukinyuu/Godot-EasyBlend,mit,36
git clone https://github.com/nobuyukinyuu/godot-omniscale,mit,36
git clone https://github.com/Raphael2048/GodotCanvasEffects,none,36
git clone https://github.com/fand/webgl-study,none,36
git clone https://github.com/fms-cat/type,none,36
git clone https://github.com/khalladay/SinewaveShapeDistortion,none,36
git clone https://github.com/Xerxes1138/Iridescence,none,36
git clone https://github.com/glslify/glsl-perturb-normal,other,36
git clone https://github.com/bambosan/Mirai-Shader,mit,35
git clone https://github.com/Francesco149/AnimuEyes,unlicense,35
git clone https://github.com/IRCSS/Stylized-Sword-Aura,mit,35
git clone https://github.com/selimanac/defold-pixel-planets,none,35
git clone https://github.com/bonenaut7/gdx-psx,mit,35
git clone https://github.com/xzpyth/mpv-config-with-upscalers,none,35
git clone https://github.com/HL7/fhir-shc-vaccination-ig,none,35
git clone https://github.com/tomoya5296/anisotropic_layered_material,mit,35
git clone https://github.com/iangilman/simple-minecraft-shaders,mit,35
git clone https://github.com/tado/TidalProjects,none,35
git clone https://github.com/gkjohnson/unity-custom-shadow-experiments,none,35
git clone https://github.com/pailhead/three-refactor-chunk-material,none,34
git clone https://github.com/BumbertFiddlesticks/Sword-Maker,none,34
git clone https://github.com/yumayanagisawa/Unity-Volumetric-Clouds,unlicense,34
git clone https://github.com/tavurth/godot-game-of-life,mit,34
git clone https://github.com/fractilegames/godot-gles2-debanding-material,mit,34
git clone https://github.com/pknowles/oit,none,34
git clone https://github.com/notargs/LGTM-Shaders,none,34
git clone https://github.com/Softwave/glsl-superformula,mit,34
git clone https://github.com/Lana-chan/maples-retro-extravaganza,other,33
git clone https://github.com/yeataro/TD-Raymarching-System,mit,33
git clone https://github.com/ice45571/video-transition,none,33
git clone https://github.com/bitsycore/godot-shader-to-image,mit,33
git clone https://github.com/StanislavPetrovV/Advanced_RayMarching,mit,33
git clone https://github.com/ganyunhan/DUAL-OV5640-for-GOWIN,mit,33
git clone https://github.com/muigaiunaka/Aversion,none,33
git clone https://github.com/mattatz/unity-lbm-ink-simulation,none,33
git clone https://github.com/AllYarnsAreBeautiful/ayab-hardware,cc-by-sa-4.0,33
git clone https://github.com/MegaGlest/megaglest-data,none,33
git clone https://github.com/yiwenl/glsl-bezier-curve,none,32
git clone https://github.com/KonradIT/oculus_jailbreak,none,32
git clone https://github.com/akella/PolygonTransitions,mit,32
git clone https://github.com/vn971/linux-color-inversion,none,32
git clone https://github.com/r21nomi/ShaderArtworks,none,32
git clone https://github.com/akof1314/uGUISpriteInAtlasShader,none,32
git clone https://github.com/Thorinair/LumaDriver,mit,31
git clone https://github.com/depressed-pho/natural-mystic-shaders,cc0-1.0,31
git clone https://github.com/MacTuitui/nannou-examples,none,31
git clone https://github.com/osor-io/osor_vulkan,other,31
git clone https://github.com/DCtheTall/glsl-canny-edge-detection,mit,31
git clone https://github.com/paulgswanson/Unity-HologramShield,mit,31
git clone https://github.com/BastiaanOlij/shader_tutorial,unlicense,31
git clone https://github.com/nicoptere/unity-xyz,mit,31
git clone https://github.com/kimsama/Unity-RadialBlur,none,31
git clone https://github.com/mattdesl/glsl-ascii-filter,mit,31
git clone https://github.com/mantissa/GeneratingImagesWithShaders,none,30
git clone https://github.com/SCRN-VRC/KungFu-Chat,mit,30
git clone https://github.com/BasHeemskerk/Granny-Decompiled,none,30
git clone https://github.com/LexdevTutorials/GearsHammerOfDawn,mit,30
git clone https://github.com/Bauxitedev/volumetric-raymarching,none,30
git clone https://github.com/britzl/template-lowres,none,30
git clone https://github.com/ashie404/MelonShaders,other,30
git clone https://github.com/conjLob/BlackHoleShader,mit,30
git clone https://github.com/unity3d-kr/Substance,none,30
git clone https://github.com/hughsk/language-glsl,none,30
git clone https://github.com/danilw/GLSL-howto,none,30
git clone https://github.com/yumayanagisawa/Unity-Raymarching-Android,unlicense,29
git clone https://github.com/mnmxmx/raymarching-study,none,29
git clone https://github.com/JRHard771/Universal-Enhanced-AI,mit,29
git clone https://github.com/JonasFolletete/glsl-triplanar-mapping,mit,29
git clone https://github.com/StanislavPetrovV/Procedural-3D-scene-Ray-Marching,mit,29
git clone https://github.com/danielscherzer/SHADER,apache-2.0,29
git clone https://github.com/ayamflow/glsl-barrel-pincushion,mit,29
git clone https://github.com/tdhooper/offline-shadertoy,none,29
git clone https://github.com/glslify/glsl-face-normal,other,29
git clone https://github.com/PixelsCommander/pixel-shaders-workshop,none,29
git clone https://github.com/julesb/glsl-util,none,29
git clone https://github.com/fatherlinux/petit,other,29
git clone https://github.com/Broxxar/NormalMapping,unlicense,29
git clone https://github.com/danielzeller/Robot-eye-shader-Unity-,mit,29
git clone https://github.com/ChaosGroup/vraymtl_glsl,mit,28
git clone https://github.com/XorDev/XorDevs-Default-Shaderpack,none,28
git clone https://github.com/sebastien-lempens/webgl-boxing-gym,none,28
git clone https://github.com/Calvinatorr/SubstanceShaderUE,none,28
git clone https://github.com/MatouSakura/TalkArtist,mit,28
git clone https://github.com/shpuld/sui-qc,mit,28
git clone https://github.com/w84death/mystic-treasure-hunt,mit,28
git clone https://github.com/XorDev/Ominous-Shaderpack,none,28
git clone https://github.com/j74/Jitter-GLSL-Shaders,none,28
git clone https://github.com/sibaku/glsl-autodiff,mit,28
git clone https://github.com/r3trodev/earthbound-backgrounds-shaders-godot,cc0-1.0,27
git clone https://github.com/nvpro-samples/vk_timeline_semaphore,other,27
git clone https://github.com/Arnklit/godot_desert,mit,27
git clone https://github.com/alex-ong/NESTrisSharpener,none,27
git clone https://github.com/grigM/ISF-shaders-collection,none,27
git clone https://github.com/kindohm/risc-chip,none,27
git clone https://github.com/brianasu/water-ripple,none,27
git clone https://github.com/LaidlawFX/LaidlawFX,mit,26
git clone https://github.com/aiekick/SdfMesher_Models,mit,26
git clone https://github.com/HUSTjmx/ShaderToy,none,26
git clone https://github.com/neulab/covid19-datashare,cc0-1.0,26
git clone https://github.com/kaneta1992/traveler,none,26
git clone https://github.com/gematik/api-vzd,other,26
git clone https://github.com/majorsopa/texture-packs,none,26
git clone https://github.com/DrDesten/Stracciatella,none,26
git clone https://github.com/topameng/ShaderLibs,mit,26
git clone https://github.com/rlofc/scene-viewer,apache-2.0,26
git clone https://github.com/BastiaanOlij/godot-grass-tutorial,mit,25
git clone https://github.com/tpnk-dev/gameboy-dot-matrix-filter-godot,mit,25
git clone https://github.com/danilw/card-game-GLSL,none,25
git clone https://github.com/Godlander/raytracing,mit,25
git clone https://github.com/georgehenryrowe/ShadersForProcessing3,none,25
git clone https://github.com/bradleyq/light_painter,mit,25
git clone https://github.com/HL7/dicom-sr,none,25
git clone https://github.com/dicgi/shading-lab,none,25
git clone https://github.com/microsoft/Imagine_fudge-roll,none,25
git clone https://github.com/AlbertoLuviano/SHADER-Interactive-Displacement,none,24
git clone https://github.com/amariami/MPV-config-2022,none,24
git clone https://github.com/i2bc/SURFMAP,other,24
git clone https://github.com/doctor-amaton/vita-cg-glsl-shaders,none,24
git clone https://github.com/DarienBrito/GraphicShaders,none,24
git clone https://github.com/Godlander/core-shader-template,mit,24
git clone https://github.com/yumataesu/VANADIUM,none,24
git clone https://github.com/nicosensei/miyoo-mini-better-sd-card,cc0-1.0,24
git clone https://github.com/creikey/tdm-godot-ocean,none,24
git clone https://github.com/Tusnad30/Ursina-Lighting,mit,24
git clone https://github.com/patriciogonzalezvivo/lygia_p5_examples,none,24
git clone https://github.com/verilog-indeed/nano4k_hdmi_tx,none,24
git clone https://github.com/creikey/foamy-ocean,mit,24
git clone https://github.com/samuelbigos/tutorial_projects,mit,24
git clone https://github.com/yiwenl/glsl-utils,none,24
git clone https://github.com/Rachmanin0xFF/GLSL-Color-Functions,mit,24
git clone https://github.com/Kovnir/UnityRayMarching,none,24
git clone https://github.com/yumayanagisawa/Unity-Thin-Film-Interference,mit,24
git clone https://github.com/NegInfinity/WeightedBlendedTransparency,other,24
git clone https://github.com/dghost/glslRiftDistort,none,24
git clone https://github.com/rajabala/Fractals,none,24
git clone https://github.com/Stereoarts/ShaderKits,none,24
git clone https://github.com/tangrams/blocks,mit,24
git clone https://github.com/veka0/Deferred-Lighting-Shader,mit,23
git clone https://github.com/onnowhere/VertexEdit,cc0-1.0,23
git clone https://github.com/kdrag0n/glcolortest,mit,23
git clone https://github.com/EwenCollin/MC-Shaders,mit,23
git clone https://github.com/NovaMods/Template-Optifine-Shaderpack,mit,23
git clone https://github.com/AaronWizard/CRTScreenShader,mit,23
git clone https://github.com/gowinsemi/USB2I2S,none,23
git clone https://github.com/IHE/fhir,cc-by-4.0,23
git clone https://github.com/Interop-Sante/hl7.fhir.fr.core,other,23
git clone https://github.com/cyhyraethz/d2-sp-mods,none,23
git clone https://github.com/BalintCsala/minecraft-vanilla-skybox,mit,23
git clone https://github.com/Flaxbeard/hoi4-scripted-graphs,mit,23
git clone https://github.com/WorldHealthOrganization/ddcc,other,23
git clone https://github.com/joshuaskelly/delver-community-mods,mit,23
git clone https://github.com/lcrs/matchboxes,none,23
git clone https://github.com/hamish-milne/POMUnity,mit,23
git clone https://github.com/HL7/fhircast-docs,other,23
git clone https://github.com/dmitryartuh/Slender,none,23
git clone https://github.com/danilw/flat-maze,mit,22
git clone https://github.com/Immorpher/Bandither,none,22
git clone https://github.com/psenough/livecode.demozoo.org,none,22
git clone https://github.com/hl7germany/basisprofil-de-r4,none,22
git clone https://github.com/gowinsemi/GoAI,none,22
git clone https://github.com/Z4OLLIEZ4/Space,none,22
git clone https://github.com/cipold/lwp-shaders,mit,22
git clone https://github.com/SCRN-VRC/Raymarching-with-ShadowCaster,mit,22
git clone https://github.com/voormann/dale-shader,mit,22
git clone https://github.com/darrenmothersele/nanogui-test,none,22
git clone https://github.com/liutao6982/DyncRTMPLiveClient-Android,mit,22
git clone https://github.com/haasn/fsrcnn-mpv,none,22
git clone https://github.com/worleydl/hdr-shaders,apache-2.0,22
git clone https://github.com/deater/deterministic,none,21
git clone https://github.com/IRONKAGE/Source-Code_ShaderX_GPU-Pro_GPU-Zen,mit,21
git clone https://github.com/vuplex/hololens-webview-example,other,21
git clone https://github.com/nekotogd/Godot_BotW_Explosion,cc0-1.0,21
git clone https://github.com/sp4ghet/raytracing_in_one_weekend,mit,21
git clone https://github.com/XorDev/Trippy-Shaderpack,none,21
git clone https://github.com/HalbFettKaese/common-shaders,none,21
git clone https://github.com/PlatinumTeam/PlatinumQuest,mit,21
git clone https://github.com/Dariasteam/godot_disolve_shader,mit,21
git clone https://github.com/Spierek/AMAZE-Live-Audio-Workshop,mit,21
git clone https://github.com/Experience-Monks/three-fluid-demo,mit,21
git clone https://github.com/RegrowthStudios/SoAGameData,mit,21
git clone https://github.com/ektgit/snap-shader-240p,mit,21
git clone https://github.com/lejeunerenard/raymarching-experiments,none,21
git clone https://github.com/jellysquid3/mc186075-fix,cc0-1.0,20
git clone https://github.com/Mr-Shin/Brutal-DOOM-Combined-Mods-Edition,none,20
git clone https://github.com/vavrines/FiniteMesh.jl,mit,20
git clone https://github.com/anseyuyin/shadertoyNativePlayer,mit,20
git clone https://github.com/diharaw/area-light-shadows,mit,20
git clone https://github.com/lucasgerrits/obs-shaders,none,20
git clone https://github.com/jaburns/js13k2020,mit,20
git clone https://github.com/HL7/genomics-reporting,other,20
git clone https://github.com/subsoap/defblend,cc0-1.0,20
git clone https://github.com/tetunori/MathOfRealTimeGraphics-samples,mit,20
git clone https://github.com/brianasu/2d-pixelshadows,none,20
git clone https://github.com/yasuhirohoshino/ofxPBRHelper,none,20
git clone https://github.com/Jimmar/Unity-Transition-Effect-Shader,mit,20
git clone https://github.com/yuichiroharai/glsl-y-rotate,mit,20
git clone https://github.com/rezaali/Transform,mit,20
git clone https://github.com/sarahstumbo/360Video_Unity,none,20
git clone https://github.com/languagerecipes/acl-rd-tec-2.0,none,20
git clone https://github.com/nannou-org/isf,other,19
git clone https://github.com/hrqmonteiro/openbox-dotfiles,none,19
git clone https://github.com/kingyoPiyo/TFT_Test_48x640,mit,19
git clone https://github.com/MineInAbyss/MineInAbyss-resourcepack,other,19
git clone https://github.com/FxMorin/VanillaMinecraftShaders,none,19
git clone https://github.com/grizeldi/HoloShader,other,19
git clone https://github.com/riebschlager/touchdesigner-daily,none,19
git clone https://github.com/midorikuma/VariablesViewer,mit,19
git clone https://github.com/pac-dev/notes,none,19
git clone https://github.com/AntonioFerreras/DyingLightShader,other,19
git clone https://github.com/ayamflow/glsl-layer,mit,19
git clone https://github.com/Demkeys/DemkeysUnityShaders,mit,19
git clone https://github.com/ScottoMotto/Fabulousity,cc0-1.0,19
git clone https://github.com/aadebdeb/PCD_Tokyo_2020_Workshop,none,19
git clone https://github.com/Angelo1211/2020-Weekly-Shader-Challenge,none,19
git clone https://github.com/solomonvimal/pyras,mit,19
git clone https://github.com/keijiro/OnePassSubsampling,none,19
git clone https://github.com/ArduPilot/binary,none,19
git clone https://github.com/xieguanglei/tiny-shadertoy,none,19
git clone https://github.com/ruofeidu/MyShadertoy,none,19
git clone https://github.com/diharaw/gpu-path-tracer,mit,18
git clone https://github.com/flamacore/UnityHDRPSpeedTreeMaterials,none,18
git clone https://github.com/blitzcode/crt-240p-scale-shader,none,18
git clone https://github.com/gam0022/resimulated,mit,18
git clone https://github.com/cosmo0/retropie-overlays-arcade-realistic,none,18
git clone https://github.com/patriciogonzalezvivo/lygia_of_examples,none,18
git clone https://github.com/Adeon18/BaseTeroid,none,18
git clone https://github.com/adamsol/FractalView,mit,18
git clone https://github.com/zarocksx/ShaderLib,none,18
git clone https://github.com/sipeed/TangNano-1K-examples,none,18
git clone https://github.com/jonathanhirz/godot-metaball,none,18
git clone https://github.com/RVillani/obs-shaderfilter-villani,none,18
git clone https://github.com/spleennooname/sparksl-noise,none,18
git clone https://github.com/NovaWostra/Pixel-Perfection-Chorus-Eddit,none,18
git clone https://github.com/yumayanagisawa/Unity-Raymarching-Glass,mit,18
git clone https://github.com/jinkman/OpenGLSamples,none,18
git clone https://github.com/spiralhalo/LumiPBRExt,none,18
git clone https://github.com/makidoll/fun-frag-shaders,none,18
git clone https://github.com/cabbibo/glsl-tri-noise-3d,none,18
git clone https://github.com/yumayanagisawa/Unity-Fractal-Study,mit,18
git clone https://github.com/HL7/fhir-ips,other,18
git clone https://github.com/actionk/cocos2dx-shaders,none,18
git clone https://github.com/gcorallo/shaderWorkshop,none,18
git clone https://github.com/castle-engine/demo-models,none,18
git clone https://github.com/Ferk/xdg_config,none,17
git clone https://github.com/Bentleyj/BeyondPhotography,mit,17
git clone https://github.com/LanzaSchneider/godot-3d_pixel_perfect_outline,mit,17
git clone https://github.com/paweljarosz/defragments,none,17
git clone https://github.com/hl7ch/ch-core,mit,17
git clone https://github.com/cgaueb/MFR,other,17
git clone https://github.com/ruvaldak/VanillaBean-shaders,mpl-2.0,17
git clone https://github.com/Krankomat/godot-gameboy-palette-swap,none,17
git clone https://github.com/Maylio/CameraFixation,mit,17
git clone https://github.com/logicahealth/covid-19,none,17
git clone https://github.com/bruce965/godot-gpu-cellular-automata,mit,17
git clone https://github.com/Orbbloff/Godot-Magnifier-Shader,mit,17
git clone https://github.com/ihmeuw/glsl-rgba-to-float,bsd-3-clause,17
git clone https://github.com/po5/mpv-config,none,17
git clone https://github.com/Janders1800/GLES2-Interactive-Grass,mit,17
git clone https://github.com/grabanton/OFXtoOfelia,none,17
git clone https://github.com/Nepetre/HybridRayTracing-Unity,mit,17
git clone https://github.com/Null-MC/Arc-Shader,mit,17
git clone https://github.com/iwilliams/hpsx-godot-starter,mit,17
git clone https://github.com/Corion/app-shadertoy,artistic-2.0,17
git clone https://github.com/vanish87/SnowDeformation,none,17
git clone https://github.com/HL7/sdc,none,17
git clone https://github.com/snorcack/Shaders,wtfpl,17
git clone https://github.com/Robert-K/ShaderEditor-examples,mit,16
git clone https://github.com/Dimev/atmospheric-scattering-explained,mit,16
git clone https://github.com/shadowlenz/Procedural.SkyBox,none,16
git clone https://github.com/LaikaStudios/bgeo_reader,apache-2.0,16
git clone https://github.com/0xspig/CrosshairShader,mit,16
git clone https://github.com/Egsagon/mars,none,16
git clone https://github.com/NovemberDev/godot_curvature_shader,mit,16
git clone https://github.com/lehcimcramtrebor/es-theme-RCBX,none,16
git clone https://github.com/uniskie/MSX_DOCUMENTS,none,16
git clone https://github.com/SCRN-VRC/Pix2Pix-in-a-Fragment-Shader,mit,16
git clone https://github.com/glslify/glsl-gamma,other,16
git clone https://github.com/mcgurk/RetrOrangePi_shaders,none,16
git clone https://github.com/keijiro/AstrellaPBR,none,16
git clone https://github.com/IGRSoft/IGRFilterCombine,mit,16
git clone https://github.com/theprotonfactor/BlacksmithAtmosphericScattering,none,16
git clone https://github.com/rygo6/MobileBlurryRefraction-Unity,mit,16
git clone https://github.com/darrenmothersele/raymarch,wtfpl,16
git clone https://github.com/ekx/PixelCamera,mit,16
git clone https://github.com/rubbyzhang/Unity_Image_Flash_Effect,none,16
git clone https://github.com/amsXYZ/three-expanded-shaders,mit,15
git clone https://github.com/HL7/cqf-recommendations,other,15
git clone https://github.com/HL7/emedicinal-product-info,none,15
git clone https://github.com/lcosmo/isospectralization,none,15
git clone https://github.com/kevLmurphy/citra-glsl-shaders,mit,15
git clone https://github.com/OpenLenia/CAGPU,mit,15
git clone https://github.com/VicentGJ/Water_Temple_Godot-Demo,mit,15
git clone https://github.com/ykob/study-threejs-lighting,none,15
git clone https://github.com/eexe-yiryuwan/jpeg_shaders,other,15
git clone https://github.com/jklintan/Shaders,mit,15
git clone https://github.com/WittyCognomen/godot-psx-shaders-demo,mit,15
git clone https://github.com/HL7/fhir-mCODE-ig,none,15
git clone https://github.com/adriabama06/Preconfigured-MPV,other,15
git clone https://github.com/danzeeeman/ofxVVISF,other,15
git clone https://github.com/HL7/fhir-sdoh-clinicalcare,none,15
git clone https://github.com/jami-fhir-jp-wg/jp-core-draft,none,15
git clone https://github.com/WorldOfZero/2D-Flat-Shape-Shader,mit,15
git clone https://github.com/TarasOsiris/unity3d-shaders-learning,none,15
git clone https://github.com/ykob/glsl-util,mit,15
git clone https://github.com/f-masche/webgl-image-processing-playground,mit,15
git clone https://github.com/zangqilong198812/PhotoshopFilterAlgorithmCollection,mit,15
git clone https://github.com/DENO1017/PSSSLutInUnity,mit,14
git clone https://github.com/voxibit/godot-autostereogram,mit,14
git clone https://github.com/maboytim/TRS-80_Model3-4_Keyboard-Display-Adapter,unlicense,14
git clone https://github.com/vindocel/Dark-Everywhere,cc0-1.0,14
git clone https://github.com/gicrisf/elegoo-cura-dots,none,14
git clone https://github.com/GameMakerDiscord/Xpanda,mit,14
git clone https://github.com/loicvdb/Simple-Fractal-Path-Tracer,none,14
git clone https://github.com/PoPoQQQ/Aurora,none,14
git clone https://github.com/HhotateA/GottaniToonUnityShader_byHotateNeko,none,14
git clone https://github.com/jorisvddonk/GZDoom_CRTShader,none,14
git clone https://github.com/yumayanagisawa/Unity-Raymarching-Fractals,bsd-2-clause,14
git clone https://github.com/Legacy-Edition-Minigames/Minigame-Resources,other,14
git clone https://github.com/Bonjour-Interactive-Lab/Processing-GPUImage,other,14
git clone https://github.com/nekotogd/Godot_Parallax_Ice_3D,cc0-1.0,14
git clone https://github.com/CaseyNelson314/Visualizer,mit,14
git clone https://github.com/AshenOneYe/Arcaea_NS_Unpack,none,14
git clone https://github.com/VergilUa/SpeedTreev6HDRP_ASE_Port,mit,14
git clone https://github.com/MomoDeve/PathTracer,mit,14
git clone https://github.com/Unity-Resource-Pack/Unity-Dark,none,14
git clone https://github.com/diharaw/runtime-ibl,mit,14
git clone https://github.com/kamil-kolaczynski/synthclipse-demos,other,14
git clone https://github.com/rejemy/UnityStandardShaderVertexColor,none,14
git clone https://github.com/rreusser/glsl-domain-coloring,mit,14
git clone https://github.com/edom18/PBR-Sample,none,14
git clone https://github.com/inferno-op/crok_matchbox,none,14
git clone https://github.com/mattdesl/glsl-crosshatch-filter,mit,14
git clone https://github.com/hgs3/retro_quake1,none,14
git clone https://github.com/mattdesl/glsl-cornell-box,none,14
git clone https://github.com/hacksalot/unity-chess-shader,other,14
git clone https://github.com/JuliaGL/GLWindow.jl,other,14
git clone https://github.com/GlitchEnzo/UnityGPUNoise,mit,14
git clone https://github.com/QianMo/Unity-Shader-From-Scratch,none,14
git clone https://github.com/Samsy/glsl-screenspace,none,14
git clone https://github.com/fand/VEDA-InfiniteRave,none,13
git clone https://github.com/Germanunkol/MarchingCubesComputeShader,none,13
git clone https://github.com/sodiboo/Jelly-Drift,none,13
git clone https://github.com/fewizz/lomo,cc0-1.0,13
git clone https://github.com/IVAO-XU/EG-Sector-File,none,13
git clone https://github.com/devbisme/tang_nano_user,none,13
git clone https://github.com/guestrr/FS-UAE-Shaders,none,13
git clone https://github.com/pyrareae/GodotPixelTrailShader,unlicense,13
git clone https://github.com/Radagasd/Supermassive-black-hole-shader-tutorial,mit,13
git clone https://github.com/jhonnyking/my-public-defold-examples,none,13
git clone https://github.com/XorDev/Bokeh,none,13
git clone https://github.com/yaRnMcDonuts/PBR-Terrain,bsd-3-clause,13
git clone https://github.com/lyubean/Godot-Sky-Clouds-shader-asset,mit,13
git clone https://github.com/hi631/tang-nano-4K,none,13
git clone https://github.com/WolvenKit/Cyberpunk-Substance-Resources,none,13
git clone https://github.com/riccardoscalco/glsl-pcg-prng,mit,13
git clone https://github.com/unicornbloods/BeyondBeliefVanillaReborn,other,13
git clone https://github.com/polyfloyd/cube-shaders,none,13
git clone https://github.com/Degra02/dotfiles,none,13
git clone https://github.com/trolog/GlowShader,none,13
git clone https://github.com/vcync/modV-Workshop,mit,13
git clone https://github.com/Kas-tle/IgnoreSecureChat,none,13
git clone https://github.com/ianbanks/arma_3_substance_shader,none,13
git clone https://github.com/jtrv/dotfiles,none,13
git clone https://github.com/QianMo/Unity-Shader-Practice,none,13
git clone https://github.com/fishkingsin/shadertoy,none,13
git clone https://github.com/markdflores/GMSHTutorials,none,13
git clone https://github.com/nothke/Unity-Raymarching,none,13
git clone https://github.com/Flafla2/Screen-Space-Grass,none,13
git clone https://github.com/mattdesl/glsl-earth,mit,13
git clone https://github.com/eleanor11/Cloth-Rendering,none,13
git clone https://github.com/PistonDevelopers/shaders,mit,13
git clone https://github.com/kai-neumann/unity-experiments,mit,13
git clone https://github.com/Strum355/Sushi-Shader,none,13
git clone https://github.com/glslify/glsl-token-function-shaker,other,13
git clone https://github.com/gokselgoktas/dda-ray-marching,mit,13
git clone https://github.com/missinglinks/godot_multi_color_fog,mit,12
git clone https://github.com/Mackel123/mpv-scripts-lazy,none,12
git clone https://github.com/hiepgaf/GLSL_libs,none,12
git clone https://github.com/danilw/Godot-particles-collision,none,12
git clone https://github.com/Dokucraft/Dokucraft-Light,none,12
git clone https://github.com/Rudranil-Sarkar/Ordered-Dithering-Shader-GLSL,none,12
git clone https://github.com/gri573/minimap-shader,none,12
git clone https://github.com/baku89/houdini-viewport-projection-shader,none,12
git clone https://github.com/spiegelball/td_linecloud,none,12
git clone https://github.com/Dimev/Godot-Low-Poly,none,12
git clone https://github.com/cdesp/Modular,none,12
git clone https://github.com/yumayanagisawa/Unity-Painting-Filter,none,12
git clone https://github.com/sjvnnings/Godot-Dithered-Lighting,none,12
git clone https://github.com/timi-liuliang/echo-examples,none,12
git clone https://github.com/kondelik/Godot-3.1-Dissolve-shader-with-OpenSimplexNoise,mit,12
git clone https://github.com/atomius0/Godot-3.1-FXAA-Shader,none,12
git clone https://github.com/edap/udk-shaders,none,12
git clone https://github.com/LiminalET/ZoomOSC-Shader,apache-2.0,12
git clone https://github.com/0b5vr/wavenerd-dubplates,other,12
git clone https://github.com/magicjellybeanfpga/MiniStar,none,12
git clone https://github.com/Eptwalabha/raymarching-godot,mit,12
git clone https://github.com/m4saka/OpenSiv3D-CMake-Template,none,12
git clone https://github.com/HL7/CDA-ccda,none,12
git clone https://github.com/1vanK/Urho3DOutlineSelectionExample,none,12
git clone https://github.com/Prince-Polka/chroma_key,mit,12
git clone https://github.com/irllabs/Unity-GLSL-starter,mit,12
git clone https://github.com/keijiro/CullingSwitch,none,12
git clone https://github.com/nicknikolov/glsl-sh,mit,12
git clone https://github.com/yangxuan0261/Unity-5.x-Shaders-and-Effects-Cookbook_Code,none,12
git clone https://github.com/glslify/glsl-ruler,other,12
git clone https://github.com/TWANG006/GAOM,mit,12
git clone https://github.com/juniorxsound/noise_grid,mit,12
git clone https://github.com/thuandt/dotfiles,none,12
git clone https://github.com/sea1and/SurvivalGame,none,12
git clone https://github.com/Apress/pro-unity-game-dev-w-csharp,other,12
git clone https://github.com/GreenfieldMC/Greenfield-Texturepack,none,12
git clone https://github.com/lewislepton/pixelspiritelements,none,12
git clone https://github.com/mike-neko/SpriteShaderSample,other,12
git clone https://github.com/dmnsgn/glsl-constants,mit,11
git clone https://github.com/LanzaSchneider/godot-xBRZ,none,11
git clone https://github.com/fand/veda-toplapjp02,none,11
git clone https://github.com/nezvers/Godot_shader_effects,none,11
git clone https://github.com/Vekhove/Minecraft-Text-Shaders,none,11
git clone https://github.com/GsKun/ShaderGraphCollection,none,11
git clone https://github.com/nking07049925/Processing-Sketches,none,11
git clone https://github.com/besidedigital/lookingglassTD,other,11
git clone https://github.com/HL7/fhir-saner,none,11
git clone https://github.com/arsalanyavari/.config,none,11
git clone https://github.com/marmitoTH/godot-fake-volumetric-light,mit,11
git clone https://github.com/nasa/ow_europa,other,11
git clone https://github.com/MRSEEO/GLSL-ES3-3.0--Godot-edition--RTX-test,none,11
git clone https://github.com/lyuma/SCSS-Godot,mit,11
git clone https://github.com/lm165678/MobilePBRLighting,apache-2.0,11
git clone https://github.com/nick-shaw/gamut_mapping,none,11
git clone https://github.com/CZDanol/glsl-perlin-voronoi,mit,11
git clone https://github.com/fbcosentino/GodotPulseGlow,mit,11
git clone https://github.com/positlabs/spark-sample-projects,none,11
git clone https://github.com/XorDev/Vaporwave-Shaderpack,none,11
git clone https://github.com/stduhpf/universalis,other,11
git clone https://github.com/Mateus-Carmo31/godot-shader-repo,mit,11
git clone https://github.com/Oncorporation/OBS-shaderfilters,none,11
git clone https://github.com/AlbertoLuviano/FLASH-EFFECTS-Fade-Objects,none,11
git clone https://github.com/guipper/Guipper,other,11
git clone https://github.com/IHE/ITI.MHD,cc-by-4.0,11
git clone https://github.com/baku89/BKISF,mit,11
git clone https://github.com/harayoki/SubstancePainterPluginAnimShaderControl,mit,11
git clone https://github.com/Mourtz/raytracer-0,none,11
git clone https://github.com/MajorCooke/AEoDDat,none,11
git clone https://github.com/vassvik/odin-gl_examples,none,11
git clone https://github.com/kamindustries/Spring-Mass-Sonification,mit,11
git clone https://github.com/mattdesl/glsl-checker,mit,11
git clone https://github.com/v-fox/live_opensuse_hsf,none,11
git clone https://github.com/UltraCombos/glsl_inc,none,11
git clone https://github.com/Unity-Technologies/ScriptableRenderLoopScenes,none,11
git clone https://github.com/Aeon-xyz/GlitcherSpectrum,none,11
git clone https://github.com/PyryM/aframe-pano-portal,mit,11
git clone https://github.com/wuxiongbin/UnityGUISoftMask,none,11
git clone https://github.com/paulhayes/ProceduralFXShaderUnity3d,mit,11
git clone https://github.com/shawnlawson/The_Force_Workshop,none,11
git clone https://github.com/yuichiroharai/glsl-y-repeat,none,11
git clone https://github.com/Software-Warehouse/VStart,none,11
git clone https://github.com/tri-truong/Unity-Shaders-And-Effects-Cookbook,none,11
git clone https://github.com/IGRSoft/IGRFastFilterView,mit,11
git clone https://github.com/JCash/stencilfade,none,11
git clone https://github.com/Duzopy/VRChat-Crasher,none,10
git clone https://github.com/loonaticx/Toontown2Assets,mit,10
git clone https://github.com/zhxie/mpv-config,none,10
git clone https://github.com/yeqwep/Toufu-3D-project,cc0-1.0,10
git clone https://github.com/arzeth/cdmpv,none,10
git clone https://github.com/mrange/glsl-snippets,cc0-1.0,10
git clone https://github.com/rohit21p/Chess-3.0-UE4,none,10
git clone https://github.com/DruidCZ/Godot-PSX-Starter-kit,mit,10
git clone https://github.com/Pathos0925/ShadertoyShadersForUnity,none,10
git clone https://github.com/rggtrn/Orbit,none,10
git clone https://github.com/kurtkaiser/RPG-Battle-Game-Video,unlicense,10
git clone https://github.com/OdnetninI/Splash-4,none,10
git clone https://github.com/setchi/Life,none,10
git clone https://github.com/rre36/SimplicissimusShader,other,10
git clone https://github.com/hannah922/jka_ctf_maps,none,10
git clone https://github.com/DOWNPOURDIGITAL/glsl-parallax-occlusion-mapping,none,10
git clone https://github.com/shashi278/KivyShaderTransitions,mit,10
git clone https://github.com/Septonious/Prismarine-Rewrite,other,10
git clone https://github.com/XorDev/Fire-Fun,none,10
git clone https://github.com/sentakuhm/.dotfiles,none,10
git clone https://github.com/kvark/shader-translation-benchmark,mit,10
git clone https://github.com/EXPWorlds/Godot-Iridescence-Shader,mit,10
git clone https://github.com/19PHOBOSS98/GODOT3.3.2-Ray-Tracing-Shader,mit,10
git clone https://github.com/max-van-leeuwen/EffectHouse-Subgraphs,mit,10
git clone https://github.com/StanislavPetrovV/FurMark,mit,10
git clone https://github.com/sp614x/SuperTester,none,10
git clone https://github.com/bWFuanVzYWth/RedstoneTools,none,10
git clone https://github.com/r58Playz/mglmod,mit,10
git clone https://github.com/gematik/spec-ISiK-Terminplanung,other,10
git clone https://github.com/XorDev/DOF-Shaderpack,none,10
git clone https://github.com/olawlor/AuroraRendererUnity,unlicense,10
git clone https://github.com/BugsieDude/cyberaugumented-senescent,none,10
git clone https://github.com/HMS-Core/hms-scene-DDGI-demo,apache-2.0,10
git clone https://github.com/ITWM-TVFS/Ensight4Matlab,mit,10
git clone https://github.com/michaelbromley/shader-playground,none,10
git clone https://github.com/maximbilan/The-Pursuit-Demo,mit,10
git clone https://github.com/DenizTC/GLSL-Lava-Shader,none,10
git clone https://github.com/gkjohnson/unity-bezier-curve-shader,none,10
git clone https://github.com/MikaelBergquist/zSquish,mit,10
git clone https://github.com/25A0/love2d-noise,none,10
git clone https://github.com/phoenixzz/FlipPage,none,10
git clone https://github.com/tsubaki/Unity-AnimatorAccessHelper,mit,10
git clone https://github.com/kamindustries/Melange,mit,10
git clone https://github.com/couleurs/glsl-sharpen,other,10
git clone https://github.com/EXP-Productions/Procedural-Palette-Unity,none,10
git clone https://github.com/egomeh/stencil-buffer-post-process,unlicense,10
git clone https://github.com/mrmop/UnityShaders,none,10
git clone https://github.com/williammalo/husl-glsl,wtfpl,10
git clone https://github.com/ttungl/HeteroArchGen4M2S,mit,10
git clone https://github.com/MaxBittker/glsl-fractal-brownian-noise,mit,10
git clone https://github.com/clover-moe/spearmint-patch-data,other,10
git clone https://github.com/deakcor/palette_shadow_material_shader,none,9
git clone https://github.com/coposuke/InteriorMapping,cc0-1.0,9
git clone https://github.com/fuqunaga/Grid3D,mit,9
git clone https://github.com/liuchia/fun-with-shaders,none,9
git clone https://github.com/takatronix/Man10ResourcePack,none,9
git clone https://github.com/ProcStack/procPromo_ShaderPack,mit,9
git clone https://github.com/ItsSeaJay/godotboy,mit,9
git clone https://github.com/HyperCol/Arlic,apache-2.0,9
git clone https://github.com/Fadis/gct_samples,mit,9
git clone https://github.com/Sayuris1/bezier-curve,none,9
git clone https://github.com/Olof-AV/OceanWaterSim,none,9
git clone https://github.com/gitEllE-if/ray_marcher,none,9
git clone https://github.com/PuckiSilver/mc-silica,mit,9
git clone https://github.com/garric/ShadingPerfInUnity,none,9
git clone https://github.com/Arkadiy1983/DiInSo,none,9
git clone https://github.com/homectl/workspace,bsd-3-clause,9
git clone https://github.com/sergeysinyavsky/dsfonts,mit,9
git clone https://github.com/ossia/score-user-library,cc-by-sa-4.0,9
git clone https://github.com/osafune/hdmi_tx,mit,9
git clone https://github.com/shapeforge/icesl-infillers,none,9
git clone https://github.com/kevinw/jai-shooter,none,9
git clone https://github.com/HL7/phenomics-exchange-ig,none,9
git clone https://github.com/cgg-bern/hex-me-if-you-can,other,9
git clone https://github.com/BalintCsala/HangingLanterns,none,9
git clone https://github.com/The-Machine-Lives/am2,none,9
git clone https://github.com/positlabs/spark-postprocessor-luts,none,9
git clone https://github.com/Thorinair/LumaDriver-for-ChilloutVR,mit,9
git clone https://github.com/TandyRum1024/fire_shader_gml,none,9
git clone https://github.com/takahiroharada/MiniGLSL,none,9
git clone https://github.com/s4y/constructor,none,9
git clone https://github.com/sandint2011/mc-shader-exploration,none,9
git clone https://github.com/Family-Guy-Online/Family-Guy-Online,unlicense,9
git clone https://github.com/chinmaygarde/wgsl_sandbox,none,9
git clone https://github.com/Zakru/godot-cool-laser-thing,other,9
git clone https://github.com/jdiemke/webgl-sphere-tracing,mit,9
git clone https://github.com/ryuchihoon/fragshader-lecture,mit,9
git clone https://github.com/vr-voyage/vrchat-map-maker,mit,9
git clone https://github.com/HL7/phd,other,9
git clone https://github.com/hra1129/wave_table_sound,mit,9
git clone https://github.com/PonasKovas/godot-outline,mit,9
git clone https://github.com/MonkeyFirst/urho3d-post-process-dof,mit,9
git clone https://github.com/petriw/UnityShaderProgramming,mit,9
git clone https://github.com/jesseyeh/LearnShaders,none,9
git clone https://github.com/yuichiroharai/glsl-y-tri,none,9
git clone https://github.com/YJBeetle/IngressModelExport,apache-2.0,9
git clone https://github.com/d08ble/acpul-demo,none,9
git clone https://github.com/bitshifter/sb6rust,mit,9
git clone https://github.com/AmbBAI/learn_unity,none,9
git clone https://github.com/abstractmachine/Unity-LiquidShader,mit,9
git clone https://github.com/LucasArmstrong/open-td,mit,9
git clone https://github.com/Mattline1/LeadwerksPBR,none,9
git clone https://github.com/t3kt/vjzual2,none,9
git clone https://github.com/duganchen/dosbox_shaders,none,9
git clone https://github.com/HelloKitty/PokemonGoDesktop.Unity.Game,none,9
git clone https://github.com/chiuan/ETCLite,none,9
git clone https://github.com/wudixiaop/CgInUnity3d,none,9
git clone https://github.com/rreusser/glsl-hypot,none,9
git clone https://github.com/leegoonz/CrossFadeDitherShader,none,9
git clone https://github.com/kit-ipe/WAVE-Client-Renderer,mit,9
git clone https://github.com/BalintCsala/Minificent,none,8
git clone https://github.com/Pakrohk-DotFiles/MPV,mit,8
git clone https://github.com/zduny/shadertoy-cheatsheet,none,8
git clone https://github.com/xzpyth/mpv-config-FSRCNNX,none,8
git clone https://github.com/intrahealth/gofr,apache-2.0,8
git clone https://github.com/blinry/shader-workshop,none,8
git clone https://github.com/Cyxo/ASCII-Art-Shader,none,8
git clone https://github.com/shifuc1199/WindowPet,none,8
git clone https://github.com/oscar-1/Godot-CRT-Shader,mit,8
git clone https://github.com/89Mods/ShaderPlayground,mit,8
git clone https://github.com/wozeparrot/solarsys,none,8
git clone https://github.com/garamond13/alt-scale,mit,8
git clone https://github.com/gematik/spec-ISiK-Basismodul,other,8
git clone https://github.com/pierrextardif/ofxShaderGlitch,mit,8
git clone https://github.com/Unity-Technologies/DebugWatch,none,8
git clone https://github.com/89Mods/VRC-CDP1802,mit,8
git clone https://github.com/Siv3D/GameTemplate,mit,8
git clone https://github.com/Eclmist/Aether,none,8
git clone https://github.com/VincentLagerros/BlurShader,none,8
git clone https://github.com/fkie/fkie_husky_manipulation_simulation,other,8
git clone https://github.com/greyshirtguy/ProPresenter6-Shaders,mit,8
git clone https://github.com/zhimin-z/GLSL-Ray-Marcher,none,8
git clone https://github.com/panthavma/2021-11-29-godot-rendering-pipelines,mit,8
git clone https://github.com/robertcorponoi/godot-night-vision-screen-shaders,other,8
git clone https://github.com/HL7/vrdr,none,8
git clone https://github.com/SpyrexDE/YoutubeButtonEffect,mit,8
git clone https://github.com/takeshi-okuya/old_UnityDeferredInking,mit,8
git clone https://github.com/gtsopus/dhoit,none,8
git clone https://github.com/Jessie-LC/Convolution-Bloom,other,8
git clone https://github.com/Society-for-Internet-Blaseball-Research/crisp,none,8
git clone https://github.com/SeisSol/Examples,bsd-3-clause,8
git clone https://github.com/nomi27951/Unity-Glitch-Shader-Experiment,none,8
git clone https://github.com/espen96/quixotic,none,8
git clone https://github.com/IINinja/Godot.3.3-Ported-Shaders,mit,8
git clone https://github.com/julesyoungberg/rusty-vision,none,8
git clone https://github.com/yumayanagisawa/Unity-Heightfield,unlicense,8
git clone https://github.com/fahimscirex/lazarus,none,8
git clone https://github.com/DigitallyTailored/godot-shader-fragment-grass,none,8
git clone https://github.com/takah29/fractal-path-tracer,none,8
git clone https://github.com/19PHOBOSS98/Godot-Planar-and-Box-Material-Cutoff-Shader,mit,8
git clone https://github.com/ankd-k/EverydayOneShader,none,8
git clone https://github.com/yaelatletl/godot_stochastic_shader,none,8
git clone https://github.com/juanpaexpedite/GodotShaders,mit,8
git clone https://github.com/espen96/woomy,none,8
git clone https://github.com/yumayanagisawa/Unity-Liguid-Shader,mit,8
git clone https://github.com/davidson16807/tectonics.glsl,cc-by-4.0,8
git clone https://github.com/Breush/lava-jai,none,8
git clone https://github.com/sjvnnings/godot-bubble-shader-tutorial,mit,8
git clone https://github.com/Dimev/atmosphere-shader,mit,8
git clone https://github.com/coolq1000/vx-simple,mit,8
git clone https://github.com/blkcatman/UnityShaders,mit,8
git clone https://github.com/akshat46/dotfiles,none,8
git clone https://github.com/marian42/starfield,none,8
git clone https://github.com/kevinmehall/webrender-experiments,mit,8
git clone https://github.com/ykob/glsl-force,none,8
git clone https://github.com/glslify/glsl-scale-linear,other,8
git clone https://github.com/rshest/raymarching,none,8
git clone https://github.com/yuichiroharai/glsl-y-hsv,none,8
git clone https://github.com/mortennobel/DepthBake,none,8
git clone https://github.com/kodai100/Unity_PositionBasedDynamics,none,8
git clone https://github.com/inbgche/ShaderMixingSample,none,8
git clone https://github.com/baku89/ATA,none,8
git clone https://github.com/romainavalle/generativeGL,none,8
git clone https://github.com/danthedaniel/shadron,mit,8
git clone https://github.com/javagl/gltfTutorialModels,none,8
git clone https://github.com/aybe/RetroArch-shaders,none,8
git clone https://github.com/brianasu/baked-shadow,none,8
git clone https://github.com/bonsai-rx/bonsai-examples,mit,8
git clone https://github.com/fand/glsl-livecoder-examples,none,8
git clone https://github.com/fand/algorave2017,none,8
git clone https://github.com/wessles/GLSL-CRT,none,8
git clone https://github.com/jcm2606/HalcyonShaders,none,8
git clone https://github.com/Diablo-D3/dotfiles,none,8
git clone https://github.com/RPGHacker/SMW-Workspace,mit,8
git clone https://github.com/nightshining/OF_Shader_Examples,none,8
git clone https://github.com/meta-42/HeatDistortion,none,8
git clone https://github.com/Yamagi/dotfiles,none,8
git clone https://github.com/Josh015/Alloy-Substance-Painter,mit,8
git clone https://github.com/dhbrookes/pb_solvers,none,8
git clone https://github.com/gree/gcm3.shader.sample,mit,8
git clone https://github.com/rurumi0318/Unity-DissolvingEffect,mit,8
git clone https://github.com/jjangsangy/Dotfiles,apache-2.0,8
git clone https://github.com/TengkuFathullah/Unity5.5-Shaders,none,8
git clone https://github.com/Hellenic/fractalysis,mit,8
git clone https://github.com/johnmoore4/FlowEDG,none,8
git clone https://github.com/CobaltXII/shaker,mit,7
git clone https://github.com/Niels-NTG/Generative-Design-GLSL,none,7
git clone https://github.com/minuJeong/TA_Network_Raymarch_Presentation,none,7
git clone https://github.com/Shadowriver/ALMultiVis,mit,7
git clone https://github.com/metanoia83/SwordSlash-Effect-Godot-3.2,none,7
git clone https://github.com/SrtaZuzza/Godot_Recolor_and_Print,cc0-1.0,7
git clone https://github.com/HL7Austria/HL7-AT-FHIR-Core-R4,none,7
git clone https://github.com/MrShaderspiel/PSXify-shader,other,7
git clone https://github.com/avvie/Atmospheric-Scattering-Shading,none,7
git clone https://github.com/3Dickulus/Fragmentarium_Examples_Folder,none,7
git clone https://github.com/IHE/supplement-template,cc-by-4.0,7
git clone https://github.com/Demindiro/godot-3d-outline,mit,7
git clone https://github.com/HorizonsEndMC/ResourcePack,other,7
git clone https://github.com/parcoder/hdrp_shader_indirect_instance,none,7
git clone https://github.com/snowsee/everdale-assets,mit,7
git clone https://github.com/NoComment1105/YoFPS-Chocapic13-edit,other,7
git clone https://github.com/nekotogd/Godot_Ice_Shader,cc0-1.0,7
git clone https://github.com/neph1/SsrFilter,bsd-3-clause,7
git clone https://github.com/Ichunjo/mpv-config,none,7
git clone https://github.com/jotson/godot-2d-outline-shader-demo,unlicense,7
git clone https://github.com/conan513/SPP-Emulators,none,7
git clone https://github.com/Ushio/MoodyRender,none,7
git clone https://github.com/icosa-foundation/three-tiltloader,apache-2.0,7
git clone https://github.com/HL7/fhir-for-fair,other,7
git clone https://github.com/Apeiros-46B/hlwm-dots,none,7
git clone https://github.com/gowinsemi/USB2Peripheral,none,7
git clone https://github.com/daumkuchen/study-glsl,none,7
git clone https://github.com/fand/veda-physarum,none,7
git clone https://github.com/zixin96/gltf-webgpu-viewer,apache-2.0,7
git clone https://github.com/jing-interactive/flow,none,7
git clone https://github.com/KTH-Nek5000/PipeMesh,none,7
git clone https://github.com/kittygirlyy/.dotfiles,none,7
git clone https://github.com/fedpol1/mc-resource-packs,none,7
git clone https://github.com/ossia/score-examples,none,7
git clone https://github.com/Albanianandproud/Metro-Gensis,none,7
git clone https://github.com/MaxBittker/utnca-paint,mit,7
git clone https://github.com/bradleyq/BSLextended,none,7
git clone https://github.com/Fanatrick/GMFlux,mit,7
git clone https://github.com/riccardobl/SimpleSSRShader,bsd-3-clause,7
git clone https://github.com/coderguy57/Shellular-Automata,mit,7
git clone https://github.com/gematik/spec-ISiK-Vitalparameter-und-Koerpermasze,other,7
git clone https://github.com/medizininformatik-initiative/kerndatensatz-meta,cc-by-4.0,7
git clone https://github.com/HL7/davinci-crd,none,7
git clone https://github.com/VulpixelMC/cursed-vanilla-plusplus,mit,7
git clone https://github.com/VulpixelMC/cursed-shaderpack,mit,7
git clone https://github.com/BalintCsala/3D-Celestials,mit,7
git clone https://github.com/HL7/davinci-epdx,none,7
git clone https://github.com/miccall/ShaderToy,none,7
git clone https://github.com/oatmealine/notitg-shaders,none,7
git clone https://github.com/MapStudioProject/Sample-Editor,mit,7
git clone https://github.com/jingtaoh/ShaderToy-Tutorial,none,7
git clone https://github.com/claireroche/Geometries,none,7
git clone https://github.com/lakeheck/TouchDesigner_Network,none,7
git clone https://github.com/rystylee/ofxVFX-old,none,7
git clone https://github.com/PaperMartin/GodotOceanPlugin,mit,7
git clone https://github.com/TobinCavanaugh/OpenKarlson,none,7
git clone https://github.com/ueshita/GPUParticles-WebGL,mit,7
git clone https://github.com/mrklein/gmsh-hex-meshes,none,7
git clone https://github.com/tiax615/Learn_TheBookOfShaders,none,7
git clone https://github.com/bbible3/UnityLavaLamps,none,7
git clone https://github.com/Varneon/VUdon-MusicPlayer,mit,7
git clone https://github.com/Anemolo/glsl-utils,none,7
git clone https://github.com/onnowhere/Color-Blindness-Simulation-Shaders,cc0-1.0,7
git clone https://github.com/ElementMo/GLSLEarth,mit,7
git clone https://github.com/NordicBeaver/rain-shader,none,7
git clone https://github.com/hl7ch/ch-orf,none,7
git clone https://github.com/HL7/davinci-dtr,apache-2.0,7
git clone https://github.com/East-Asia-Flavor-Pack/East-Asia-Flavor-Pack,none,7
git clone https://github.com/glslify/glsl-scale-log,other,7
git clone https://github.com/benji6/demosthenes,none,7
git clone https://github.com/EsProgram/UnityDeferredShading,none,7
git clone https://github.com/mrLSD/fpga,mit,7
git clone https://github.com/luiscript/madmapper-materials,none,7
git clone https://github.com/randomize/shaders,none,7
git clone https://github.com/yasuhirohoshino/oF-bvhStudy,none,7
git clone https://github.com/PushyPixels/Scape,none,7
git clone https://github.com/joric/pyshadertoy,none,7
git clone https://github.com/wallace-aph/cde,other,7
git clone https://github.com/ted10401/ShaderLabBeginner,none,7
git clone https://github.com/suhteevah/mpvhq-win64,none,7
git clone https://github.com/glslify/glsl-pi,other,7
git clone https://github.com/pinkeen/libretro-common-shaders-glsl,none,7
git clone https://github.com/kodai100/Unity_GPUVoronoi,none,7
git clone https://github.com/knotidm/TouchDesigner-Projects,none,7
git clone https://github.com/cyario/GrassShader,none,7
git clone https://github.com/leilei-/someshaders,none,7
git clone https://github.com/unitycoder/CubeMapRenderer,none,7
git clone https://github.com/1vanK/Urho3DMotionBlur,none,7
git clone https://github.com/ahdis/chmed,none,7
git clone https://github.com/thetaepsilon/mpv_shaders,cc0-1.0,6
git clone https://github.com/redcool/PowerMatCap,apache-2.0,6
git clone https://github.com/brodcoli/Godot-Snazzy-Particles,none,6
git clone https://github.com/Chikanz/PolyRobots,mit,6
git clone https://github.com/HL7/fhir-identity-matching-ig,other,6
git clone https://github.com/verilog-indeed/nano4k_spi_nor_flash,none,6
git clone https://github.com/HL7/fhir-pacio-adi,none,6
git clone https://github.com/mysteryDate/quarantine-shaders,none,6
git clone https://github.com/rre36/PhysicalSL,other,6
git clone https://github.com/CaptainProton42/EliteDangerousVfxGD,mit,6
git clone https://github.com/ClientPlayground/Lunar-Client,none,6
git clone https://github.com/google/randomized-graphics-shaders,apache-2.0,6
git clone https://github.com/abadonna/defold-pcss,none,6
git clone https://github.com/kenthinson/Armory3D_SpaceGame,other,6
git clone https://github.com/itascaconsulting/2021_ARMA_frac,none,6
git clone https://github.com/noliaki/aurora-webgl,none,6
git clone https://github.com/JujuAdams/blurs,mit,6
git clone https://github.com/mtijanic/nwnee-shader-tutorials,none,6
git clone https://github.com/RYRY1002/acid-interstate-v4,other,6
git clone https://github.com/imustend/cool-shaders,mit,6
git clone https://github.com/MoritzBrueckner/armory-caustics-volume,zlib,6
git clone https://github.com/wheremyfoodat/psx-shaders,mit,6
git clone https://github.com/fernbacher/mpv-config,none,6
git clone https://github.com/medizininformatik-initiative/kerndatensatzmodul-GenetischeTests,none,6
git clone https://github.com/BruceKnowsHow/OctrayRewrite,other,6
git clone https://github.com/Zylann/voxel_raytracing,none,6
git clone https://github.com/HL7/dental-data-exchange,none,6
git clone https://github.com/NIH-NCPI/ncpi-fhir-ig,cc0-1.0,6
git clone https://github.com/XorDev/Ortho-Shaderpack,none,6
git clone https://github.com/kylegrover/synesthesia-uniforms-display,none,6
git clone https://github.com/equinor/glsl-float-to-rgba,mit,6
git clone https://github.com/fcouceiro/9-patch-frag-shader-android,mit,6
git clone https://github.com/Azumist/godot-psx-dithering,mit,6
git clone https://github.com/KoltesDigital/shiba-raymarching,none,6
git clone https://github.com/Open-Health-Manager/standard-patient-health-record-ig,none,6
git clone https://github.com/GrhythmO/2D-water-effect-shader,cc0-1.0,6
git clone https://github.com/mharitsnf/Godot-Sumi-E-Shader,mit,6
git clone https://github.com/Swattzz/SD-PHY-Backscatter,mit,6
git clone https://github.com/jami-fhir-jp-wg/jp-core-v1x,none,6
git clone https://github.com/annoyatron255/compton-shaders,none,6
git clone https://github.com/ColdIce1605/Neon,mit,6
git clone https://github.com/samply/bbmri-fhir-ig,cc-by-sa-4.0,6
git clone https://github.com/morkev/rendering-projects,none,6
git clone https://github.com/midorikuma/RP_Shaders,mit,6
git clone https://github.com/isuzu-shiranui/Raymarching,none,6
git clone https://github.com/MaxBittker/glitter,mit,6
git clone https://github.com/defold/sample-shadertoy,none,6
git clone https://github.com/madame-rachelle/flipper,other,6
git clone https://github.com/HL7/davinci-pas,other,6
git clone https://github.com/cutesthypnotist/gamer-shrooms,mit,6
git clone https://github.com/rutherin/Sprout,other,6
git clone https://github.com/cedricpinson/raytracing-in-one-weekend,mit,6
git clone https://github.com/BIH-CEI/napkon-geccoplus,other,6
git clone https://github.com/ubavic/mobius-shader,bsd-3-clause,6
git clone https://github.com/yumayanagisawa/Analytical-Normals-3D,mit,6
git clone https://github.com/Xentro/Substance-Painter---Giants-Engine,mit,6
git clone https://github.com/HL7/FHIR-us-pq-cmc-fda,other,6
git clone https://github.com/Miziziziz/howlsmovingcastleps1,none,6
git clone https://github.com/symbiosinx/ParallaxMapping,unlicense,6
git clone https://github.com/ComputationalDomain/CMesh_rae69ck-il,none,6
git clone https://github.com/Gingeh/Optifine-Catppuccin,mit,6
git clone https://github.com/HalbFettKaese/VanillaMiniMap,none,6
git clone https://github.com/HL7/davinci-pdex-plan-net,none,6
git clone https://github.com/sourencho/rogue_rasterizer,none,6
git clone https://github.com/ultrahamlet/convSDF,none,6
git clone https://github.com/SC-One/ShaderOnQML,none,6
git clone https://github.com/ajtos/cnc-ddraw-extra-shaders,none,6
git clone https://github.com/Yichou/android-shader-demo-jni,none,6
git clone https://github.com/DrPleaseRespect/DrPleaseRespect-MPV-Config,none,6
git clone https://github.com/dbuckstein/teaching,none,6
git clone https://github.com/VeraVisions/nuclide-pbr,none,6
git clone https://github.com/ecmwf/magics-test,apache-2.0,6
git clone https://github.com/Bruffen/Grassgasm,none,6
git clone https://github.com/bonziraider/magnus-palette-swaper,mit,6
git clone https://github.com/wachtel1/Positioned-Shockwave-Godot-Shader,mit,6
git clone https://github.com/Gpinchon/Scop42,apache-2.0,6
git clone https://github.com/GarrettGunnell/World-Generator,none,6
git clone https://github.com/MineInAbyss/server-config,mit,6
git clone https://github.com/gnd/noodles,none,6
git clone https://github.com/yumayanagisawa/Unity-Quaternion-Julia-Glass,unlicense,6
git clone https://github.com/Autonomous-Agent-25/Turbine-blade-FSI,none,6
git clone https://github.com/trevorvanhoof/TEKVisuals,mit,6
git clone https://github.com/danigeos/sARndbox,none,6
git clone https://github.com/TwistedTwigleg/Twisted_Decal_Godot3,mit,6
git clone https://github.com/brickmaker/WebGL-Path2D,mit,6
git clone https://github.com/revanj/godot-toon-cel-pixelate-shader,mit,6
git clone https://github.com/gematik/spec-ISiK-Medikation,other,6
git clone https://github.com/Banuba/agora-plugin-filters-android,mit,6
git clone https://github.com/01010111/PostProcess-GLSL,none,6
git clone https://github.com/ManChicken1911/matchbox,none,6
git clone https://github.com/XJINE/Unity3D_SnowFallScene,bsd-3-clause,6
git clone https://github.com/speps/GX-AmbientOcclusionVolumes,none,6
git clone https://github.com/pixlwave/AVF-ISF-Syphon,none,6
git clone https://github.com/AlphaMistral/ShaderCollection,none,6
git clone https://github.com/XY01/KodelifeShaderExperiments,none,6
git clone https://github.com/vabrador/uFlugoop,none,6
git clone https://github.com/ivaoth/sector-file,none,6
git clone https://github.com/rystylee/GLSLPostEffects,none,6
git clone https://github.com/itp-vr/holo-pyramid-template,none,6
git clone https://github.com/OpenVirusTheGameTeam/Open-Virus-The-Game,none,6
git clone https://github.com/TasThief/CameraClippingShader,none,6
git clone https://github.com/TyLindberg/glsl-vignette,mit,6
git clone https://github.com/kritzikratzi/Gl3LineExamples,none,6
git clone https://github.com/SebLague/Miscellaneous,none,6
git clone https://github.com/info-beamer/package-31c3-background,other,6
git clone https://github.com/severen/dotfiles,none,6
git clone https://github.com/Photon-Fighter/Photon-Fighter,none,6
git clone https://github.com/spaghetticoder77/glslMyLearningPath,none,6
git clone https://github.com/vadixidav/glowygraph,unlicense,6
git clone https://github.com/tomaes/fragment-shaders,none,6
git clone https://github.com/cynical89/unity-transitions,none,6
git clone https://github.com/yasuhirohoshino/ofxTF,mit,6
git clone https://github.com/ykob/glsl-matrix,none,6
git clone https://github.com/ComPair/Geometry,none,6
git clone https://github.com/josemorval/RandomWalkOnSphere,none,6
