git clone https://github.com/nvim-treesitter/nvim-treesitter,apache-2.0,11340
git clone https://github.com/cisco/ChezScheme,apache-2.0,7035
git clone https://github.com/opencog/opencog,other,2357
git clone https://github.com/nvim-treesitter/nvim-treesitter-textobjects,apache-2.0,2267
git clone https://github.com/JeffBezanson/femtolisp,bsd-3-clause,1592
git clone https://github.com/addy-dclxvi/i3-starterpack,none,1534
git clone https://github.com/part-cw/lambdanative,other,1408
git clone https://github.com/gambit/gambit,none,1347
git clone https://github.com/google/schism,apache-2.0,1269
git clone https://github.com/ashinn/chibi-scheme,other,1253
git clone https://github.com/jiacai2050/sicp,none,1237
git clone https://github.com/mwand/eopl3,other,1185
git clone https://github.com/eholk/harlan,other,1182
git clone https://github.com/webyrd/Barliman,mit,1057
git clone https://github.com/namin/inc,mit,925
git clone https://github.com/huangzworks/SICP-answers,none,884
git clone https://github.com/justinethier/cyclone,mit,838
git clone https://github.com/shirok/Gauche,other,834
git clone https://github.com/neo4j-contrib/spatial,other,786
git clone https://github.com/Phantas0s/.dotfiles,none,677
git clone https://github.com/pkrumins/the-little-schemer,none,675
git clone https://github.com/cloudkj/layer,mit,559
git clone https://github.com/RRethy/nvim-treesitter-textsubjects,apache-2.0,532
git clone https://github.com/udem-dlteam/ribbit,bsd-3-clause,507
git clone https://github.com/nanopass/nanopass-framework-scheme,mit,495
git clone https://github.com/SmiteshP/nvim-gps,apache-2.0,479
git clone https://github.com/evilbinary/scheme-lib,mit,470
git clone https://github.com/the-little-prover/j-bob,bsd-2-clause,424
git clone https://github.com/picrin-scheme/picrin,mit,417
git clone https://github.com/bintracker/bintracker,mit,411
git clone https://github.com/scheme/scsh,other,399
git clone https://github.com/objecthub/swift-lispkit,apache-2.0,397
git clone https://github.com/theGuildHall/pwnbox,none,396
git clone https://github.com/IronScheme/IronScheme,other,385
git clone https://github.com/ivanjovanovic/sicp,none,381
git clone https://github.com/scality/metalk8s,apache-2.0,371
git clone https://github.com/chenyukang/eopl,none,365
git clone https://github.com/miniKanren/miniKanren,mit,354
git clone https://github.com/akeep/scheme-to-c,mit,354
git clone https://github.com/akeep/nanopass-framework,mit,321
git clone https://github.com/jasonhemann/microKanren,none,308
git clone https://github.com/hjcapple/reading-sicp,mit,297
git clone https://github.com/Calysto/calysto_scheme,bsd-3-clause,278
git clone https://github.com/ecraven/r7rs-benchmarks,none,277
git clone https://github.com/uim/uim,other,265
git clone https://github.com/qiao/sicp-solutions,none,245
git clone https://github.com/fluentpython/lispy,mit,242
git clone https://github.com/appleby/Lisp-In-Small-Pieces,none,239
git clone https://github.com/siraben/zkeme80,mit,233
git clone https://github.com/yuriy-chumak/ol,other,229
git clone https://github.com/microbit-foundation/microbit-reference-design,none,228
git clone https://github.com/samrushing/irken-compiler,bsd-2-clause,209
git clone https://github.com/larcenists/larceny,other,205
git clone https://github.com/meain/evil-textobj-tree-sitter,apache-2.0,203
git clone https://github.com/lokke-org/lokke,other,202
git clone https://github.com/marcomaggi/vicare,other,201
git clone https://github.com/pixlsus/registry.gimp.org_static,none,198
git clone https://github.com/readevalprintlove/black,none,197
git clone https://github.com/guenchi/Darkart,mit,195
git clone https://github.com/addy-dclxvi/debian-openbox-fluxbox-dotfiles,none,193
git clone https://github.com/yinwang0/yscheme,none,189
git clone https://github.com/gwatt/chez-exe,other,182
git clone https://github.com/ufo5260987423/scheme-langserver,other,180
git clone https://github.com/dustmop/co2,none,178
git clone https://github.com/totvs/tds-vscode,apache-2.0,175
git clone https://github.com/fgalassi/cs61a-sp11,none,170
git clone https://github.com/skanev/playground,none,169
git clone https://github.com/strint/sicpAns,none,168
git clone https://github.com/webyrd/miniKanren-with-symbolic-constraints,mit,161
git clone https://github.com/klutometis/aima,none,159
git clone https://github.com/michaelballantyne/faster-minikanren,mit,156
git clone https://github.com/schemedoc/bibliography,none,154
git clone https://github.com/becls/swish,mit,149
git clone https://github.com/manuel-serrano/hop,other,146
git clone https://github.com/opencog/learn,other,146
git clone https://github.com/justinmeiners/lisp-interpreter,none,146
git clone https://github.com/manuel-serrano/bigloo,other,145
git clone https://github.com/geosolutions-it/osm-styles,mit,144
git clone https://github.com/alaricsp/chicken-scheme,bsd-3-clause,134
git clone https://github.com/ijp/pfds,other,133
git clone https://github.com/webyrd/miniKanren,none,133
git clone https://github.com/TheReasonedSchemer2ndEd/CodeFromTheReasonedSchemer2ndEd,mit,133
git clone https://github.com/webyrd/quines,none,131
git clone https://github.com/sarabander/p2pu-sicp,none,127
git clone https://github.com/miniKanren/TheReasonedSchemer,none,126
git clone https://github.com/abrantesasf/sicp-abrantes-study-guide,mit,124
git clone https://github.com/guenchi/Raven,mit,119
git clone https://github.com/Alex-Linhares/FARGonautica,mit,114
git clone https://github.com/FemtoEmacs/Femto-Emacs,none,114
git clone https://github.com/eholk/elegant-weapons,other,113
git clone https://github.com/buntine/Simply-Scheme-Exercises,none,113
git clone https://github.com/FrancoisMalan/DivideScannedImages,none,113
git clone https://github.com/notanumber/django-vagrant,none,113
git clone https://github.com/loloolooo/photoshop-keymap-for-gimp,none,113
git clone https://github.com/weyrick/roadsend-php,none,108
git clone https://github.com/akeep/scheme-to-llvm,none,108
git clone https://github.com/jlongster/gambit-iphone-example,none,103
git clone https://github.com/soulomoon/SICP,none,103
git clone https://github.com/ist0ne/salt-states,none,102
git clone https://github.com/theurere/berkeley_cs61a_spring-2011_archive,none,102
git clone https://github.com/Mathieu-Desrochers/Schemings,mit,100
git clone https://github.com/pkrumins/the-seasoned-schemer,none,99
git clone https://github.com/arcfide/chez-srfi,other,98
git clone https://github.com/haskell-lisp/yale-haskell,other,98
git clone https://github.com/georgjz/functional-geometry-gambit-scheme,mit,96
git clone https://github.com/ashinn/irregex,none,95
git clone https://github.com/ar-nelson/schemepunk,other,93
git clone https://github.com/sgignoux/sicp-solutions.net,none,86
git clone https://github.com/jimweirich/sicp-study,none,84
git clone https://github.com/dybvig/stex,none,84
git clone https://github.com/DeathKing/Hit-DataStructure-On-Scheme,mit,82
git clone https://github.com/cky/guile,other,81
git clone https://github.com/felipap/sicp-code,mit,79
git clone https://github.com/samth/disassemble,mit,78
git clone https://github.com/keyz/p423-compiler,none,78
git clone https://github.com/mario-goulart/awful,other,76
git clone https://github.com/annblodgett/TeachYourselfCS,none,74
git clone https://github.com/mrnugget/scheme_x86,none,73
git clone https://github.com/Functional-AutoDiff/STALINGRAD,none,72
git clone https://github.com/bakul/s9fes,other,72
git clone https://github.com/alphagov/govuk-guix,mit,69
git clone https://github.com/alvatar/spheres,mit,69
git clone https://github.com/AlexCharlton/Hypergiant,bsd-2-clause,69
git clone https://github.com/brutasse/states,bsd-3-clause,68
git clone https://github.com/Pluies/SICP,none,68
git clone https://github.com/nobutaka/nanopass,other,68
git clone https://github.com/jaredly/unison.rs,none,68
git clone https://github.com/joeltg/mit-scheme-kernel,mit,68
git clone https://github.com/ympbyc/Carrot,none,67
git clone https://github.com/jmalonzo/pywebkitgtk,other,67
git clone https://github.com/mentat-collective/sicm-scheme-exercises,apache-2.0,67
git clone https://github.com/dharmatech/mpl,apache-2.0,64
git clone https://github.com/guenchi/Schemacs,mit,64
git clone https://github.com/purescm/purescm,apache-2.0,64
git clone https://github.com/ijp/guildhall,other,63
git clone https://github.com/webyrd/probKanren,mit,62
git clone https://github.com/kstephens/tinyclos,none,59
git clone https://github.com/Glow-Lang/glow,apache-2.0,58
git clone https://github.com/soldernerd/SolarChargerHardware,none,58
git clone https://github.com/fujita-y/ypsilon,bsd-2-clause,58
git clone https://github.com/jlund/salt-rack,mit,57
git clone https://github.com/carld/compiler-tutorial,none,57
git clone https://github.com/namin/pink,none,56
git clone https://github.com/jeffinshadow/plasma-dotfiles,none,56
git clone https://github.com/Conservatory/s7,none,56
git clone https://github.com/abarbu/android-kawa,none,54
git clone https://github.com/kwantam/lviv,none,53
git clone https://github.com/dyoo/moby-scheme,none,53
git clone https://github.com/mk12/sicp,other,53
git clone https://github.com/webyrd/untitled-relational-interpreter-book,none,52
git clone https://github.com/webyrd/miniKanren-uncourse,mit,52
git clone https://github.com/pkrumins/the-reasoned-schemer,none,51
git clone https://github.com/JustinCarmony/vagrant-salt-example,none,51
git clone https://github.com/ktakashi/sagittarius-scheme,other,51
git clone https://github.com/mnieper/scheme-macros,none,51
git clone https://github.com/nickg/swank-chicken,none,50
git clone https://github.com/schemeway/lalr-scm,none,50
git clone https://github.com/mighty-gerbils/gerbil-persist,apache-2.0,50
git clone https://github.com/kana/sicp,none,49
git clone https://github.com/pixlsus/GIMP-Scripts,none,49
git clone https://github.com/podiki/dot.me,none,49
git clone https://github.com/wingo/guix-nonfree,none,48
git clone https://github.com/masukomi/private_comments,none,48
git clone https://github.com/guenchi/json,mit,48
git clone https://github.com/psholtz/MIT-SICP,none,47
git clone https://github.com/EntropyWorks/salt-openstack,apache-2.0,47
git clone https://github.com/ktakashi/r6rs-pffi,none,47
git clone https://github.com/gdamore/tree-sitter-d,mit,46
git clone https://github.com/c3lang/editor-plugins,mit,46
git clone https://github.com/malteehrlen/tilemancer,mit,46
git clone https://github.com/charlesflynn/agiledata,mit,46
git clone https://github.com/per1234/batch-smart-resize,mit,46
git clone https://github.com/plattfot/pinentry-rofi,none,45
git clone https://github.com/Mixtape-Sessions/Heterogeneous-Effects,none,45
git clone https://github.com/maitria/gambit-objc,none,44
git clone https://github.com/kmcallister/qoppa,other,44
git clone https://github.com/mikea/scheme-llvm,none,44
git clone https://github.com/klutometis/clrs,none,44
git clone https://github.com/melvinzhang/bit-scheme,none,44
git clone https://github.com/dharmatech/box2d-lite,none,43
git clone https://github.com/lisp-korea/sicp,none,43
git clone https://github.com/rentalita/ubuntu-setup,mit,43
git clone https://github.com/mighty-gerbils/gerbil-utils,other,43
git clone https://github.com/webyrd/relational-parsing-with-derivatives,none,42
git clone https://github.com/miniKanren/simple-miniKanren,none,42
git clone https://github.com/erikdubois/LinuxMint18i3,none,42
git clone https://github.com/technomancy/skaro,none,42
git clone https://github.com/scheme/edwin48,none,41
git clone https://github.com/per-gron/blackhole,mit,41
git clone https://github.com/ryanwachtl/silverstripe-foundation-theme,mit,40
git clone https://github.com/jlongster/swank-gambit,none,40
git clone https://github.com/canadaduane/my-pop-os-conf,none,40
git clone https://github.com/k16shikano/xml2tex,none,39
git clone https://github.com/dharmatech/chez-gl,none,39
git clone https://github.com/samrocketman/home,none,39
git clone https://github.com/fare/asdf3-2013,none,39
git clone https://github.com/PyThaiNLP/tts-thai,apache-2.0,39
git clone https://github.com/guix-users/guix-nonfree,none,39
git clone https://github.com/bevuta/example,none,38
git clone https://github.com/sgrove/tehila,none,38
git clone https://github.com/vyzo/gerbil-simsub,mit,38
git clone https://github.com/harp-lab/slog-lang1,other,38
git clone https://github.com/ChrisVine/chez-a-sync,other,38
git clone https://github.com/shirok/Gauche-LoL,none,38
git clone https://github.com/bao-qian/lightsabers,none,38
git clone https://github.com/web-scheme/wsc,mit,38
git clone https://github.com/kahua/Kahua,bsd-3-clause,37
git clone https://github.com/tonyg/kali-scheme,other,37
git clone https://github.com/fedeinthemix/chez-scmutils,none,37
git clone https://github.com/ojarjur/multischeme,apache-2.0,37
git clone https://github.com/rakino/Rosenthal,none,37
git clone https://github.com/clausa/salt-logstash,none,36
git clone https://github.com/feeley/etos,none,36
git clone https://github.com/webyrd/TAPL-in-miniKanren-cKanren-core.logic,none,35
git clone https://github.com/nineties-retro/sps,bsd-3-clause,35
git clone https://github.com/Perry961002/SICP,mit,35
git clone https://github.com/namin/clpsmt-miniKanren,mit,35
git clone https://github.com/6cdh/tree-sitter-scheme,mit,35
git clone https://github.com/fisherdj/miniAdapton,mit,35
git clone https://github.com/exercism/scheme,mit,35
git clone https://github.com/shirok/Gauche-makiki,bsd-3-clause,34
git clone https://github.com/acieroid/scala-am,none,34
git clone https://github.com/webyrd/slpKanren,none,34
git clone https://github.com/chekolyn/cis-saltstack,apache-2.0,34
git clone https://github.com/alyssa-p-hacker/SchemeBBS,mit,34
git clone https://github.com/guenchi/Catapult,mit,34
git clone https://github.com/Z572/gwwm,other,34
git clone https://github.com/blast-hardcheese/blast-salt-states,none,33
git clone https://github.com/schani/jscreme,none,33
git clone https://github.com/okuoku/yuni,other,33
git clone https://github.com/webyrd/linear-logic-multiset-rewriting,mit,33
git clone https://github.com/webyrd/webmk,mit,33
git clone https://github.com/TaylanUB/scheme-srfis,other,33
git clone https://github.com/noelwelsh/assembler,none,32
git clone https://github.com/mentat-collective/fdg-book,other,32
git clone https://github.com/kerncai/saltstack,none,32
git clone https://github.com/mpacula/Scheme-Power-Tools,other,31
git clone https://github.com/6cdh/tree-sitter-racket,mit,31
git clone https://github.com/schemedoc/cookbook,none,31
git clone https://github.com/petelliott/raylib-guile,other,31
git clone https://github.com/namin/metamk,none,31
git clone https://github.com/steven741/chez-sdl,mit,31
git clone https://github.com/saltops/saltmine,other,31
git clone https://github.com/rotty/spells,other,30
git clone https://github.com/cyclone-scheme/winds,none,30
git clone https://github.com/jasonhemann/miniKanren,none,30
git clone https://github.com/bsaleil/lc,bsd-3-clause,30
git clone https://github.com/abdulapopoola/SICPBook,none,30
git clone https://github.com/pavenvivek/Compiler-for-Scheme,none,30
git clone https://github.com/lispunion/code-formatter,mit,30
git clone https://github.com/christoff-buerger/racr,mit,30
git clone https://github.com/uim/sigscheme,other,29
git clone https://github.com/benjamin-smith/sublime-text-silverstripe,none,29
git clone https://github.com/stuhlmueller/cosh,none,29
git clone https://github.com/kztao/yscheme,none,29
git clone https://github.com/zellio/incrementum,mit,29
git clone https://github.com/charles-l/dirt,mit,29
git clone https://github.com/guenchi/match,mit,29
git clone https://github.com/cynthia/art_of_fighting_neogeo_mvs,none,29
git clone https://github.com/ds26gte/pregexp,other,29
git clone https://github.com/guenchi/ChezJS,mit,29
git clone https://github.com/rubenbarroso/EOPL,none,28
git clone https://github.com/amoe/sisc,other,28
git clone https://github.com/barak/scheme9,other,28
git clone https://github.com/dharmatech/psilab,none,28
git clone https://github.com/dleslie/monad-egg,other,28
git clone https://github.com/egison/egison-scheme,mit,28
git clone https://github.com/melbsurfer/osm-geoserver-styles,none,28
git clone https://github.com/WFP-VAM/RAMResourcesScripts,apache-2.0,28
git clone https://github.com/ColbyZhuang/music2dance_DanceNet,none,28
git clone https://github.com/namin/leanTAP,none,28
git clone https://github.com/erasin/helix-config,none,28
git clone https://github.com/fujita-y/digamma,bsd-2-clause,28
git clone https://github.com/FlorentDotMe/archives,none,28
git clone https://github.com/webyrd/miniKanren-hangout-summaries,mit,28
git clone https://github.com/gregr/icfp2017-artifact-auas7pp,mit,28
git clone https://github.com/Booob/P523,none,28
git clone https://github.com/alvatar/sphere-core,zlib,27
git clone https://github.com/squaremo/lisp-in-small-pieces,none,27
git clone https://github.com/yinwang0/historical,none,27
git clone https://github.com/bobappleyard/pascal-lisp,other,27
git clone https://github.com/l3kn/lisp-compiler-llvm,mit,27
git clone https://github.com/ssardina/ergo,mit,27
git clone https://github.com/hinkelman/chez-docs,other,27
git clone https://github.com/dharmatech/surfage,other,26
git clone https://github.com/propella/tamacola,mit,26
git clone https://github.com/Mathieu-Desrochers/Scheme-Experimentations,mit,26
git clone https://github.com/GNOME/aisleriot,cc0-1.0,26
git clone https://github.com/yawaramin/ggspec,mit,26
git clone https://github.com/erikdubois/Ubuntu1610i3,none,26
git clone https://github.com/jhidding/r6rs-monads,apache-2.0,26
git clone https://github.com/maziac/z80-sample-program,mit,26
git clone https://github.com/guenchi/Core,mit,26
git clone https://github.com/robbielyman/latex.nvim,mit,26
git clone https://github.com/ogrisel/my-linux-devbox,none,26
git clone https://github.com/cj1128/sicp-review,none,26
git clone https://github.com/stamourv/s3,bsd-2-clause,25
git clone https://github.com/kbaird/SICP-exercises,none,25
git clone https://github.com/ocapn/syrup,apache-2.0,25
git clone https://github.com/webyrd/alphaKanren,mit,25
git clone https://github.com/actondev/s7-reaper,none,25
git clone https://github.com/shirok/WiLiKi,mit,25
git clone https://github.com/kristianlm/chicken-nrepl,none,25
git clone https://github.com/yurikodesu/termux-xfce,mit,25
git clone https://github.com/guenchi/Matplotlib,mit,25
git clone https://github.com/namin/lambdajam,none,25
git clone https://github.com/pettarin/setup-festival-mbrola,mit,25
git clone https://github.com/sharplispers/pseudoscheme,bsd-2-clause,24
git clone https://github.com/rob7hunter/leftparen,mit,24
git clone https://github.com/BenShoeman/gimp-photoshop-profile,none,24
git clone https://github.com/opencog/agi-bio,other,24
git clone https://github.com/mighty-gerbils/gerbil-poo,apache-2.0,24
git clone https://github.com/webyrd/normalization-by-evaluation,mit,24
git clone https://github.com/webyrd/anti-unification,mit,24
git clone https://github.com/rntz/minikanren-datalog,none,24
git clone https://github.com/metaphorm/international-scheme,apache-2.0,24
git clone https://github.com/miniKanren/sokuza-kanren,none,24
git clone https://github.com/osune/MidiJoystick,mit,24
git clone https://github.com/cj2tszk/swank-gauche,none,23
git clone https://github.com/frankydotid/Indonesian-Speech-Recognition,none,23
git clone https://github.com/romanbird/sicp,none,23
git clone https://github.com/pkrumins/the-little-prover,none,23
git clone https://github.com/pmeiyu/guix-config,none,23
git clone https://github.com/shirok/Gauche-lisp15,mit,23
git clone https://github.com/tommaisey/aeon,none,23
git clone https://github.com/motersen/pot,apache-2.0,23
git clone https://github.com/fmidev/opendata-resources,other,23
git clone https://github.com/ekg/guix-genomics,none,23
git clone https://github.com/m2orris/GIMP-scripts,mit,23
git clone https://github.com/terrestris/docker-geoserver,none,23
git clone https://github.com/aliclark/hasp,none,22
git clone https://github.com/imrehg/ypsilon,bsd-3-clause,22
git clone https://github.com/tshatrov/scriptfu,none,22
git clone https://github.com/Melchizedek6809/Nujel,mit,22
git clone https://github.com/michaelballantyne/meta-minikanren,none,22
git clone https://github.com/ktakashi/r7rs-postgresql,other,22
git clone https://github.com/nvim-treesitter/nvim-treesitter-angular,apache-2.0,22
git clone https://github.com/webyrd/cato,none,22
git clone https://github.com/gregr/ina,bsd-2-clause,22
git clone https://github.com/guenchi/Ballista,mit,22
git clone https://github.com/evilbinary/duck-os,mit,22
git clone https://github.com/TurtleKitty/Vaquero,mit,22
git clone https://github.com/namin/clpset-miniKanren,none,22
git clone https://github.com/hinkelman/chez-stats,other,22
git clone https://github.com/hinkelman/dataframe,other,22
git clone https://github.com/Deltares/GEOLib,mit,22
git clone https://github.com/part-cw/LNhealth,other,22
git clone https://github.com/webyrd/scheme-primer,mit,22
git clone https://github.com/adityaathalye/sicp,none,21
git clone https://github.com/bdj/dybvig-three-imp,none,21
git clone https://github.com/pjb3/sicp,none,21
git clone https://github.com/NalaGinrut/guile-lua-rebirth,none,21
git clone https://github.com/titola/neuropa,none,21
git clone https://github.com/DHSProgram/DHS-Indicators-SPSS,none,21
git clone https://github.com/evilbinary/duck-compiler,mit,21
git clone https://github.com/webyrd/relational-cesk,none,21
git clone https://github.com/nebogeo/weavingcodes,none,21
git clone https://github.com/erikdubois/LinuxMint181i3,none,21
git clone https://github.com/4rjunc/The-Hello-World-Project,none,21
git clone https://github.com/steven741/chez-gl,bsd-2-clause,21
git clone https://github.com/hopbit/sonic-pi-snippets,none,21
git clone https://github.com/bzliu94/cs61a_fa07,none,21
git clone https://github.com/silverstripe-archive/silverstripe-blackcandy,none,20
git clone https://github.com/stuhlmueller/jschurch,none,20
git clone https://github.com/jazzscheme/jedi,none,20
git clone https://github.com/aoh/led,mit,20
git clone https://github.com/amoe/boson,none,20
git clone https://github.com/sph-mn/sph-lib,other,20
git clone https://github.com/webyrd/hindley-milner-type-inferencer,mit,20
git clone https://github.com/laosb/SvelteNova,mit,20
git clone https://github.com/reflectionalist/S9fES,other,20
git clone https://github.com/TurtleKitty/Sexy,mit,20
git clone https://github.com/namin/reflection-schemes,none,20
git clone https://github.com/jitwit/aoc,none,20
git clone https://github.com/zhangmingemma/vue_leaflet_mysql_geoserver,none,20
git clone https://github.com/raadad/node-dev-vagrant-example,none,20
git clone https://github.com/afrigeri/geologic-symbols,none,19
git clone https://github.com/zhangxiaojie/magic,none,19
git clone https://github.com/justinethier/nugget,none,19
git clone https://github.com/michiakig/sicp,none,19
git clone https://github.com/kristianlm/chicken-gochan,none,19
git clone https://github.com/guenchi/NumPy,mit,19
git clone https://github.com/rain-1/chez-match,bsd-3-clause,19
git clone https://github.com/swaywm/chicken-wlroots,mit,19
git clone https://github.com/geotekne-argentina/osm-geoserver-postgis,apache-2.0,19
git clone https://github.com/ronxin/stolzen,none,19
git clone https://github.com/guenchi/SWL,other,19
git clone https://github.com/MarkCupitt/SLD-s,none,19
git clone https://github.com/KenDickey/Crosstalk,bsd-2-clause,19
git clone https://github.com/pcatach/sicm-solutions,none,19
git clone https://github.com/bootnecklad/Titan-Specifications,none,18
git clone https://github.com/msullivan/LazyK,none,18
git clone https://github.com/ekmett/scheme-monads,other,18
git clone https://github.com/oc/roninku,none,18
git clone https://github.com/per-gron/sack,none,18
git clone https://github.com/drewc/ftw,none,18
git clone https://github.com/viswanathgs/The-Little-Schemer,none,18
git clone https://github.com/per-gron/termite,other,18
git clone https://github.com/kototama/picobit,none,18
git clone https://github.com/sthilaid/space-invaders,none,18
git clone https://github.com/dharmatech/agave,none,18
git clone https://github.com/mighty-gerbils/gerbil-ethereum,apache-2.0,18
git clone https://github.com/schemeorg-community/index.scheme.org,other,18
git clone https://github.com/Halbmond/Structure-and-Interpretation-of-Computer-Programs,none,18
git clone https://github.com/polychromatist/tree-sitter-luau,mit,18
git clone https://github.com/KarlHegbloom/zotero-texmacs-integration,other,18
git clone https://github.com/ipython/salt-states-nbviewer,bsd-3-clause,18
git clone https://github.com/ktakashi/scheme-env,bsd-2-clause,18
git clone https://github.com/gurugio/sicp_exercise,none,18
git clone https://github.com/finos/exodus,apache-2.0,18
git clone https://github.com/mikesperber/pgg,other,17
git clone https://github.com/mattmcclean/salt-openstack,none,17
git clone https://github.com/syhw/BroodwarBotQ,other,17
git clone https://github.com/irori/advent-unlambda,none,17
git clone https://github.com/billsix/bug,apache-2.0,17
git clone https://github.com/jpvoigt/lalily,none,17
git clone https://github.com/openlilylib/oll-core,none,17
git clone https://github.com/aliceml/aliceml-alice,other,17
git clone https://github.com/AlexCharlton/glls,bsd-2-clause,17
git clone https://github.com/scheme-live/live,mit,17
git clone https://github.com/amirouche/united.scheme.rs,mit,17
git clone https://github.com/ul/ad-libitum,none,17
git clone https://github.com/webyrd/curnelo,mit,17
git clone https://github.com/jdan/scheme-to-js,none,17
git clone https://github.com/jhidding/lyonesse,none,17
git clone https://github.com/offby1/anagrams,none,16
git clone https://github.com/propella/abcsx,none,16
git clone https://github.com/cspeterson/dotfiles,mit,16
git clone https://github.com/rickbutton/loki,mit,16
git clone https://github.com/gambit/python,none,16
git clone https://github.com/opencog/pln,other,16
git clone https://github.com/jhidding/chez-glfw,none,16
git clone https://github.com/PacktPublishing/Data-Analysis-with-IBM-SPSS-Statistics,mit,16
git clone https://github.com/guix-science/guix-science-nonfree,none,16
git clone https://github.com/webyrd/polyconf-2015,mit,16
git clone https://github.com/dleslie/allegro-egg,other,15
git clone https://github.com/imownbey/twitter_sicp,none,15
git clone https://github.com/hayato-hashimoto/jit-scheme,none,15
git clone https://github.com/higepon/spon,none,15
git clone https://github.com/okuoku/nausicaa,none,15
git clone https://github.com/yangchenyun/learning-sicp,none,15
git clone https://github.com/jlongster/genetic-canvas,none,15
git clone https://github.com/grassdog/The-Little-Schemer,none,15
git clone https://github.com/becls/swish-lint,mit,15
git clone https://github.com/geoblacklight/geoblacklight-docker,none,15
git clone https://github.com/nukata/little-scheme,mit,15
git clone https://github.com/rmloveland/geiser-scsh,none,15
git clone https://github.com/nyuichi/r7expander,mit,15
git clone https://github.com/tenderlove/chicken-yaml,none,15
git clone https://github.com/lvd2/A600_8mb_2008,none,15
git clone https://github.com/nathanielrb/ftmicroKanren,none,15
git clone https://github.com/webyrd/2012-scheme-workshop-quines-paper-code,none,15
git clone https://github.com/bhk/scam,bsd-2-clause,15
git clone https://github.com/kevinwortman/Scheme-immutable-data-structures,bsd-2-clause,15
git clone https://github.com/rootmos/silly-k,none,15
git clone https://github.com/ohjay/turtledraw,none,15
git clone https://github.com/8c6794b6/guile-tjit,other,15
git clone https://github.com/ConsoleCatzirl/hpcs-salt-state,apache-2.0,15
git clone https://github.com/namin/blond,none,15
git clone https://github.com/diyaudioby/psl-3604,none,15
git clone https://github.com/VincentToups/DevilsPong,none,15
git clone https://github.com/jeromyanglim/spss-research-methods-tutorials,none,15
git clone https://github.com/dharmatech/clos,none,14
git clone https://github.com/tiancaiamao/yasfs,none,14
git clone https://github.com/pablomarx/Thomas,none,14
git clone https://github.com/cdelahousse/Structure-and-Interpretation-of-Computer-Programs--SICP--Solutions,none,14
git clone https://github.com/per-gron/spork,mit,14
git clone https://github.com/erikdubois/Ultimate-Linux-Mint-17.3,none,14
git clone https://github.com/k-tsushima/Shin-Barliman,mit,14
git clone https://github.com/vyzo/gerbil-libp2p,mit,14
git clone https://github.com/geosolutions-it/openmaptiles,none,14
git clone https://github.com/webyrd/declarative-semantics,mit,14
git clone https://github.com/bolducp/SICP,none,14
git clone https://github.com/spk121/guile100,none,14
git clone https://github.com/spk121/potato-make,mit,14
git clone https://github.com/chris-moreton/vagrant-salt-jenkins,none,14
git clone https://github.com/IGNF/geoportail-urbanisme-dev,none,14
git clone https://github.com/KikyTokamuro/guile-webview,mit,14
git clone https://github.com/webyrd/cool-relational-interpreter-examples,mit,14
git clone https://github.com/CharonM72/SatelliteMapMaker,none,14
git clone https://github.com/darius/consp,none,13
git clone https://github.com/hz7k-nzw/sicp-in-smlnj,none,13
git clone https://github.com/ckeen/pastiche,none,13
git clone https://github.com/viswanathgs/The-Seasoned-Schemer,none,13
git clone https://github.com/toddaaro/advanced-dan,none,13
git clone https://github.com/jlongster/autoffi,none,13
git clone https://github.com/suharahiromichi/doc,none,13
git clone https://github.com/gousiosg/teapots,none,13
git clone https://github.com/mcandre/cluckcheck,none,13
git clone https://github.com/jagg-ix/sicp_es,none,13
git clone https://github.com/mario-goulart/salmonella,none,13
git clone https://github.com/ktakashi/r6rs-msgpack,none,13
git clone https://github.com/apwheele/ResearchDesign,none,13
git clone https://github.com/VincentToups/raylib-chibi,other,13
git clone https://github.com/cschat-tw/StudyGroup-TAPL,none,13
git clone https://github.com/namin/rop,mit,13
git clone https://github.com/pflanze/chj-schemelib,other,13
git clone https://github.com/softwarelanguageslab/maf,other,13
git clone https://github.com/Oyami-Srk/RISCV-GDB-Paging,none,13
git clone https://github.com/qbart/isometric-pixel-art,mit,13
git clone https://github.com/cgswords/rkanren,none,13
git clone https://github.com/fare/climbing,none,13
git clone https://github.com/avik-das/garlic,bsd-3-clause,13
git clone https://github.com/ChaosEternal/guile-scsh,other,13
git clone https://github.com/jar398/w7,other,13
git clone https://github.com/openlilylib/edition-engraver,none,13
git clone https://github.com/fare/asdf2017,none,13
git clone https://github.com/wasamasa/libui,mit,13
git clone https://github.com/ibhagwan/ts-vimdoc.nvim,mit,13
git clone https://github.com/ben-lerner/sicp-optimizer,none,13
git clone https://github.com/namin/mk-on-smt,mit,13
git clone https://github.com/jasonhemann/lambdajam2013,none,13
git clone https://github.com/georgjz/raylib-gambit-scheme,mit,13
git clone https://github.com/Adellica/chicken-nanomsg,none,13
git clone https://github.com/benmanu/silverstripe-simple-styleguide,bsd-3-clause,13
git clone https://github.com/perttikellomaki/psd,mit,13
git clone https://github.com/Magellium/magOSM,mpl-2.0,13
git clone https://github.com/guenchi/Quantum,mit,13
git clone https://github.com/ursetto/cenv,mit,13
git clone https://github.com/kitnil/dotfiles,none,13
git clone https://github.com/ecraven/mit-scheme-swank,none,12
git clone https://github.com/okuoku/r7rs-bridge,none,12
git clone https://github.com/sunnysideup/silverstripe-typography,other,12
git clone https://github.com/rrnewton/WaveScript,other,12
git clone https://github.com/dharmatech/abstracting,other,12
git clone https://github.com/GeoNode/geoserver-geonode-ext,none,12
git clone https://github.com/stuhlmueller/scheme-transforms,none,12
git clone https://github.com/ih/ikarus.dev,other,12
git clone https://github.com/michaelballantyne/miniKanren-occurrence-type-inferencer,none,12
git clone https://github.com/uents/sicp,none,12
git clone https://github.com/filonov-a/godot-gimp,mit,12
git clone https://github.com/wesnoth/resources,none,12
git clone https://github.com/mbillingr/lisp-in-small-pieces,none,12
git clone https://github.com/jsoo1/guix-channel,none,12
git clone https://github.com/namin/lambda-cube,none,12
git clone https://github.com/schemeway/idyl,none,12
git clone https://github.com/schemedoc/implementation-metadata,mit,12
git clone https://github.com/sethalves/snow2-client,bsd-3-clause,12
git clone https://github.com/donaldsonjw/bigloo,other,12
git clone https://github.com/ashinn/alschemist,none,12
git clone https://github.com/utz82/pstk,bsd-2-clause,12
git clone https://github.com/pre-srfi/static-scheme,none,12
git clone https://github.com/lpiepiora/vagrant-jboss-as,apache-2.0,12
git clone https://github.com/nkoguro/graviton,none,12
git clone https://github.com/webyrd/latticeKanren,none,12
git clone https://github.com/QGIS-UK/Styles,none,12
git clone https://github.com/bit-ranger/scheme-bootstrap,mit,12
git clone https://github.com/SqrtMinusOne/channel-q,none,12
git clone https://github.com/schemedoc/ffi-cookbook,mit,12
git clone https://github.com/stereobooster/wisp,none,12
git clone https://github.com/ijp/minikanren,mit,11
git clone https://github.com/bitwize/glasstable,zlib,11
git clone https://github.com/th0ma5w/ProKawa,none,11
git clone https://github.com/scheme/rx,other,11
git clone https://github.com/spencertipping/delimited-continuations-in-scheme,none,11
git clone https://github.com/hz7k-nzw/rabbit,none,11
git clone https://github.com/jlongster/schemeray,none,11
git clone https://github.com/jeffh/Seafood,none,11
git clone https://github.com/mhayashi1120/Gauche-net-twitter,bsd-3-clause,11
git clone https://github.com/laurmcarter/scheme-monads,none,11
git clone https://github.com/cndreisbach/lemur-scheme,other,11
git clone https://github.com/swannodette/sicp,none,11
git clone https://github.com/karttu/bream,none,11
git clone https://github.com/stassats/lisp-config,none,11
git clone https://github.com/rob7hunter/lawnelephant,none,11
git clone https://github.com/dharmatech/dharmalab,none,11
git clone https://github.com/bizenn/Gauche-redis,none,11
git clone https://github.com/mflatt/profj,none,11
git clone https://github.com/orchid-hybrid/microKanren-sagittarius,mit,11
git clone https://github.com/webyrd/relational-interpreter-with-match,mit,11
git clone https://github.com/tca/PANL,none,11
git clone https://github.com/nhhagen/vagrant-elasticsearch-box,mit,11
git clone https://github.com/Nockiro/gnucash-scm,none,11
git clone https://github.com/fmi/fp2014,none,11
git clone https://github.com/namin/relational-virology,none,11
git clone https://github.com/barak/mit-scheme,none,11
git clone https://github.com/ntd/silverstrap,bsd-2-clause,11
git clone https://github.com/lloda/guile-raw-strings,unlicense,11
git clone https://github.com/webyrd/set-constraints,mit,11
git clone https://github.com/seepel/fleascheme-repl.it,mit,11
git clone https://github.com/JBEI/clusterCAD,other,11
git clone https://github.com/MunifTanjim/nvim-treesitter-lua,mit,11
git clone https://github.com/guenchi/Liber,mit,11
git clone https://github.com/PikachuHy/texmacs-converter-tm2md,none,11
git clone https://github.com/chaw/r7rs-libs,other,11
git clone https://github.com/jlollis/sicp-solutions,none,11
git clone https://github.com/JustinCarmony/salt-tutorial,mit,11
git clone https://github.com/webyrd/summer-scheming,mit,11
git clone https://github.com/hgzhehe/iub_2009_P523_framework,none,11
git clone https://github.com/shirok/Chaton,bsd-3-clause,11
git clone https://github.com/caolan/chicken-toml,none,11
git clone https://github.com/metaphorm/adios,apache-2.0,11
git clone https://github.com/lambdamusic/The-Musical-Code,apache-2.0,11
git clone https://github.com/rniczh/rcis,other,11
git clone https://github.com/hristozov/fpkn1415,none,11
git clone https://github.com/substratic/engine-for-gambit,other,11
git clone https://github.com/JackieMaHatesDogEyes/DreamOS,none,11
git clone https://github.com/thzt/scheme-koans,none,11
git clone https://github.com/rafleon/KawaDroid,none,11
git clone https://github.com/ar-nelson/srfi-197,mit,11
git clone https://github.com/OrdnanceSurvey/Strategi-stylesheets,none,11
git clone https://github.com/ThatGeoGuy/chicken-miniKanren,other,11
git clone https://github.com/mixedbredie/Geoserver-OS-SLDs,none,11
git clone https://github.com/spurious/chibi-scheme-mirror,other,10
git clone https://github.com/cthom06/guile-json,other,10
git clone https://github.com/ijp/fectors,other,10
git clone https://github.com/shirok/Gauche-tk,none,10
git clone https://github.com/kevingranade/kevingranade-salt-state,none,10
git clone https://github.com/arcfide/goscher,isc,10
git clone https://github.com/ramalho/lc-with-redex,none,10
git clone https://github.com/OhioUniversityScripps/scripps_college_scripts,none,10
git clone https://github.com/sarg/dotfiles,none,10
git clone https://github.com/untyped/snooze,apache-2.0,10
git clone https://github.com/metacall/distributable-linux,apache-2.0,10
git clone https://github.com/UtahDave/dock_apache,apache-2.0,10
git clone https://github.com/eddiejaoude/jenkins-vagrant-saltstack,mit,10
git clone https://github.com/opencog/test-datasets,none,10
git clone https://github.com/mnieper/unsyntax,mit,10
git clone https://github.com/burnbright/silverstripe-bootstrap,none,10
git clone https://github.com/jasonlevine/Live-Code-a-Day,none,10
git clone https://github.com/hudayou/fib,none,10
git clone https://github.com/ktakashi/json-tools,none,10
git clone https://github.com/kstephens/open-object-lab,none,10
git clone https://github.com/VincentToups/scran,mit,10
git clone https://github.com/guenchi/Tensorflow,mit,10
git clone https://github.com/camptocamp/docker-geoserver,none,10
git clone https://github.com/aQuaYi/SICP-in-Racket,mit,10
git clone https://github.com/yinwang0/ykanren,none,10
git clone https://github.com/namin/abi,none,10
git clone https://github.com/practical-scheme/Gauche-compat-sicp,none,10
git clone https://github.com/schemedoc/surveys,mit,10
git clone https://github.com/t-more/gambit-GLFW,none,10
git clone https://github.com/PaulBatchelor/codex,other,10
git clone https://github.com/webyrd/stranger-loops-talk,mit,10
git clone https://github.com/erikdubois/Manjaroi3,none,10
git clone https://github.com/jpt4/skio,none,10
git clone https://github.com/cz717/bksol,none,10
git clone https://github.com/webyrd/automata-and-mutual-recursion,none,10
git clone https://github.com/wasamasa/dotfiles,unlicense,10
git clone https://github.com/charles-l/po,mit,10
git clone https://github.com/linzch3/Open-Course-Learning,none,10
git clone https://github.com/pchampio/dotfiles,mit,10
git clone https://github.com/tateeskew/salt-states,none,10
git clone https://github.com/webyrd/tabling,mit,10
git clone https://github.com/Kraks/verifyo,none,10
git clone https://github.com/mattjj/probprog,none,10
git clone https://github.com/lelongg/ros_to_guix,none,10
git clone https://github.com/tnelson/Margrave,none,9
git clone https://github.com/soegaard/little-helper,none,9
git clone https://github.com/Virtualmaster/ha-lamp-salt-states,none,9
git clone https://github.com/matschaffer/eulermonday,none,9
git clone https://github.com/dharmatech/chez-srfi,none,9
git clone https://github.com/aharisu/Gauche-CV,mit,9
git clone https://github.com/kahua/Gauche-dbd-pg,bsd-3-clause,9
git clone https://github.com/per-gron/blackhole-libs,other,9
git clone https://github.com/zma/config_files,bsd-2-clause,9
git clone https://github.com/ScatteredRay/QuoteDB,other,9
git clone https://github.com/trptcolin/sicp-study,none,9
git clone https://github.com/ThomasHintz/chicken-scheme-shell,none,9
git clone https://github.com/tali713/mit-scheme,none,9
git clone https://github.com/Silverstriper/SimpleStripe,none,9
git clone https://github.com/klutometis/aima-chicken,none,9
git clone https://github.com/bschmalhofer/eclectus,artistic-2.0,9
git clone https://github.com/SamuelYvon/Oyster,mit,9
git clone https://github.com/jeffwhitfield/silverstripe-bootstrap-theme,apache-2.0,9
git clone https://github.com/minikN/dots,none,9
git clone https://github.com/altlinuxteam/alt-packer,none,9
git clone https://github.com/webyrd/n-grams-for-synthesis,mit,9
git clone https://github.com/digitalearthafrica/config,apache-2.0,9
git clone https://github.com/da-liii/dotTeXmacs,none,9
git clone https://github.com/libs7/libs7,other,9
git clone https://github.com/rmloveland/intro-algos-with-scheme,none,9
git clone https://github.com/rbryan/guile-lips,none,9
git clone https://github.com/feeley/pyffi,none,9
git clone https://github.com/zhyd1997/tls,none,9
git clone https://github.com/komljen/openstack-salt,apache-2.0,9
git clone https://github.com/soldernerd/InductanceMeter_Hardware,none,9
git clone https://github.com/m-putnam/pdbl,none,9
git clone https://github.com/scheme-requests-for-implementation/srfi-180,none,9
git clone https://github.com/akeep/rough-draft,none,9
git clone https://github.com/caisah/sicp-exercises-and-examples,none,9
git clone https://github.com/forkall/tiny-scheme,none,9
git clone https://github.com/alesaccoia/festival_flinger,other,9
git clone https://github.com/keeyon2/Scheme-Interpreter,none,9
git clone https://github.com/yousetme/ykanren,none,9
git clone https://github.com/ixiongdi/sicp,mit,9
git clone https://github.com/dimitaruzunov/fp-2018,none,9
git clone https://github.com/shirok/Gauche-compat-sdff,none,9
git clone https://github.com/akmontoya/MEMORE,none,9
git clone https://github.com/silentrob/brit,none,9
git clone https://github.com/ktakashi/r6rs-usocket,bsd-2-clause,9
git clone https://github.com/khayyamsaleem/gradual-typing,none,9
git clone https://github.com/ChrisTitusTech/gimphelp,none,9
git clone https://github.com/SaitoAtsushi/niconico-downloader,bsd-3-clause,9
git clone https://github.com/guenchi/jwt,mit,9
git clone https://github.com/SteeleDynamics/SICP,none,9
git clone https://github.com/felix021/sicp,none,9
git clone https://github.com/feeley/define-library,none,9
git clone https://github.com/hanjoongcho/CheatSheet,apache-2.0,9
git clone https://github.com/samrushing/irken-tdfa,none,9
git clone https://github.com/nathancox/silverstripe-sortableuploadfield,none,9
git clone https://github.com/e-gov/kem-gsavalik,other,9
git clone https://github.com/computacaoraiz/pre-sicp,mit,9
git clone https://github.com/tavisrudd/polyglot-docker-tutorial,none,9
git clone https://github.com/gwatt/dollar-sign,none,9
git clone https://github.com/tar-mirror/scheme48,other,9
git clone https://github.com/lassik/upscheme,bsd-3-clause,9
git clone https://github.com/seandepagnier/cruisingplot,none,8
git clone https://github.com/jacius/protolk,other,8
git clone https://github.com/mhayashi1120/Gauche-dbd-sqlite3,none,8
git clone https://github.com/scheme/terminfo,none,8
git clone https://github.com/stamourv/sixpic,none,8
git clone https://github.com/untyped/unlib,apache-2.0,8
git clone https://github.com/cardmagic/lucash,none,8
git clone https://github.com/ecraven/SchemeAndroidOGL,none,8
git clone https://github.com/ecraven/dcpu16-scheme,none,8
git clone https://github.com/dchelimsky/sicp-exercises,none,8
git clone https://github.com/falsetru/htdp,none,8
git clone https://github.com/ijp/quickcheck,other,8
git clone https://github.com/ursetto/chickadee,none,8
git clone https://github.com/SaitoAtsushi/yomou-publisher,none,8
git clone https://github.com/masaori335/Gauche-websocket,none,8
git clone https://github.com/gravicappa/gambit-sdl,none,8
git clone https://github.com/silverstripe-archive/silverstripe-dew,none,8
git clone https://github.com/ypyf/fscm,mit,8
git clone https://github.com/zhangxiaojie/tiny-scheme,none,8
git clone https://github.com/abarbu/AD,none,8
git clone https://github.com/jessex/CLRS-implementations,none,8
git clone https://github.com/ThomasHintz/keep-the-records,none,8
git clone https://github.com/rotty/ocelotl,other,8
git clone https://github.com/danx0r/festival,other,8
git clone https://github.com/ezyang/scheme-hamt,none,8
git clone https://github.com/euccastro/gambit-SDL2,none,8
git clone https://github.com/caiorss/clj-scheme,unlicense,8
git clone https://github.com/kdltr/chicken-core,other,8
git clone https://github.com/lars-t-hansen/swat,apache-2.0,8
git clone https://github.com/namin/brown,none,8
git clone https://github.com/erikdubois/Ultimate-Ubuntu-16.10,none,8
git clone https://github.com/genenetwork/gn-gemtext-threads,cc0-1.0,8
git clone https://github.com/dynamic/silverstripe-elemental-blocks,bsd-3-clause,8
git clone https://github.com/tbalint/JarCraft,none,8
git clone https://github.com/rtrusso/scp,mit,8
git clone https://github.com/texmacs/sage,none,8
git clone https://github.com/Sergeileduc/Edit-comics-GIMP,none,8
git clone https://github.com/lyp-packages/lys,mit,8
git clone https://github.com/webyrd/Strange-Loop-2014,mit,8
git clone https://github.com/camptocamp/ms_perfs,none,8
git clone https://github.com/ChrisVine/chez-simple-sockets,apache-2.0,8
git clone https://github.com/cjfrisz/maf6502,mit,8
git clone https://github.com/a2nt/silverstripe-webpack,other,8
git clone https://github.com/maoif/Algorithms-in-Scheme,mit,8
git clone https://github.com/salt-formulas/salt-formula-nginx,other,8
git clone https://github.com/ffzg/ganeti-salt,other,8
git clone https://github.com/russellw/scheme-format,mit,8
git clone https://github.com/leahneukirchen/schell,other,8
git clone https://github.com/zilti/chicken-edn,bsd-2-clause,8
git clone https://github.com/IndianRoboticsOrganization/ArimaTTS,other,8
git clone https://github.com/fedeinthemix/chez-matchable,none,8
git clone https://github.com/IvantheTricourne/Scheme-Compiler,none,8
git clone https://github.com/racket/old-plt,none,8
git clone https://github.com/opencog/miner,other,8
git clone https://github.com/wingo/bicho,other,8
git clone https://github.com/catseye/Cardboard-Prolog,unlicense,8
git clone https://github.com/nkbt/vagrant-node,none,8
git clone https://github.com/nebogeo/al-jazari2,none,8
git clone https://github.com/Futrell/6.945,none,8
git clone https://github.com/medcl/salt-elasticsearch,none,8
git clone https://github.com/davehein/p2gcc,none,8
git clone https://github.com/Adellica/reser,none,8
git clone https://github.com/rootmos/silly-church,none,8
git clone https://github.com/zsparks/scheme-dep,none,8
git clone https://github.com/clojure-quant/infra-guix,none,8
git clone https://github.com/ziyangli/the-seasoned-schemer,none,8
git clone https://github.com/ul/chez-soundio,isc,8
git clone https://github.com/UMCUGenetics/guix-additions,none,8
git clone https://github.com/webyrd/relational-amb,mit,8
git clone https://github.com/bazurbat/chicken-scheme,other,8
git clone https://github.com/NalaGinrut/nala-repl,none,8
git clone https://github.com/ovenpasta/miogui,apache-2.0,8
git clone https://github.com/hkoktay/the-little-schemer,none,8
git clone https://github.com/Bai-Li-NOAA/IP4EBFM,other,8
git clone https://github.com/LinkiTools/ChezScheme-RISCV,apache-2.0,8
git clone https://github.com/akce/footwm-chez,unlicense,8
git clone https://github.com/akce/chez-ncurses,unlicense,8
git clone https://github.com/cgswords/sgc,none,8
git clone https://github.com/catharinejm/chicken-clojure,none,8
git clone https://github.com/zeehio/festvox,none,8
git clone https://github.com/pft/script-fu,none,7
git clone https://github.com/roderyc/learners,none,7
git clone https://github.com/thezerobit/scheme-collections,none,7
git clone https://github.com/mtakuya/gauche-yahoo-jp,none,7
git clone https://github.com/FestCat/festival-ca,other,7
git clone https://github.com/apg/chatter,none,7
git clone https://github.com/ecomba/little-schemer,none,7
git clone https://github.com/rotty/texinfo,none,7
git clone https://github.com/SaitoAtsushi/gauche-zipload,bsd-3-clause,7
git clone https://github.com/igorhvr/bedlam,other,7
git clone https://github.com/Adellica/cocoscheme,none,7
git clone https://github.com/leque/Gauche-process-notation,bsd-3-clause,7
git clone https://github.com/malmaud/RChurch,none,7
git clone https://github.com/vain/dotfiles-pub,none,7
git clone https://github.com/ayatoy/Gauche-mongo,none,7
git clone https://github.com/abarbu/linear-algebra,none,7
git clone https://github.com/darius/transparent-dilemma,none,7
git clone https://github.com/jlongster/grime3d,none,7
git clone https://github.com/alvatar/sphere-math,zlib,7
git clone https://github.com/propella/3imp-westwood,none,7
git clone https://github.com/srid/boalisp,none,7
git clone https://github.com/kmatheussen/snd-rt,none,7
git clone https://github.com/vgeddes/scheme-compiler,none,7
git clone https://github.com/stuhlmueller/scheme-tools,none,7
git clone https://github.com/mandrew/hardyakka,mit,7
git clone https://github.com/ramalho/mac316,none,7
git clone https://github.com/stibear/EROS,none,7
git clone https://github.com/NoobsEnslaver/scheme_book,none,7
git clone https://github.com/alvatar/sdl2,none,7
git clone https://github.com/KnairdA/Telebot,mit,7
git clone https://github.com/polandy/dotfiles,mit,7
git clone https://github.com/chuyskywalker/vagrant-salt-composer-satis,none,7
git clone https://github.com/tsahara/r7rs,none,7
git clone https://github.com/vidjuheffex/chickadee-demo,none,7
git clone https://github.com/Pistos/gimp-outline-text,other,7
git clone https://github.com/Outdooractive/elevation-profile,other,7
git clone https://github.com/webyrd/Running-Backwards--Part-1,mit,7
git clone https://github.com/webyrd/strange-loop-2013,mit,7
git clone https://github.com/silverstripe/silverstripe-content-notifier,bsd-3-clause,7
git clone https://github.com/daviwil/channel-x,none,7
git clone https://github.com/gituliar/unittest.scheme,none,7
git clone https://github.com/zenspider/schemers,none,7
git clone https://github.com/charles-l/i,mit,7
git clone https://github.com/spurious/snd-mirror,other,7
git clone https://github.com/dcavar/schemeNLP,apache-2.0,7
git clone https://github.com/IvanIvanov/fp2013,none,7
git clone https://github.com/ChaosEternal/chez-odbc,none,7
git clone https://github.com/wanghao1891/ikarus,other,7
git clone https://github.com/osmbe/traffic-sign-project,none,7
git clone https://github.com/yuhr/chez-sxml,other,7
git clone https://github.com/drewc/smug-gerbil,mit,7
git clone https://github.com/Tipoca/scmutils,none,7
git clone https://github.com/bzinberg/regex-combinator,none,7
git clone https://github.com/slang-legacy/salty-wordpress,wtfpl,7
git clone https://github.com/DevExpress/gimp-dx-screenshot,mit,7
git clone https://github.com/lispunion/lander,mit,7
git clone https://github.com/nplab/m3ua-testtool,bsd-2-clause,7
git clone https://github.com/chicken-mobile/objc,none,7
git clone https://github.com/pengyao/salt-mysql,none,7
git clone https://github.com/isrivastav99/Antenna-Experiments,none,7
git clone https://github.com/turquoise-hexagon/color,0bsd,7
git clone https://github.com/aconchillo/gas,none,7
git clone https://github.com/Artish357/RelateJS,mit,7
git clone https://github.com/jeremyz/hexmap,mit,7
git clone https://github.com/rparnas/sicp-ex,none,7
git clone https://github.com/nuprl/softscheme,none,7
git clone https://github.com/sKabYY/palestra,mit,7
git clone https://github.com/MarkCurtiss/sicp,none,7
git clone https://github.com/iraikov/chicken-lmdb,other,7
git clone https://github.com/librerush/curl-scheme,other,7
git clone https://github.com/schemeorg/schemeorg,none,7
git clone https://github.com/turquoise-hexagon/euler,0bsd,7
git clone https://github.com/aaime/osm,none,7
git clone https://github.com/hunar1997/Slackware-1.01,none,7
git clone https://github.com/knightsc/sandbox_profiles,none,7
git clone https://github.com/naoiwata/sicp,none,7
git clone https://github.com/ogrisel/salt-ipcluster,bsd-2-clause,7
git clone https://github.com/ayamada/mplus-1mn-medium-16-fnt-tir,none,7
git clone https://github.com/chicken-mobile/chicken-sdl2-android-builder,none,7
git clone https://github.com/ProgrammerArchaeology/ezd,none,7
git clone https://github.com/iAmDorra/GameOfLife,none,7
git clone https://github.com/register-dynamics/orc,other,7
git clone https://github.com/daweibalong/interpreters,none,7
git clone https://github.com/corecursive/sicp-study-group,none,7
git clone https://github.com/moon-chilled/loop,other,7
git clone https://github.com/theschemer/libra,mit,7
git clone https://github.com/horie-t/iacc-riscv,bsd-3-clause,7
git clone https://github.com/chclock/ChezCore,mit,7
git clone https://github.com/geopet/salt-lamp-vagrant,none,7
git clone https://github.com/tlehman/sicp-exercises,none,7
git clone https://github.com/xlisp/fp-book,none,7
git clone https://github.com/absop/ST-Scheme,mit,7
git clone https://github.com/harryposner/schlox,mit,7
git clone https://github.com/higepon/Scheme-rbtrees,none,6
git clone https://github.com/rstehwien/sicp,none,6
git clone https://github.com/zhangcheng/salt-repo,none,6
git clone https://github.com/citizen428/study-notes,none,6
git clone https://github.com/aehrisch/myscsh,other,6
git clone https://github.com/jetseven/sicp,none,6
git clone https://github.com/magnusjonsson/tidder-icfpc-2008,none,6
git clone https://github.com/abarbu/schemetex,none,6
git clone https://github.com/planetfederal/osm-styles,none,6
git clone https://github.com/nd/sicp,none,6
git clone https://github.com/bevuta/pox,other,6
git clone https://github.com/kidd/ghuloum-scheme,none,6
git clone https://github.com/Kakurady/VariText,other,6
git clone https://github.com/dharmatech/redbook,none,6
git clone https://github.com/swannodette/minikanren,none,6
git clone https://github.com/timabell/gnucash-account-balance-chart,none,6
git clone https://github.com/arambalakjian/Simples-Theme,none,6
git clone https://github.com/KirinDave/erlenmeyer,none,6
git clone https://github.com/id774-2/maeve,none,6
git clone https://github.com/ckeen/hyde-blog,none,6
git clone https://github.com/bitwize/gamsock,other,6
git clone https://github.com/laqrix/raytracer,none,6
git clone https://github.com/pcrews/salt-data,none,6
git clone https://github.com/klutometis/R,none,6
git clone https://github.com/darius/Bleaty-the-Lamb,none,6
git clone https://github.com/arcfide/lit-dmatch,isc,6
git clone https://github.com/aharisu/vim-gdev,none,6
git clone https://github.com/gemmat/Gauche-XMPP,mit,6
git clone https://github.com/glowe/metacircular,none,6
git clone https://github.com/repos-scheme/jsScheme,none,6
git clone https://github.com/tedr56/FluxusBros,none,6
git clone https://github.com/jimm/impromptu,none,6
git clone https://github.com/lmc/gta3-mission-script-vm,none,6
git clone https://github.com/arcfide/oleg,none,6
git clone https://github.com/dcavar/SNLTK,none,6
git clone https://github.com/thash/sicp,none,6
git clone https://github.com/vyp/scripts,apache-2.0,6
git clone https://github.com/wfnuser/sicp-solutions,none,6
git clone https://github.com/kdltr/ezd,none,6
git clone https://github.com/conwaysgame/guile,none,6
git clone https://github.com/webyrd/relational-progress-sensitive-security,none,6
git clone https://github.com/steveoliver/ceph-formula,none,6
git clone https://github.com/namin/Communication-Bootstrapping-v1,none,6
git clone https://github.com/wangmu0115/Book-SICP,none,6
git clone https://github.com/szdiy/eliug,none,6
git clone https://github.com/namin/refl-instr,mit,6
git clone https://github.com/Viruliant/MccarthyMCEval-1.5,none,6
git clone https://github.com/jqfeld/tm-vim,none,6
git clone https://github.com/yenda/guix-packages,none,6
git clone https://github.com/SS-archive/formulae,none,6
git clone https://github.com/jaseemabid/mit-scheme,none,6
git clone https://github.com/yuedongyang/GRASP,mit,6
git clone https://github.com/Thrilleratplay/guix-docker,none,6
git clone https://github.com/nlsfi/geoserver-configurations,other,6
git clone https://github.com/silverstripe/cwp-starter-theme,bsd-3-clause,6
git clone https://github.com/Nazar65/guix-phps-channel,none,6
git clone https://github.com/gambit/xlib,none,6
git clone https://github.com/pycket/pycket-bench,none,6
git clone https://github.com/mickykebe/sicp,none,6
git clone https://github.com/klutometis/combinatorics,none,6
git clone https://github.com/fmi-lab/fp-elective-2017,mit,6
git clone https://github.com/krak3n/salted-docker-vagrant,none,6
git clone https://github.com/niyarin/red-paren,mit,6
git clone https://github.com/eddiejaoude/saltstack,mit,6
git clone https://github.com/pbl64k/icfpc2014,other,6
git clone https://github.com/akalenuk/darning,none,6
git clone https://github.com/webyrd/relational-reactive-programming,mit,6
git clone https://github.com/tu-darmstadt-informatik/Grundlagen-der-Informatik-1,unlicense,6
git clone https://github.com/ymarco/yasnippet-to-tempel-converter,none,6
git clone https://github.com/vfig/t2tests,none,6
git clone https://github.com/olbrichattila/zx-spectrum-demo-assembly-game,none,6
git clone https://github.com/michiakig/LispInSmallPieces,none,6
git clone https://github.com/cyclone-scheme/clojurian,none,6
git clone https://github.com/SaitoAtsushi/pattern-match-lambda,none,6
git clone https://github.com/fractaslabs/silverstripe-security-layouts,bsd-3-clause,6
git clone https://github.com/gerrard00/sicp,none,6
git clone https://github.com/webyrd/mk-interp,none,6
git clone https://github.com/scheme/soosy,none,6
git clone https://github.com/SuperTux/addons-src,none,6
git clone https://github.com/gbprod/php-enhanced-treesitter.nvim,wtfpl,6
git clone https://github.com/Geonovum/TPOD,none,6
git clone https://github.com/WeakAuras/WeakAurasStopMotion,none,6
git clone https://github.com/ijp/ijputils,none,6
git clone https://github.com/webyrd/mk-metacircular-interp,none,6
git clone https://github.com/DeathKing/SLeX,mit,6
git clone https://github.com/cwebber/rockit,apache-2.0,6
git clone https://github.com/lackhoa/staticKanren,none,6
git clone https://github.com/alam0rt/guix-config,none,6
git clone https://github.com/webyrd/igors-turing-machine,mit,6
git clone https://github.com/axllent/silverstripe-typography,mit,6
git clone https://github.com/eholk/scheme-fun,none,6
git clone https://github.com/lihebi/guix-channel,none,6
git clone https://github.com/sevketcakir/proglang2020,none,6
git clone https://github.com/wingo/compiling-to-webassembly,none,6
git clone https://github.com/totalspectrum/proplazyk,other,6
git clone https://github.com/freifunk-fulda/saltstack-config,wtfpl,6
git clone https://github.com/jpt4/chanadu,isc,6
git clone https://github.com/seckcoder/seck-scheme,none,6
git clone https://github.com/webyrd/peano-challenge,mit,6
git clone https://github.com/mapshakers/MapStyles,none,6
git clone https://github.com/PlatoCreative/silverstripe-styleguide,bsd-3-clause,6
git clone https://github.com/caolan/raspberry-pi-gpio,none,6
git clone https://github.com/joeltg/json.scm,mit,6
git clone https://github.com/HyunggyuJang/SICP,none,6
git clone https://github.com/linas/biome-distribution,other,6
git clone https://github.com/Dean-Forest-Tech/silverstripe-bootstrap-4,bsd-3-clause,6
git clone https://github.com/jfrederickson/dotfiles,none,6
git clone https://github.com/plesner/scsh,none,6
git clone https://github.com/mjlbach/guix-guile-example,none,6
git clone https://github.com/KikyTokamuro/guile-pstk,other,6
git clone https://github.com/listentolist/kakoune-rainbow,unlicense,6
git clone https://github.com/drcz/CONSpiracy-language,none,6
git clone https://github.com/klutometis/sicp-chicken,none,6
git clone https://github.com/SuperTux/supertux_godot,none,6
git clone https://github.com/webyrd/scheme-fun-hacking,mit,6
git clone https://github.com/webyrd/first-class-macros,mit,6
git clone https://github.com/kana-sama/sicp,none,6
