git clone https://github.com/fuse-open/fuselibs,mit,175
git clone https://github.com/fuse-compound/Fuse.Firebase,mit,58
git clone https://github.com/bolav/fuse-sqlite,mit,44
git clone https://github.com/yupferris/fuse-shader-playground,mit,22
git clone https://github.com/bolav/fuse-facebook,mit,21
git clone https://github.com/nekronos/FuseNativeControls,none,19
git clone https://github.com/Duckers/Fuse.MaterialDesign,none,19
git clone https://github.com/bolav/fuse-camerapanel,other,18
git clone https://github.com/bolav/fuse-gallery,none,15
git clone https://github.com/akalyan/fuse-cordova-bridge,none,13
git clone https://github.com/MaxGraey/fuse-device,mit,13
git clone https://github.com/bolav/fuse-contacts,mit,12
git clone https://github.com/bolav/fuse-usersettings,none,9
git clone https://github.com/fuse-compound/Fuse.RMStore,mit,9
git clone https://github.com/rbtech/fuse-lottie,none,8
git clone https://github.com/ErickTamayo/fuse-google-analytics,mit,8
git clone https://github.com/bolav/fuse-modalview,none,8
git clone https://github.com/mstfash/FuseShareSheet,none,7
git clone https://github.com/bolav/fuse-youtube,mit,7
git clone https://github.com/fuse-modules/fuse-gstreamer,mit,7
git clone https://github.com/fuse-compound/Fuse.StreamingPlayer,mit,6
git clone https://github.com/torial/fuse-community,none,6
git clone https://github.com/Amajo0209/Air-Conditioner-With-Arduino,none,6
git clone https://github.com/bolav/fuse-signature,mit,6
