git clone https://github.com/EsonJohn/mmWave_script,none,102
git clone https://github.com/dpavlin/perl-fuse,none,32
git clone https://github.com/dsully/perl-crypt-openssl-x509,other,25
git clone https://github.com/kazeburo/Redis-Jet,other,18
git clone https://github.com/IBMSpectrumComputing/lsf-perl-api,none,17
git clone https://github.com/klayoutmatthias/si4all,unlicense,17
git clone https://github.com/bleargh45/Data-UUID,other,17
git clone https://github.com/mandosrex/AoE3ImpMod_Base,none,12
git clone https://github.com/robinhouston/PadWalker,none,10
git clone https://github.com/chenchen-hci/CSE291-TIRadar-Project,none,7
git clone https://github.com/leejo/string-crc32,other,7
git clone https://github.com/MaxPerl/Perl-Efl,none,6
