https://github.com/ColorlibHQ/AdminLTE,mit,44290
https://github.com/HubSpot/youmightnotneedjquery,mit,14207
https://github.com/andrew--r/frontend-case-studies,none,7375
https://github.com/Lissy93/awesome-privacy,cc0-1.0,7250
https://github.com/roadmapsh/deprecated-version,other,6608
https://github.com/onwidget/astrowind,mit,3872
https://github.com/neiesc/awesome-minimalist,cc0-1.0,3562
https://github.com/nas5w/interview-guide,none,3264
https://github.com/Keycapsss/awesome-mechanical-keyboard,none,2998
https://github.com/satnaing/astro-paper,mit,2870
https://github.com/hilmanski/freeStuffDev,none,1732
https://github.com/swagger-api/swagger.io-docs,none,1559
https://github.com/chantastic/sites,none,1129
https://github.com/bestofjs/javascript-risingstars,none,1079
https://github.com/chrismwilliams/astro-theme-cactus,mit,1062
https://github.com/manuelernestog/astrofy,mit,1043
https://github.com/jonasmerlin/astro-seo,mit,1030
https://github.com/pseudoyu/yu-tools,mit,990
https://github.com/Jocs/jocs.github.io,none,960
https://github.com/markteekman/accessible-astro-starter,mit,819
https://github.com/tw93/weekly,none,691
https://github.com/flexdinesh/blogster,mit,626
https://github.com/treefarmstudio/odyssey-theme,mit,602
https://github.com/mhyfritz/astro-landing-page,mit,577
https://github.com/one-aalam/astro-ink,mit,566
https://github.com/CSS-Tricks/serverless,mit,471
https://github.com/godruoyi/gblog,mit,414
https://github.com/codiume/orbit,mit,393
https://github.com/Charca/astro-blog-template,mit,381
https://github.com/cassidoo/blahg,mit,373
https://github.com/markteekman/accessible-astro-components,mit,370
https://github.com/manasky/lorem.space,mit,363
https://github.com/NixOS/nixos-homepage,none,332
https://github.com/cssninjaStudio/krypton,mit,323
https://github.com/kossnocorp/opensource.how,none,315
https://github.com/SaudiOpenSourceCommunity/SaudiOSS,mit,300
https://github.com/sindresorhus/sindresorhus.github.com,mit,294
https://github.com/delucis/astro-embed,mit,283
https://github.com/geeksblabla/geeksblabla.community,none,282
https://github.com/craftzdog/craftzdog-uses,other,272
https://github.com/Nicell/loooooooooooooooooooooooooooooooooooooooooooooooooooooooooooooo.ng,none,268
https://github.com/Tailus-UI/astro-theme,mit,258
https://github.com/robertguss/Astro-Theme-Creek,mit,252
https://github.com/withastro/houston.astro.build,mit,249
https://github.com/Charca/astro-movies,none,246
https://github.com/fairsource/fair.io,none,228
https://github.com/shaunchander/astro-pwa-starter,none,224
https://github.com/iammatthias/com,none,224
https://github.com/haaarshsingh/www,wtfpl,222
https://github.com/will-stone/plastic,mit,222
https://github.com/t3-oss/init.tips,mit,213
https://github.com/withastro/blog-tutorial-demo,mit,196
https://github.com/natemoo-re/astro-remote,mit,185
https://github.com/hellotham/hello-astro,mit,174
https://github.com/incluud/accessible-astro-dashboard,mit,172
https://github.com/jln13x/tailwindcss-highlights,mit,167
https://github.com/VojtaStruhar/steam-review-template,none,159
https://github.com/JEverhart383/astro-wordpress-starter,none,158
https://github.com/midudev/midufest,none,156
https://github.com/scriptin/kanji-frequency,cc-by-4.0,139
https://github.com/alexcarpenter/alexcarpenter.me,none,135
https://github.com/stackbit/jamstack-wtf,mit,129
https://github.com/evadecker/eva.town,other,129
https://github.com/jqapi/jqapi,mit,121
https://github.com/jordienr/astro-design-system,mit,120
https://github.com/Destiner/astro-analytics,mit,119
https://github.com/JonasKruckenberg/tauri-astro-template,none,118
https://github.com/uzzii-21/astro-portfolio,mit,117
https://github.com/museapphq/infinitecanvas.tools,none,115
https://github.com/EmaSuriano/astro-art-portfolio,none,111
https://github.com/wsafight/personBlog,none,110
https://github.com/treefarmstudio/astro-sanity-minimal-starter,mit,105
https://github.com/livebook-dev/livebook.dev,none,105
https://github.com/xuya227939/blog,mit,103
https://github.com/yuheiy/sdenv,none,103
https://github.com/lloydjatkinson/astro-snipcart,mit,102
https://github.com/cssninjaStudio/dokto,mit,102
https://github.com/netlify-templates/astro-toolbox,none,97
https://github.com/rose-pine/rose-pine-site,none,96
https://github.com/Princesseuh/erika.florist,none,93
https://github.com/treefarmstudio/simple-blog-astro,mit,93
https://github.com/delucis/astro-badge,none,88
https://github.com/yoanbernabeu/LinkTreeFreeClone,mit,87
https://github.com/magnuswahlstrand/astro-supabase-vercel,none,87
https://github.com/aryankashyap7/CheatSheets-for-Developers,mit,86
https://github.com/astro-reactive/astro-reactive,mit,85
https://github.com/sondr3/astro-compressor,mit,85
https://github.com/t3dotgg/t3-astro,mit,82
https://github.com/rebelchris/astropress,none,82
https://github.com/catppuccin/website,other,81
https://github.com/EmaSuriano/astro-resume,none,79
https://github.com/theisel/astro-portabletext,isc,76
https://github.com/kevincobain2000/email_extractor,none,76
https://github.com/zougari47/portfolio-template,mit,71
https://github.com/cassidoo/astro-netlify-starter,none,69
https://github.com/onadrog/cmd_theme,mit,68
https://github.com/kevinzunigacuellar/web,mit,68
https://github.com/BryceRussell/astro-headless-ui,none,64
https://github.com/ogzhanolguncu/ogzhanolguncu.com,none,63
https://github.com/treefarmstudio/astro-minimal-starter,mit,63
https://github.com/midudev/frontend-mentor-challenges,none,62
https://github.com/astro-community/icons,none,62
https://github.com/ryansolid/astro-solid-hackernews,none,61
https://github.com/hzoo/hopeinsource.com,mit,61
https://github.com/saadeghi/daisy-blog,mit,60
https://github.com/domin-mnd/profile-card,mit,58
https://github.com/PhilDL/astro-starter-ghost,mit,58
https://github.com/kyr0/turbo-hybrid-astro-on-vercel,none,54
https://github.com/kinsta/hello-world-astro,mit,54
https://github.com/endigo9740/endigo-design,none,53
https://github.com/cosmicjs/simple-astro-blog,none,52
https://github.com/netlify-templates/astro-quickstart,none,50
https://github.com/stackblitz/ilovecodeflow.com,none,49
https://github.com/Princesseuh/component-template,none,49
https://github.com/onokumus/chaldene,mit,48
https://github.com/aFuzzyBear/xelement,none,47
https://github.com/mdwelsh/mdwelsh.github.io,other,46
https://github.com/bdsqqq/psykip,none,46
https://github.com/BryceRussell/astro-json-element,mit,45
https://github.com/rachsmithcodes/rachsmith.com,none,44
https://github.com/ElianCodes/ElianCodes-frontend,none,44
https://github.com/natemoo-re/feed,none,43
https://github.com/jamesqquick/jamesqquick-site,none,43
https://github.com/gd4Ark/gd4Ark.github.io,mit,43
https://github.com/bowencool/blog,mit,43
https://github.com/iozcelik/SarissaBlogAstroStarter,mit,42
https://github.com/one-aalam/astro-me,mit,42
https://github.com/yacosta738/yacosta738.github.io,none,42
https://github.com/nrollr/EC2-timeline,mit,42
https://github.com/withastro/github-pages,none,40
https://github.com/justjavac/esowiki,none,39
https://github.com/Charca/astro-music,none,38
https://github.com/pro-tailwind/tutorials,none,38
https://github.com/akellbl4/akellbl4,mit,38
https://github.com/treefarmstudio/cannonball,mit,38
https://github.com/kufu/hello-world,mit,37
https://github.com/aFuzzyBear/astro-ui,mit,37
https://github.com/edvinlinden/killedby.tech,mit,37
https://github.com/ViorelMocanu/digital-resources,isc,37
https://github.com/amplitudesxd/amplitudes.me,none,37
https://github.com/danilowoz/danilowoz.com,none,36
https://github.com/delucis/astro-netlify-cms-starter,none,36
https://github.com/kognise/website,mit,36
https://github.com/eteplus/blog,none,35
https://github.com/philnash/philna.sh,other,35
https://github.com/pengtikui/pengtikui.cn,none,34
https://github.com/sarasate/gate,mit,34
https://github.com/ekafyi/astronotion-starter-ssg,mit,34
https://github.com/martin-liu/martin-liu.github.io,mit,34
https://github.com/QingXia-Ela/Shiina-Astro-Blog,mit,34
https://github.com/Kodular/kodular.github.io,other,33
https://github.com/GoogleChromeLabs/designcember,apache-2.0,33
https://github.com/withastro/astro.new,mit,33
https://github.com/amandeepmittal/amanhimself.dev,other,33
https://github.com/lukeliasi/developer-portfolio,mit,32
https://github.com/whitep4nth3r/whattheframework,mit,32
https://github.com/codiume/the-tap-stack,mit,32
https://github.com/woliveiras/blog,mit,32
https://github.com/joe-bell/tenprinciples.design,apache-2.0,31
https://github.com/AgnosticUI/AstroAgnosticUIStarter,none,31
https://github.com/delucis/hyperdrive-speedometer,none,31
https://github.com/trashhalo/astro-command,mit,31
https://github.com/guardian/guardian-engineering-site,none,31
https://github.com/lmammino/loige.co,mit,30
https://github.com/jackmerrill/AstroForms,none,30
https://github.com/npmrun/art-theme,none,30
https://github.com/leosvelperez/leosvel.dev,none,29
https://github.com/pilcrowonpaper/pilcrow,none,29
https://github.com/patdx/zustand-rx,none,29
https://github.com/candidosales/landing-page-book-astro-svelte-tailwind,mit,29
https://github.com/alexanderhodes/astro-minimal-cv,none,29
https://github.com/argyleink/2022-css-day_oh-snap,none,28
https://github.com/micheleriva/personal-website,none,28
https://github.com/petertait/petertait.com,none,28
https://github.com/ruine-dev/ruine-ui-dashboard,mit,27
https://github.com/slamethendry/TinyRocket,mit,26
https://github.com/haaarshsingh/cursor.js,none,26
https://github.com/yjose/elazizi.com,mit,26
https://github.com/rebelchris/astro-portfolio,none,26
https://github.com/tusharsadhwani/blog,mit,26
https://github.com/alexanderhodes/astro-minimal-blog,none,26
https://github.com/importantimport/gumori,wtfpl,26
https://github.com/RafidMuhymin/astro-image-demo,none,25
https://github.com/v2er-app/v2er.app,none,25
https://github.com/SapphicMoe/sapphic.moe,zlib,25
https://github.com/ifpb/projects,none,25
https://github.com/EuroPython/website,mit,25
https://github.com/theisel/astro-toc,isc,23
https://github.com/faztcommunity/fazt-community-web,mit,23
https://github.com/aFuzzyBear/astro-component-book,none,23
https://github.com/enpitsuLin/enpitsuLin.xyz,none,22
https://github.com/pablopunk/pablopunk.com,none,22
https://github.com/igorskyflyer/npm-astro-post-excerpt,mit,22
https://github.com/helmisatria/helmisatria,none,22
https://github.com/manfredsteyer/astro-last-minute,none,22
https://github.com/pro-tailwind/course-multi-theme-strategy,none,22
https://github.com/OnWritingCode/simple-blog-template,none,21
https://github.com/devinschulz/blog,other,21
https://github.com/brandonroberts/astro-blog,none,21
https://github.com/sarahetter/astro-netlify-edge-starter,mit,21
https://github.com/chantastic/react.holiday,other,21
https://github.com/CTNicholas/astro-collaborative-starter,none,21
https://github.com/g00glen00b/dimitri.codes,other,20
https://github.com/xirf/xirf-portofolio,mit,20
https://github.com/laymonage/isle,other,20
https://github.com/swift502/Web,mit,20
https://github.com/MoofyWoofy/Bob-blog,mit,20
https://github.com/umstek/astro-typescript-react-tailwind,none,20
https://github.com/Erisa/erisa.uk,unlicense,20
https://github.com/rebelchris/astro-tailwind,none,20
https://github.com/SpinalCMS/astro-docs-template,mit,20
https://github.com/dofbi/astro-simple-blog-theme,mit,20
https://github.com/devenapuros/portfolio,none,19
https://github.com/brainrepo/gitbar-2023,none,19
https://github.com/purarue/exobrain,mit,19
https://github.com/aleksa-codes/astro-portfolio,mit,19
https://github.com/rebelchris/astro-modal,none,19
https://github.com/fazt/astro-landing,none,19
https://github.com/reegodev/reego.dev,mit,19
https://github.com/Stratis-Dermanoutsos/Full-Stack-Notes,mit,19
https://github.com/reacto11mecha/jadwal-ssg,none,18
https://github.com/leen-neel/astro-wordpress,none,18
https://github.com/trashhalo/astro-pandoc,mit,18
https://github.com/djyde/blog-2022,none,18
https://github.com/markdalgleish/astro-vanilla-extract-demo,mit,18
https://github.com/geoparquet/geoparquet.github.io,apache-2.0,18
https://github.com/UW-UPL/uw-upl.github.io,none,17
https://github.com/Nikaidou-Shinku/PastePlz,none,17
https://github.com/dotnize/nize.foo,mit,17
https://github.com/wanghaisheng/wanghaisheng.github.io,mit,17
https://github.com/LasCC/Cyber-Security-Blog,none,17
https://github.com/janlelis/character.construction,none,17
https://github.com/hswolff/website,none,17
https://github.com/imhlq/EldenRingCheatSheetCN,none,17
https://github.com/comunidadev/comunida.dev,none,17
https://github.com/higress-group/higress-group.github.io,apache-2.0,17
https://github.com/ShayanTheNerd/image-editor,bsd-3-clause,17
https://github.com/one-aalam/astro-starter-kit,none,16
https://github.com/Asvel/tacticsogre,cc-by-4.0,16
https://github.com/Brendonovich/brendonovich.dev,mit,16
https://github.com/christopher-kapic/astro-blanding,none,16
https://github.com/seattlejs/seattlejs.com,none,16
https://github.com/adwinmbd/astro-blog-template,mit,16
https://github.com/brandonroberts/angular-astro-islands,none,16
https://github.com/patrick91/latest.cat,mit,16
https://github.com/kskwtnk/portfolio,none,15
https://github.com/kufu/product-design,mit,15
https://github.com/xhofe/homepage,none,15
https://github.com/rayriffy/rayriffy-blog-next,none,15
https://github.com/Zhengqbbb/qbb.sh,mit,15
https://github.com/X7md/x7md.github.io,none,15
https://github.com/treefarmstudio/astro-101,none,15
https://github.com/bradhave94/nms,none,15
https://github.com/manuelschroederdev/manuelschroeder.dev,none,15
https://github.com/RocketCommunicationsInc/astro-www,none,15
https://github.com/Ultramarine-Linux/website,none,15
https://github.com/morceaudebois/bonjourr.fr,none,15
https://github.com/DerYeger/jan-mueller,none,15
https://github.com/AREA44/SYWYKE,mit,15
https://github.com/kripod/astro-starter-strict,none,15
https://github.com/penrodlol/christianpenrod,mit,15
https://github.com/conanak99/300-bai-code,none,14
https://github.com/ddev/ddev.com,apache-2.0,14
https://github.com/nikolai-shabalin/css-properties,none,14
https://github.com/nekochan0122/astro-blog,mit,14
https://github.com/o3LL/zzccmxtp,none,14
https://github.com/Slashgear/personal-blog,mit,14
https://github.com/jsulpis/slides-template,none,14
https://github.com/onokumus/elektron,none,14
https://github.com/natemoo-re/miles-of-code,none,13
https://github.com/mage-os/mage-os-website,none,13
https://github.com/PurpurMC/PurpurWebsite,mit,13
https://github.com/mishmanners/mish-friendly-food,mit,13
https://github.com/rosnovsky/rosnovsky.us,none,13
https://github.com/bholmesdev/whiteboard-the-web,none,13
https://github.com/rwpod/rwpod.github.io,mit,13
https://github.com/PassionZale/lovchun.com-next,mit,13
https://github.com/houzyk/thephilosophicalcode,none,13
https://github.com/murtuzaalisurti/murtuzaalisurti.github.io,other,13
https://github.com/lkhrs/astro-simple,none,13
https://github.com/sonicjhon1/sonicjhon1.github.io,mit,13
https://github.com/SIMITClub/simitclub.github.io,none,13
https://github.com/AllanChain/blog,mit,13
https://github.com/ChristianChiarulli/old_website,none,13
https://github.com/mesinkasir/cute-blog,none,13
https://github.com/piero-vic/pierolescano.com,mit,13
https://github.com/TrustedFirmwareWebsite/website,none,12
https://github.com/cybozu/frontend-monthly,other,12
https://github.com/mortnod/instabart,none,12
https://github.com/Navillus-BV/navillus-dev,none,12
https://github.com/rebelchris/astro-recipe-website,none,12
https://github.com/kernel-mod/website,none,12
https://github.com/lhermann/astro-firebase-example,none,12
https://github.com/OdinVerst/trybrew,none,12
https://github.com/hendriknielaender/double-trouble,mit,11
https://github.com/aFuzzyBear/astro-academy,none,11
https://github.com/aitu-dk/webpage,none,11
https://github.com/UndergraduateArtificialIntelligenceClub/website,mit,11
https://github.com/LycheeOrg/LycheeOrg.github.io,mit,11
https://github.com/serverlessworkflow/serverlessworkflow.github.io,apache-2.0,11
https://github.com/adhrinae/rinae.dev,mit,11
https://github.com/michaeljolley/baldbeardedbuilder.com,none,11
https://github.com/chriscoyier/breakfast-burritos,none,11
https://github.com/treefarmstudio/linked-up,mit,11
https://github.com/graphme-app/website,none,11
https://github.com/angelikatyborska/css-art,none,11
https://github.com/TomEverson/Astro-Firebase-Starter,none,11
https://github.com/Dxmentorship/dxmentorship,none,11
https://github.com/aarsxx/carbon,mit,10
https://github.com/BrockHerion/brockherion.dev,none,10
https://github.com/victrme/portfolio,unlicense,10
https://github.com/yupanquiah/portfolio,apache-2.0,10
https://github.com/zyrouge/zyrouge.me,apache-2.0,10
https://github.com/Jinksi/ericjinks.com,none,10
https://github.com/narze/basic-svelte-for-react-and-vue-developers,none,10
https://github.com/JuanM04/astro-on-the-edge,none,10
https://github.com/zellwk/build-and-deploy-workshop,none,10
https://github.com/tadeuzagallo/blog,bsd-3-clause,10
https://github.com/thwiki/touhou-group,none,10
https://github.com/blackgirlbytes/blackgyalbites-astro,mit,10
https://github.com/iozcelik/SarissaPagination,none,10
https://github.com/rasendubi/oleksii.shmalko.com,none,10
https://github.com/KumailP/kumails-blog,none,10
https://github.com/ritterim/rimdev-blog,none,10
https://github.com/Mixtape-Sessions/Great-Economics-Writing,none,10
https://github.com/jmarlena/netlify-feature-tour,none,10
https://github.com/scottkellum/scottkellum.com,none,10
https://github.com/t3dotgg/pog.capital,none,10
https://github.com/DominusKelvin/dominuskelvin.dev,mit,10
https://github.com/akbaruddin/commit-emojis,none,10
https://github.com/kishanhitk/kishans.in,none,10
https://github.com/jwngr/jwn.gr,mit,9
https://github.com/kalwabed/kalwabed.com,mit,9
https://github.com/andrewn6/world,other,9
https://github.com/yamanoku/yamanoku.github.io,mit,9
https://github.com/DanGeffroy/DanGeffroy.github.io,none,9
https://github.com/xstevenyung/astro-session,none,9
https://github.com/sebiko3/proxima,other,9
https://github.com/josefaidt/josef.dev,none,9
https://github.com/rebelchris/astro-typesense-search,none,9
https://github.com/otoyo/notion-blog,mit,9
https://github.com/chantastic/reactcontext.com,none,9
https://github.com/BryceRussell/astro-bryceguy,none,9
https://github.com/carlosjorger/carlosjorger.github.io,mit,9
https://github.com/andrewn6/janitor,none,9
https://github.com/markteekman/easybank-landing-page,none,9
https://github.com/tejasag/blossom,mit,9
https://github.com/acanimal/acanimal.github.io,none,9
https://github.com/jensonhirst/rayfield-docs,none,9
https://github.com/SublimeText/Astro,mit,9
https://github.com/erisly/moe,none,9
https://github.com/vitormiura/blog,none,9
https://github.com/angelofallars/angelofallars.github.io,mit,9
https://github.com/yongzhenlow/astro-ghost-cms,none,9
https://github.com/simse/mad-man,none,8
https://github.com/kevinzunigacuellar/astro-satori,none,8
https://github.com/praveenjuge/praveenjuge,none,8
https://github.com/FaztWeb/astro-preview,none,8
https://github.com/DreamStacks/food-geo-mapping,other,8
https://github.com/398noe/4cil,none,8
https://github.com/simonswiss/simonswiss.com,none,8
https://github.com/AcademySoftwareFoundation/dpel-website,cc-by-4.0,8
https://github.com/RafidMuhymin/astro-script,mit,8
https://github.com/RafidMuhymin/softhardsystem,none,8
https://github.com/srikarg/srikarg.github.io,none,8
https://github.com/eludris/website,mit,8
https://github.com/shipshapecode/website-astro,none,8
https://github.com/AndreaPontrandolfo/super-performant-portfolio-website,none,8
https://github.com/iansu/iansutherland.ca,mit,8
https://github.com/netlesh/astro-business-template,none,8
https://github.com/ehkoo/web,none,8
https://github.com/Navillus-BV/demo-astro-forestry,mit,8
https://github.com/brianmaierjr/long-haul-astro,none,8
https://github.com/dwightjack/marco.solazzi.me,mit,8
https://github.com/vladilenm/astro-cc,none,8
https://github.com/community-builders/community-builders.github-io,mit,8
https://github.com/narze/9speech,none,8
https://github.com/mayank99/webc-astro-demo,none,8
https://github.com/a-trost/astro-prismic-blog-starter,none,8
https://github.com/Tricked-dev/bun-docs,none,8
https://github.com/KubeHuddle/KubeHuddle,none,8
https://github.com/mralexsaavedra/mralexsaavedra.dev,other,8
https://github.com/austincrim/austincrim.com-astro,none,8
https://github.com/webpro/webpro.nl,none,8
https://github.com/jeffwllms/astro-openprops-starter,none,8
https://github.com/Dot32Dev/dot32.dev-v6,none,8
https://github.com/pyohio/pyohio-static-website,mit,8
https://github.com/KinectToVR/k2vr-docs,other,8
https://github.com/CachyOS/website,none,8
https://github.com/domitriusclark/discord-forum-to-website,none,8
https://github.com/EmNudge/site,none,8
https://github.com/MicroWebStacks/astro-home-control,mit,7
https://github.com/z-zahi/astroid,mit,7
https://github.com/davish/davi.sh,none,7
https://github.com/bjerkio/website,none,7
https://github.com/josephearl/website,apache-2.0,7
https://github.com/osmkerala/osmkerala.github.io,none,7
https://github.com/liruifengv/sayhub,mit,7
https://github.com/AREA44/astro-research-theme,mit,7
https://github.com/SapphicMoe/parallel.report,zlib,7
https://github.com/moonlight-ng/independent-arts,mit,7
https://github.com/uchuuio/start,none,7
https://github.com/xilaluna/xilaluna.com,mit,7
https://github.com/ronanru/resume,mit,7
https://github.com/SerenModz21/seren.dev,mit,7
https://github.com/AzuraCast/azuracast.com,mit,7
https://github.com/fazt/astro-devblog,none,7
https://github.com/jayperryworks/jayperryworks-site,cc0-1.0,7
https://github.com/Code-for-Senegal/joinDjolof,mit,7
https://github.com/Namchee/site,mit,7
https://github.com/Ovyerus/site,zlib,7
https://github.com/ispringle/sylvan,none,7
https://github.com/tonalmathew/hello-world,none,7
https://github.com/lachlanjc/catherine,none,7
https://github.com/AnthonyNet/morbus_tschengi,none,7
https://github.com/adalbertopc/adal.dev,none,7
https://github.com/Safi1012/filipesantoscorrea.com,mit,7
https://github.com/ParalelnaPolisKE/paralelnapoliskosice.sk,unlicense,7
https://github.com/timmo001/system-bridge-website,apache-2.0,7
https://github.com/starchildluke/astro,none,7
https://github.com/cassidoo/astro-redirects-example,none,7
https://github.com/NuroDev/satt,mit,7
https://github.com/amithgeorge/astro-directus-authentication,mit,7
https://github.com/Njong392/Blog-astro,none,7
https://github.com/natemoo-re/astro-form,none,7
https://github.com/mertssmnoglu/mertsismanoglu.com,none,7
https://github.com/mrcaidev/website,none,7
https://github.com/iamhectorsosa/astrofordocs,none,7
https://github.com/leveluptuts/meteor-svelte-code,none,7
https://github.com/mesinkasir/astro-website-template-themes-source-code-download,none,7
https://github.com/Mixtape-Sessions/Mixtape-Website,none,7
https://github.com/martinklepsch/martinklepsch.org,none,7
https://github.com/imaginamundo/dio.dev,none,7
https://github.com/crrashh1542/crash-homepage,apache-2.0,7
https://github.com/jiripudil/jiripudil.cz,bsd-3-clause,7
https://github.com/vkbansal/formula1-app,mit,6
https://github.com/williamhzo/williamhzo.me-v2,none,6
https://github.com/MicroBenz/microbenz.in.th,none,6
https://github.com/astro-community/xelement,none,6
https://github.com/ardillan/torlavega,none,6
https://github.com/psto/stojanow.com,mit,6
https://github.com/MadHacks/MadHacks2023,mit,6
https://github.com/sst/isserverlessready,none,6
https://github.com/felipejoq/validar-rut-chileno,none,6
https://github.com/okTurtles/wordpress-to-astro,mit,6
https://github.com/norskeld/nrsk.dev,mit,6
https://github.com/ItzDerock/derock.dev,none,6
https://github.com/madsouris/startpage,mit,6
https://github.com/tejasag/web,none,6
https://github.com/anishshobithps/anishshobithps.com,none,6
https://github.com/email-markup-consortium/emailmarkup.org,none,6
https://github.com/serverlessdays-dublin/dublin.serverlessdays.io,mit,6
https://github.com/narze/hacktober,none,6
https://github.com/brandon-carlisle/portfolio,none,6
https://github.com/cassidoo/testaroni,none,6
https://github.com/fangmarks/safeto-stream,none,6
https://github.com/JimniOS/website,none,6
https://github.com/tylergaw/colormix.site,none,6
https://github.com/Lifeni/blog,mit,6
https://github.com/RoyalIcing/astro-crud,none,6
https://github.com/EmaSuriano/astro-mate,mit,6
https://github.com/PaulieScanlon/pauliescanlon.github.io,mit,6
https://github.com/glaucia86/astro-swa-demo,mit,6
https://github.com/BuilderIO/perf-experiments,none,6
https://github.com/arstnei0/blog,none,6
https://github.com/manuelernestog/manuelernestog.github.io,mit,6
https://github.com/FortuneStreetModding/fortunestreetmodding.github.io,cc0-1.0,6
https://github.com/3fuyang/fwio.me,mit,6
https://github.com/qjack001/Spotted,none,6
https://github.com/fersilva16/blog,mit,6
https://github.com/alteredorange/astro-infinity,apache-2.0,6
https://github.com/natemoo-re/astro-breadcrumbs,none,6
https://github.com/t3dotgg/pscalebench,none,6
https://github.com/jpreecedev/developerhandbook,none,6
https://github.com/FAMNM/famnm-website,none,6
https://github.com/goulvenclech/goulven-clech.dev,0bsd,6
https://github.com/ShivamJoker/Dad-jokes-SSR,none,6
https://github.com/ruiokazaki-archive/ruiokazaki-blog,none,6
https://github.com/benadam11/personal-site,none,6
https://github.com/sadn1ck/sadn1ck,mit,6
https://github.com/manuelfessen/manuelfessen.de,mit,6
https://github.com/warpify/astro-theme,mit,6
https://github.com/suevalov/suevalov.com,none,6
https://github.com/lewisakura/lewisakura.moe,none,6
https://github.com/marksteve/marksteve.github.io,none,6
https://github.com/hasparus/gradienty,none,6
https://github.com/HerIsDia/herisdia.me,mit,6
https://github.com/AmanoTeam/site,mit,6
https://github.com/alexjustesen/alexjustesen-com,none,6
https://github.com/andr-ec/landing-blog,mit,6
https://github.com/arisris/arisris.com,none,6
https://github.com/the-collab-lab/website,none,6
https://github.com/tokencss/www,mit,6
https://github.com/mtwmt/mtwmt.github.io,none,6
https://github.com/c-ehrlich/personal-site-astro,none,6
https://github.com/mirshko/reiner.systems,none,6
https://github.com/nexxeln/spotify-stats,none,6
https://github.com/ghostx31/spookyintheam,mit,6
https://github.com/Merri/mellon.kontu.me,mit,6
https://github.com/brianmaierjr/147-colors-astro,none,6
https://github.com/DSSD-Madison/website-framework,none,6
https://github.com/kwchang0831/demo-astro-swup,mit,6
https://github.com/rootEnginear/gh-issues-cms,none,6
https://github.com/cjinhuo/cjinhuo.github.io,none,6
https://github.com/treefarmstudio/astro-examples,none,6
https://github.com/ElaBosak233/e23.dev,mit,6
https://github.com/pixelart7/chaiyapat-astro-site,none,6
https://github.com/lirantal/no-secrets-env-vars-website,mit,6
https://github.com/cake-cutter/docs,none,6
