https://github.com/1N3/IntruderPayloads,none,3731
https://github.com/Regalis11/scpcb,none,381
https://github.com/six2dez/burp-bounty-profiles,none,147
https://github.com/Sy3Omda/burp-bounty,none,82
https://github.com/ghsec/BBProfiles,none,60
https://github.com/zer0yu/BugBounty,none,60
https://github.com/R-s0n/Custom_Vuln_Scan_Templates,none,37
https://github.com/Jabka666/scpcb-ue-my,none,36
https://github.com/earok/BlitzBasicDemos,mit,32
https://github.com/Angstrom-distribution/meta-ti,mit,24
https://github.com/openwebos/meta-webos,mit,23
https://github.com/maninfire/ruimyfuzzer,apache-2.0,14
https://github.com/matt-noonan/retypd-data,mit,13
https://github.com/ttyborg/Stranded2,none,12
https://github.com/GitlXl/fgzz,none,11
https://github.com/project-magpie/meta-stlinux,none,10
https://github.com/ebutera/meta-igep,mit,9
https://github.com/ZiYueCommentary/scpcb-chinese,other,9
https://github.com/Pakz001/Blitz3d,none,9
https://github.com/neo-technologies/meta-rockchip,mit,8
https://github.com/Syllenze/Blitz3D-Sonic-World-Engine,none,8
https://github.com/nitrologic/bbarchives,none,8
https://github.com/blazeinfosec/burpbounty-profiles,none,6
https://github.com/AlexCeleste/bOGL-2,mit,6
https://github.com/nojgosu/meta-xenomai,mit,6
https://github.com/benkeks/dgx9142,none,6
https://github.com/wallacezq/fbtft-yocto-recipe,none,6
https://github.com/e8johan/meta-diet,mit,6
https://github.com/wiebow/guide,none,6
https://github.com/MikhailZinovkin/dm368ipnc,none,6
