https://github.com/AbsInt/CompCert,other,1932
https://github.com/gustavo-depaula/stalin-sort,mit,1560
https://github.com/HoTT/Coq-HoTT,other,1287
https://github.com/UniMath/UniMath,other,970
https://github.com/magmide/magmide,none,813
https://github.com/jwiegley/category-theory,bsd-3-clause,762
https://github.com/mit-plv/fiat-crypto,other,737
https://github.com/achlipala/frap,other,680
https://github.com/math-comp/math-comp,none,598
https://github.com/uwplse/verdi,bsd-2-clause,596
https://github.com/coq-community/coq-tricks,mit,510
https://github.com/riscv/sail-riscv,other,498
https://github.com/PrincetonUniversity/VST,other,450
https://github.com/MetaCoq/metacoq,mit,416
https://github.com/mit-plv/bedrock2,mit,302
https://github.com/stepchowfun/proofs,other,295
https://github.com/antalsz/hs-to-coq,mit,280
https://github.com/jasmin-lang/jasmin,mit,280
https://github.com/QuickChick/QuickChick,other,262
https://github.com/hacspec/hacspec,mit,242
https://github.com/UniMath/Foundations,none,241
https://github.com/mit-pdos/fscq,other,238
https://github.com/lulinchen/cnn_open,none,218
https://github.com/math-comp/analysis,other,211
https://github.com/DeepSpec/InteractionTrees,mit,211
https://github.com/sifive/Kami,apache-2.0,199
https://github.com/jscert/jscert,other,197
https://github.com/coq-community/fourcolor,other,190
https://github.com/uwplse/verdi-raft,bsd-2-clause,187
https://github.com/clarus/coq-chick-blog,mit,178
https://github.com/mit-pdos/perennial,mit,169
https://github.com/jwiegley/coq-haskell,bsd-3-clause,168
https://github.com/coq-community/math-classes,mit,164
https://github.com/ilyasergey/pnp,bsd-2-clause,161
https://github.com/accordproject/ergo,apache-2.0,160
https://github.com/barry-jay-personal/tree-calculus,mit,160
https://github.com/mit-plv/fiat,other,151
https://github.com/mit-plv/kami,mit,146
https://github.com/discus-lang/iron,other,141
https://github.com/Lysxia/advent-of-coq-2018,none,140
https://github.com/CertiCoq/certicoq,mit,140
https://github.com/coq-community/coq-ext-lib,bsd-2-clause,130
https://github.com/rocq-archive/coq-serapi,other,128
https://github.com/project-oak/silveroak,apache-2.0,124
https://github.com/AU-COBRA/ConCert,mit,117
https://github.com/coq-community/coq-art,mit,116
https://github.com/uds-psl/coq-library-undecidability,mpl-2.0,113
https://github.com/UniMath/TypeTheory,none,111
https://github.com/mit-plv/riscv-coq,bsd-3-clause,111
https://github.com/verse-lab/toychain,bsd-2-clause,111
https://github.com/Ptival/PeaCoq,mit,106
https://github.com/jonleivent/mindless-coding,mit,104
https://github.com/WasmCert/WasmCert-Coq,mit,101
https://github.com/jwiegley/coq-pipes,none,98
https://github.com/DistributedComponents/disel,bsd-2-clause,96
https://github.com/inQWIRE/QWIRE,mit,96
https://github.com/amintimany/Categories,none,95
https://github.com/clarus/falso,mit,93
https://github.com/TheoWinterhalter/formal-type-theory,mit,90
https://github.com/robbertkrebbers/ch2o,other,88
https://github.com/TiarkRompf/collapsing-towers,none,87
https://github.com/coq-concurrency/pluto,mit,87
https://github.com/uds-psl/MPCTT,none,86
https://github.com/DeepSpec/dsss17,none,86
https://github.com/TiarkRompf/minidot,none,83
https://github.com/plclub/hs-to-coq,mit,82
https://github.com/inQWIRE/SQIR,mit,81
https://github.com/UniMath/Schools,none,79
https://github.com/pi8027/lambda-calculus,none,79
https://github.com/IBM/FormalML,apache-2.0,75
https://github.com/plclub/metalib,other,74
https://github.com/bluerock-io/BRiCk,other,73
https://github.com/gtjennings1/UPDuino_v2_0,none,73
https://github.com/ml4tp/gamepad,apache-2.0,72
https://github.com/sfja/sfja,mit,71
https://github.com/coq-community/hydra-battles,mit,70
https://github.com/imdea-software/htt,apache-2.0,70
https://github.com/coq-community/coqeal,other,68
https://github.com/INRIA/velus,other,65
https://github.com/coq-io/io,mit,64
https://github.com/sweirich/corespec,bsd-3-clause,64
https://github.com/TiarkRompf/scala-escape,bsd-3-clause,63
https://github.com/samuelgruetter/dot-calculus,none,63
https://github.com/codyroux/name-the-biggest-number,mit,63
https://github.com/SSProve/ssprove,mit,60
https://github.com/choukh/Set-Theory,mit,59
https://github.com/sigurdschneider/lvc,mit,57
https://github.com/mit-plv/bedrock,other,57
https://github.com/peterlefanulumsdaine/general-type-theories,none,57
https://github.com/querycert/qcert,apache-2.0,56
https://github.com/tcarstens/verlang,unlicense,54
https://github.com/coq-community/autosubst,mit,54
https://github.com/anton-trunov/coq-lecture-notes,none,54
https://github.com/philzook58/nand2coq,none,54
https://github.com/sipa/safegcd-bounds,none,53
https://github.com/geohot/coq-hardy,none,53
https://github.com/MichaelBurge/pornview,none,52
https://github.com/lthms/FreeSpec,mpl-2.0,52
https://github.com/Mtac2/Mtac2,other,52
https://github.com/mit-plv/rupicola,mit,52
https://github.com/NVlabs/ptxmemorymodel,bsd-3-clause,52
https://github.com/jtassarotti/coq-proba,apache-2.0,51
https://github.com/adampetcher/fcf,other,49
https://github.com/uwplse/pumpkin-pi,mit,49
https://github.com/tchajed/iris-simp-lang,mit,49
https://github.com/cmeiklejohn/distributed-data-structures,none,49
https://github.com/arthuraa/poleiro,mit,47
https://github.com/Veridise/Coda,mit,47
https://github.com/math-comp/finmap,none,47
https://github.com/coq-community/semantics,mit,47
https://github.com/coq-community/topology,other,47
https://github.com/foreverbell/verified,none,46
https://github.com/Lysxia/profunctor-monad,mit,45
https://github.com/coq-community/paramcoq,other,45
https://github.com/coq-community/fav-ssr,mit,45
https://github.com/snu-sf/paco,other,45
https://github.com/choukh/Baby-Set-Theory,cc0-1.0,44
https://github.com/pirapira/evmverif,apache-2.0,44
https://github.com/sweirich/replib,mit,44
https://github.com/TiarkRompf/reachability,none,44
https://github.com/garrigue/certint,none,43
https://github.com/tchajed/ltac2-tutorial,none,43
https://github.com/wouter-swierstra/xmonad,other,43
https://github.com/coq-community/dedekind-reals,mit,43
https://github.com/tchajed/coq-record-update,mit,43
https://github.com/coq-community/parseque,mit,42
https://github.com/mit-plv/coqutil,mit,42
https://github.com/plclub/cis670-16fa,mit,42
https://github.com/coq-community/reglang,other,41
https://github.com/CertiCoq/VeriFFI,mit,41
https://github.com/OUPL/MLCert,none,41
https://github.com/yugithub/OFDM-baseband,none,41
https://github.com/xavierleroy/cdf-program-logics,none,40
https://github.com/liufengyun/stoic,none,40
https://github.com/Lysxia/advent-of-coq-2021,none,40
https://github.com/charguer/tlc,other,39
https://github.com/RSPwFPGAs/opae-xilinx,bsd-3-clause,39
https://github.com/dbp/howtoproveacompiler,none,39
https://github.com/tlringer/proof-demos,none,38
https://github.com/vlopezj/coq-course,none,38
https://github.com/awslabs/aws-lc-verification,apache-2.0,38
https://github.com/HIPERFIT/contracts,mit,38
https://github.com/takanuva/cps,bsd-3-clause,37
https://github.com/gangtan/CPUmodels,none,36
https://github.com/fblanqui/color,other,36
https://github.com/inQWIRE/QuantumLib,other,35
https://github.com/smtcoq/sniper,other,35
https://github.com/coq-community/graph-theory,none,35
https://github.com/ChezJrk/verified-scheduling,none,35
https://github.com/langston-barrett/coq-big-o,mpl-2.0,35
https://github.com/snu-sf/promising-coq,mit,35
https://github.com/bit-mips/bitmips_experiments,none,34
https://github.com/aa755/ROSCoq,none,34
https://github.com/Lysxia/system-F,none,34
https://github.com/marshall-lee/software_foundations,mit,33
https://github.com/vellvm/vellvm-legacy,none,33
https://github.com/pedrotst/coquedille,none,33
https://github.com/EasyCrypt/certicrypt,other,33
https://github.com/math-comp/algebra-tactics,none,33
https://github.com/logsem/aneris,mit,33
https://github.com/coq-community/chapar,mit,32
https://github.com/bmsherman/topology,mit,32
https://github.com/pedagand/MPRI-2.4-DTP,none,32
https://github.com/jwiegley/bytestring-fiat,other,32
https://github.com/Lysxia/coq-simple-io,mit,32
https://github.com/coq-community/coq-program-verification-template,other,31
https://github.com/0xf3cd/CPU54-Pipeline,none,31
https://github.com/codyroux/broad-coq-tutorial,none,31
https://github.com/uds-psl/coq-library-complexity,other,30
https://github.com/pa-ba/calc-comp,none,30
https://github.com/vafeiadis/hahn,mit,30
https://github.com/coq-community/gaia,mit,30
https://github.com/arthuraa/extructures,mit,29
https://github.com/math-comp/odd-order,none,29
https://github.com/ichistmeinname/free-proving,none,29
https://github.com/tezos/tezoscoq,none,28
https://github.com/coq-community/goedel,mit,28
https://github.com/imdea-software/fcsl-pcm,apache-2.0,28
https://github.com/math-comp/Abel,none,28
https://github.com/coq-community/lemma-overloading,other,27
https://github.com/mit-plv/bbv,mit,27
https://github.com/acorrenson/SATurne,mit,27
https://github.com/coq-ext-lib/coq-compile,mit,26
https://github.com/dboulytchev/miniKanren-coq,none,26
https://github.com/novifinancial/LibraChain,apache-2.0,26
https://github.com/tchajed/coq-tla,none,26
https://github.com/affeldt-aist/coq-robot,none,26
https://github.com/reynir/Brainfuck,none,26
https://github.com/runtimeverification/algorand-verification,other,26
https://github.com/math-comp/mczify,none,25
https://github.com/AU-COBRA/PoS-NSB,mit,25
https://github.com/CategoricalData/HoTT-categories,none,25
https://github.com/konne88/bagpipe,mit,25
https://github.com/lastland/ClairvoyanceMonad,mit,24
https://github.com/arthuraa/deriving,mit,24
https://github.com/QinxiangCao/UnifySL,none,24
https://github.com/Javran/Thinking-dumps,none,24
https://github.com/weakmemory/imm,mit,24
https://github.com/sweirich/graded-haskell,mit,24
https://github.com/thery/hanoi,mit,24
https://github.com/max2468tw/IC_Lab,none,24
https://github.com/vzaliva/helix,none,24
https://github.com/Zilliqa/scilla-coq,bsd-2-clause,24
https://github.com/mit-frap/spring18,none,23
https://github.com/CoqHott/logrel-coq,mit,23
https://github.com/coq-community/atbr,other,23
https://github.com/dunnl/tealeaves,mit,23
https://github.com/dricketts/teaching-concurrency,mit,23
https://github.com/coq-io/system,mit,23
https://github.com/uwplse/cheerios,bsd-2-clause,23
https://github.com/yzyzsun/CP-next,other,23
https://github.com/pi8027/stablesort,none,22
https://github.com/Coq-Polyhedra/Coq-Polyhedra,other,22
https://github.com/bobatkey/system-f-parametricity-model,none,22
https://github.com/sifive/ProcKami,apache-2.0,22
https://github.com/coq-community/bits,apache-2.0,22
https://github.com/ropas/zooberry,other,22
https://github.com/robbertkrebbers/compcert,other,22
https://github.com/kunalg123/riscv_workshop_collaterals,none,22
https://github.com/mit-plv/rewriter,other,22
https://github.com/thery/T2048,none,22
https://github.com/maximedenes/coq-amd64,none,22
https://github.com/Yosuke-Ito-345/Actuary,mit,21
https://github.com/uwplse/StructTact,bsd-2-clause,21
https://github.com/ankitku/TAL0,mit,21
https://github.com/CertiKOS/coqrel,other,21
https://github.com/ynot-harvard/ynot,other,21
https://github.com/Matafou/LibHyps,mit,21
https://github.com/katydid/regex-deriv-coq,apache-2.0,21
https://github.com/mgrabovsky/fm-notes,other,21
https://github.com/braibant/Synthesis,other,21
https://github.com/Huxpro/WasmCert,mit,21
https://github.com/kai-qu/linear-logic,none,21
https://github.com/jonsterling/coq-guarded-computational-type-theory,none,20
https://github.com/tymmym/software-foundations,none,20
https://github.com/micro-policies/micro-policies-coq,other,20
https://github.com/picodma/picodma-fpga,mit,20
https://github.com/fredfeng/CS292C,none,20
https://github.com/logsem/clutch,mit,20
https://github.com/coq-quantum/CoqQ,mit,20
https://github.com/jonleivent/mindless-coding-phase2,mit,20
https://github.com/mit-frap/spring22,none,20
https://github.com/jwiegley/coq-lattice,none,20
https://github.com/coq-community/apery,other,20
https://github.com/mmcco/verified-parser-example,bsd-3-clause,20
https://github.com/mit-frap/spring17,none,20
https://github.com/arthuraa/memory-safe-language,none,19
https://github.com/google/coq-bpf,apache-2.0,19
https://github.com/xavierleroy/canonical-binary-tries,bsd-3-clause,19
https://github.com/l2ctsinghua/l2c,other,19
https://github.com/gmalecha/mirror-core,other,19
https://github.com/heades/System-F-Coq,none,19
https://github.com/inQWIRE/VyZX,mit,19
https://github.com/jwiegley/coq-cds4ltl,none,19
https://github.com/rodrigogribeiro/unification,none,19
https://github.com/logsem/cerise,other,19
https://github.com/mit-frap/spring20,none,19
https://github.com/rocq-archive/ltl,none,19
https://github.com/julesjacobs/cgraphs,other,19
https://github.com/atungare/coq-software-foundations,none,19
https://github.com/choukh/CategoryTheory,cc0-1.0,19
https://github.com/gmalecha/coq-printf,mit,18
https://github.com/lpw25/shifted-names,none,18
https://github.com/jonsterling/coq-domains,none,18
https://github.com/Lysxia/coq-ceres,mit,18
https://github.com/styzystyzy/Axiomatic_Set_Theory,other,18
https://github.com/2xs/pipcore,other,18
https://github.com/itleigns/CoqLibrary,mit,18
https://github.com/kushti/flp,none,18
https://github.com/aslanix/SmallStepNI,none,18
https://github.com/fetburner/coq-dijkstra,mit,18
https://github.com/lastland/WebSpec,none,18
https://github.com/mit-frap/spring21,none,18
https://github.com/CertiGraph/CertiGraph,mit,18
https://github.com/coq-io/hello-world,mit,17
https://github.com/fetburner/type-infer,mit,17
https://github.com/gmalecha/coq-interaction-trees,none,17
https://github.com/snu-sf-class/pp202202,none,17
https://github.com/suharahiromichi/coq,none,17
https://github.com/pleiad/Refinements,none,17
https://github.com/math-comp/tutorial_material,none,17
https://github.com/hablapps/LensAlgebra,apache-2.0,17
https://github.com/nmvdw/Three-HITs,none,17
https://github.com/takanuva/coc,bsd-3-clause,17
https://github.com/jwiegley/linearscan,bsd-3-clause,17
https://github.com/liyishuai/coq-http,mpl-2.0,17
https://github.com/uwplse/oeuf,none,17
https://github.com/charguer/formalmetacoq,other,17
https://github.com/matthesjh/coq-tal,mit,17
https://github.com/shwetasshinde24/BesFS,none,17
https://github.com/ekmett/homotopy,none,17
https://github.com/katamaran-project/katamaran,other,17
https://github.com/GaloisInc/cryptol-semantics,none,16
https://github.com/Coq-Math-Problems/Problems,none,16
https://github.com/SimonBoulier/TypingFlags,none,16
https://github.com/bedrocksystems/coq-lens,other,16
https://github.com/tchajed/coq-tactical,mit,16
https://github.com/xnning/Consistent-Subtyping-for-All,none,16
https://github.com/imfd/GraphCoQL,none,16
https://github.com/irinacake/notesMaster1,mit,16
https://github.com/DistributedComponents/InfSeqExt,none,16
https://github.com/Event-Structures/event-struct,mit,16
https://github.com/hephaestus-pl/coqfj,mit,16
https://github.com/coq-community/coqtail-math,other,15
https://github.com/lkilcher/pyTurbSim,other,15
https://github.com/roglo/banach_tarski,other,15
https://github.com/mattam82/Forcing,none,15
https://github.com/dbp/howtoprovefullabstraction,none,15
https://github.com/fsieczkowski/System-T,none,15
https://github.com/joscoh/why3-semantics,mit,15
https://github.com/strub/elliptic-curves-ssr,other,15
https://github.com/carliros/software-foundations-book,none,15
https://github.com/jashug/FormalizedCompilerAlgorithms,mit,15
https://github.com/vellvm/ctrees,mit,15
https://github.com/cpdt-japanese/cpdt-japanese,mit,15
https://github.com/snu-sf/crellvm,none,15
https://github.com/vladoovtcharov/Software-Foundations-Solutions,none,15
https://github.com/bitemyapp/ledgertheory,other,14
https://github.com/bacam/coqjvm,none,14
https://github.com/tuura/selective-theory-coq,none,14
https://github.com/coq-community/huffman,other,14
https://github.com/atlanmod/coqtl,other,14
https://github.com/vsdip/vsdflow,apache-2.0,14
https://github.com/math-comp/multinomials,other,14
https://github.com/nbenton/x86proved,apache-2.0,14
https://github.com/coq-community/tarjan,none,14
https://github.com/relrod/ct,none,14
https://github.com/ppashakhanloo/verilog-adders,none,14
https://github.com/acorrenson/minilog,mit,14
https://github.com/rocq-archive/group-theory,none,14
https://github.com/ivashkev/math-formalizations,none,14
https://github.com/arthuraa/coq-utils,mit,14
https://github.com/csgordon/coq-fsharp,bsd-3-clause,14
https://github.com/CategoricalData/catdb,mit,14
https://github.com/cmeiklejohn/vvclocks,none,13
https://github.com/pi8027/efficient-finfun,none,13
https://github.com/mit-plv/hemiola,mit,13
https://github.com/nagaet/Garrigue-lecture-2018_AW,none,13
https://github.com/volodeyka/trust-coq,none,13
https://github.com/rfindler/395-2013,none,13
https://github.com/CoqHott/Program-translations-CC-omega,none,13
https://github.com/Delta456/ascii_robot,mit,13
https://github.com/mit-pdos/6.826-2017-labs,other,13
https://github.com/math-comp/real-closed,none,13
https://github.com/DistributedComponents/verdi-lockserv,bsd-2-clause,13
https://github.com/anderslundstedt/pca-realizability,mit,13
https://github.com/uds-psl/autosubst-ocaml,mit,13
https://github.com/mit-pdos/6.826-2020-labs,other,13
https://github.com/yforster/coq-verified-extraction,mit,13
https://github.com/codyroux/hoare-toy,none,13
https://github.com/daniellustig/coatcheck,mit,13
https://github.com/xnning/Row-and-Bounded-via-Disjoint,none,13
https://github.com/coq-community/regexp-Brzozowski,mit,13
https://github.com/darshangm92/Implementation-of-OFDM-Transmitter-using-Intel-DE2i--150-FPGA-board,none,13
https://github.com/jdoughertyii/hott-species,mit,12
https://github.com/thery/grobner,none,12
https://github.com/antalsz/urn-random,mit,12
https://github.com/ekmett/comonad-transformers,other,12
https://github.com/uds-psl/CoqTM,mit,12
https://github.com/serras/sf-exercises,none,12
https://github.com/shlevy/cat-fiat,other,12
https://github.com/acowley/LinearLogic,none,12
https://github.com/Whu-Lambda/Lambda-Cube,none,12
https://github.com/samuelgruetter/riscv-coq,bsd-3-clause,12
https://github.com/formalize/coq-vyper,apache-2.0,12
https://github.com/FFaissole/Valuations,other,12
https://github.com/raaz-crypto/verse-coq,apache-2.0,12
https://github.com/GaloisInc/saw-core-coq,bsd-3-clause,12
https://github.com/pi8027/formalized-postscript,none,12
https://github.com/sutajiokousagi/betrusted-soc,other,12
https://github.com/pa-ba/McCarthy-Painter,none,12
https://github.com/PrincetonUniversity/compcomp,other,12
https://github.com/CoqHott/coq-forcing,none,12
https://github.com/mit-pdos/cspec,other,12
https://github.com/QuickChick/IFC,other,12
https://github.com/gmalecha/coq-ltac-iter,mit,12
https://github.com/rems-project/islaris,other,12
https://github.com/UniMath/largecatmodules,none,11
https://github.com/olivierverdier/GeometricAlgebra,mit,11
https://github.com/ymanerka/pipeproof,mit,11
https://github.com/JetBrains/ot-coq,apache-2.0,11
https://github.com/y-taka-23/concepts-of-proglangs,none,11
https://github.com/tchajed/coq-ltac2-experiments,none,11
https://github.com/drouhling/LaSalle,none,11
https://github.com/kayceesrk/cs6225_s21_iitm,mit,11
https://github.com/ezyang/HoTT-coqex,none,11
https://github.com/snu-sf/Ordinal,mit,11
https://github.com/fabriceleal/Software-Foundations-Solutions,none,11
https://github.com/choukh/MetaZF,cc0-1.0,11
https://github.com/JasonGross/coq-tactics,mit,11
https://github.com/GaloisInc/BESSPIN-Voting-System-Demonstrator-2019,other,11
https://github.com/jtassarotti/polaris,other,11
https://github.com/plum-umd/checkedc,none,11
https://github.com/csvoss/coqingbird,none,11
https://github.com/wkolowski/Type-Theory-Wishlist,none,11
https://github.com/tangentforks/FourColorTheorem,other,11
https://github.com/llelf/kex,none,11
https://github.com/wkolowski/Typonomikon,none,11
https://github.com/tlively/BrainCoqulus,none,11
https://github.com/pa-ba/reg-machine,none,11
https://github.com/AdaCore/sparkformal,none,11
https://github.com/peterlefanulumsdaine/hott-limits,none,11
https://github.com/mit-pdos/argosy,mit,11
https://github.com/bollu/diffgeo,none,11
https://github.com/uds-psl/coq-synthetic-computability,mit,10
https://github.com/DistributedComponents/verdi-chord,bsd-2-clause,10
https://github.com/quinn-dougherty/ladr,none,10
https://github.com/benediktahrens/monads,unlicense,10
https://github.com/michaelsproul/dblib-linear,none,10
https://github.com/styzystyzy/Axiom_of_Choice,other,10
https://github.com/arthuraa/cufp-2015-tutorial,none,10
https://github.com/sftypes/software-foundations,none,10
https://github.com/tchajed/coq-io,mit,10
https://github.com/jdoughertyii/hott-exercises,mit,10
https://github.com/akr/coq-html-escape,none,10
https://github.com/thery/PolTac,none,10
https://github.com/kolya-vasiliev/logical-foundations-2018,none,10
https://github.com/eddywestbrook/predicate-monads,mit,10
https://github.com/CTSRD-CHERI/sail-cheri-mips,other,10
https://github.com/mit-pdos/6.826-2019-labs,other,10
https://github.com/lawrie/pico_ram_soc,none,10
https://github.com/nmvdw/groupoids,none,10
https://github.com/coqtail/coqtail,other,10
https://github.com/Zdancewic/linearity,none,10
https://github.com/arthuraa/beaq,mit,10
https://github.com/ipdl/ipdl,mit,10
https://github.com/CertiKOS/compcert.old,other,10
https://github.com/hablapps/LensStateIsYourFather,apache-2.0,10
https://github.com/AU-COBRA/coq-rust-extraction,mit,10
https://github.com/rocq-archive/pi-calc,none,10
https://github.com/harp-project/Core-Erlang-Formalization,other,10
https://github.com/mmcco/Verified-BPF,bsd-3-clause,10
https://github.com/nbenton/coqdomains,none,10
https://github.com/VeriNum/VerifiedLeapfrog,mit,10
https://github.com/rocq-archive/pts,none,10
https://github.com/lthms/coq-MiniHTTPServer,none,10
https://github.com/epfl-lara/SystemFR,mit,9
https://github.com/Galaxies99/Logical-Foundations,mit,9
https://github.com/tchajed/goedel-t,none,9
https://github.com/mroman42/math-dgiim,mit,9
https://github.com/rocq-archive/regexp,none,9
https://github.com/arthuraa/cryptis,mit,9
https://github.com/QinxiangCao/LOGIC,none,9
https://github.com/decrn/tilogics,bsd-2-clause,9
https://github.com/neshkeev/Logical-Foundations,mit,9
https://github.com/nyu-acsys/template-proofs,other,9
https://github.com/Operational-Transformation/ot.v,mit,9
https://github.com/arthurbeggs/riscv-simpler,other,9
https://github.com/Lysxia/coq-recursion-schemes,none,9
https://github.com/clayrat/coherence-spaces,none,9
https://github.com/epfl-lara/scallion-proofs,apache-2.0,9
https://github.com/jasmin-lang/coqword,mit,9
https://github.com/readablesystems/cs260r-17,none,9
https://github.com/JasonGross/coq-scripts,mit,9
https://github.com/samuelgruetter/coq-smt-notations,none,9
https://github.com/PLSysSec/veriwasm-verification,mit,9
https://github.com/herd/CoqCat,none,9
https://github.com/logsem/free-theorems-sl,none,9
https://github.com/gstew5/games,bsd-2-clause,9
https://github.com/acorrenson/automatik,mit,9
https://github.com/jashug/IWTypes,mit,9
https://github.com/zhengyao-lin/sf-lf,mit,9
https://github.com/coq-community/comp-dec-modal,other,9
https://github.com/tabareau/Cocasse,none,9
https://github.com/gmalecha/mirror-shard,other,9
https://github.com/logsem/melocoton,other,9
https://github.com/m0rphism/definitional,none,9
https://github.com/KiJeong-Lim/DschingisKhan,none,9
https://github.com/STFleming/StitchUp,none,9
https://github.com/konne88/SpaceSearch,none,9
https://github.com/MathiasVP/ni-formal-gc,mit,9
https://github.com/phadej/lens-laws,none,9
https://github.com/siraben/coq-wigderson,mit,9
https://github.com/kendroe/CoqPIE,mit,8
https://github.com/aspiwack/finset,other,8
https://github.com/daveshah1/flow-examples,isc,8
https://github.com/snu-sf-class/sf202002,none,8
https://github.com/CageW/COA2_FPGA,none,8
https://github.com/llbit/Pigeonhole-Principle,none,8
https://github.com/verified-network-toolchain/leapfrog,apache-2.0,8
https://github.com/tmiya/coq,none,8
https://github.com/trommler/VeriGHC,other,8
https://github.com/CoqHott/univalent_parametricity,none,8
https://github.com/julbinb/concept-params,mit,8
https://github.com/kit-ty-kate/why3,other,8
https://github.com/wangpengmit/6887psets,none,8
https://github.com/sighingnow/amazing-coq,mit,8
https://github.com/markisus/coq-ski,mit,8
https://github.com/amutake/coq-extensible-effects,none,8
https://github.com/Orbis-Tertius/Coq-Arithmetization,apache-2.0,8
https://github.com/lukaszcz/infinitary-confluence,none,8
https://github.com/lijia73/Experiments-in-Digital-Circuit,none,8
https://github.com/OmarFasseh/Verilog-CNN,none,8
https://github.com/jalpuim/disjoint-intersection-types,none,8
https://github.com/mmaleki/LogicalDifferentiation,mit,8
https://github.com/UniMath/SetHITs,none,8
https://github.com/CoqHott/DICoq,none,8
https://github.com/normanrink/TensorIR,mit,8
https://github.com/roglo/coq_real,none,8
https://github.com/FreeProving/free-proving-code,none,8
https://github.com/joscoh/graph-proofs,none,8
https://github.com/secure-compilation/exploring-robust-property-preservation,apache-2.0,8
https://github.com/SJTU-PLV/nominal-compcert-popl22-artifact,none,8
https://github.com/juda/Recursive-Subtyping-for-All,none,8
https://github.com/GavinMendelGleason/code,none,8
https://github.com/hyonzin/wallace-tree,none,7
https://github.com/kskkss1/CNN_ZYNQ_HLS,none,7
https://github.com/snu-sf-class/sf201902,none,7
https://github.com/codyroux/tinymatch,apache-2.0,7
https://github.com/wjzz/Agda-small-developments-and-examples,none,7
https://github.com/MihirShah10/BIST-for-DFT-Applications,none,7
https://github.com/TyGuS/ssl-htt,none,7
https://github.com/clarus/cybele,mit,7
https://github.com/thoughtpolice/coq-skeleton,none,7
https://github.com/ppedrot/ll-coq,wtfpl,7
https://github.com/roglo/cauchy_schwarz,other,7
https://github.com/nmvdw/RezkCompletion,none,7
https://github.com/Lysxia/coq-mtl,none,7
https://github.com/cverified/cbench-vst,none,7
https://github.com/CoqHott/coq-effects,wtfpl,7
https://github.com/gtanzer/verse,none,7
https://github.com/AshleyYakeley/maths,none,7
https://github.com/rocq-archive/gc,none,7
https://github.com/tchajed/iris-named-props,mit,7
https://github.com/Ptival/extensible-nanopass-compiler,none,7
https://github.com/braibant/exploit-plugin,other,7
https://github.com/FTRobbin/Ironwood,none,7
https://github.com/AnandoUS/Phonon_scattering_frequency_dependence,none,7
https://github.com/secure-compilation/when-good-components-go-bad,apache-2.0,7
https://github.com/ppedrot/coq-forcing,none,7
https://github.com/emeb/orangecrab_adc,none,7
https://github.com/LambdaQs/lambda-qs,mit,7
https://github.com/verified-network-toolchain/VerifiableP4,apache-2.0,7
https://github.com/LASER-UMASS/Diva,mit,7
https://github.com/xuanruiqi/categories,mit,7
https://github.com/AU-COBRA/AUCurves,mit,7
https://github.com/mcopes73/FTA,none,7
https://github.com/vmurali/SeqConsistency,none,7
https://github.com/coq-community/coq-performance-tests,mit,7
https://github.com/izgzhen/iris-c-coq,none,7
https://github.com/CertiGraph/CertiGC,other,7
https://github.com/anshumanmohan/CertiGraph-VST,other,7
https://github.com/stanislaw/berlin-software-verification-meetup,none,7
https://github.com/jouvelot/mech.v,none,7
https://github.com/thery/lemonde,mit,7
https://github.com/tchajed/coq-sep-logic,none,7
https://github.com/goldfirere/ott-tutorial,none,7
https://github.com/hpbrown92/Coq-Solutions,none,7
https://github.com/xuanruiqi/commalg,mit,7
https://github.com/xuanruiqi/algebraic-geometry,none,7
https://github.com/emtst/zooid-cmpst,mit,7
https://github.com/rocq-archive/euclidean-geometry,none,7
https://github.com/amintimany/CTDT,none,7
https://github.com/barras/cic-model,none,7
https://github.com/nmvdw/HITs-Examples,none,7
https://github.com/math-comp/POPLmark,none,7
https://github.com/wouter-swierstra/Bird,none,7
https://github.com/snu-sf/CompCertM,none,6
https://github.com/Gurkenglas/gpt3coq,none,6
https://github.com/dragonwasrobot/simpl-lang,none,6
https://github.com/coq-community/zorns-lemma,other,6
https://github.com/lpw25/row-subtyping,none,6
https://github.com/gares/math-comp-school-2022,none,6
https://github.com/euisuny/icfp22-layered-monadic-interpreters,none,6
https://github.com/wangpengmit/ssmatrix-theory,none,6
https://github.com/sifive/FpuKami,apache-2.0,6
https://github.com/thery/FlocqLecture,mit,6
https://github.com/bacam/handlers-in-ott,none,6
https://github.com/erikmd/docker-coq-github-action-demo,mit,6
https://github.com/mkolosick/Software-Foundations-Exercises,none,6
https://github.com/TheoWinterhalter/ett-to-wtt,none,6
https://github.com/lukaszcz/COQ-IMP,none,6
https://github.com/acorrenson/BF,mit,6
https://github.com/UniMath/GrpdHITs,none,6
https://github.com/t6s/qecc,none,6
https://github.com/facebookresearch/shack,mit,6
https://github.com/tinkerrobot/Software_Foundations_Solutions2,mit,6
https://github.com/robdockins/domains,bsd-3-clause,6
https://github.com/TheoWinterhalter/sirtt,none,6
https://github.com/txyyss/FormalMath,none,6
https://github.com/formalize/coq-evm,apache-2.0,6
https://github.com/annenkov/futhark-extract,none,6
https://github.com/artart78/coq-bitset,apache-2.0,6
https://github.com/jwiegley/set-theory,none,6
https://github.com/DmxLarchey/Introduction-to-Coq,none,6
https://github.com/brightfu/CertiuCOS2,none,6
https://github.com/rocq-archive/fermat4,none,6
https://github.com/inQWIRE/LinearTypingContexts,none,6
https://github.com/samuelgruetter/coq-tricks,none,6
https://github.com/Barry-Jay/Tree-calculus,mit,6
https://github.com/tm507211/CoqPerceptron,bsd-3-clause,6
https://github.com/DmxLarchey/Coq-Phase-Semantics,none,6
https://github.com/dbp/literatecoq,isc,6
https://github.com/uncomputable/natural-number-game,apache-2.0,6
https://github.com/rocq-archive/propcalc,none,6
https://github.com/rocq-archive/containers,none,6
https://github.com/uwplse/analytics-data,none,6
https://github.com/funcao/LML,bsd-3-clause,6
https://github.com/sweirich/equations-ln,mit,6
https://github.com/verified-network-toolchain/Verified-FEC,other,6
https://github.com/bmsherman/finite,none,6
https://github.com/mit-pdos/deepspec-pocs,other,6
https://github.com/wangjwchn/sparcv8-coq,none,6
https://github.com/sarahzrf/coq-depleted,none,6
https://github.com/lsils/date2020_experiments,none,6
https://github.com/thery/Plouffe,mit,6
https://github.com/aa755/paramcoq-iff,none,6
https://github.com/palmskog/ocaml-light,none,6
https://github.com/TheoWinterhalter/ett-to-itt,none,6
https://github.com/yforster/coq-synthetic-computability,none,6
https://github.com/holgerthies/coq-aern,mit,6
https://github.com/Eelis/hybrid,none,6
https://github.com/gstew5/cage,bsd-2-clause,6
https://github.com/jbapple/priority-queues,none,6
https://github.com/cornell-netlab/sigcomm21-tutorial,mit,6
https://github.com/progval/LambdaCert,none,6
https://github.com/Mbodin/coq-alternative-facts,none,6
https://github.com/SrikanthGadde/KalmanFilter-FPGA,none,6
https://github.com/gmalecha/coq-extensible-records,mit,6
https://github.com/martijnvermaat/infinitary-rewriting-coq,other,6
https://github.com/wricciot/nullSQL,none,6
https://github.com/smunaut/ecp5-speed,none,6
https://github.com/formal-land/coq-of-go,mit,6
https://github.com/o29/n2o,other,6
