https://github.com/keikaavousi/fake-store-api,mit,2267
https://github.com/jaywcjlove/github-rank,mit,2164
https://github.com/Ovi/DummyJSON,other,2019
https://github.com/github/haikus-for-codespaces,mit,1992
https://github.com/d3ward/toolz,other,1399
https://github.com/aaronshaf/dynamodb-admin,mit,1367
https://github.com/heroku/node-js-getting-started,none,1080
https://github.com/essay-org/essay,mit,950
https://github.com/jaketrent/html-webpack-template,mit,829
https://github.com/Haojen/hexo-theme-Anisina,apache-2.0,764
https://github.com/miiiku/hexo-theme-flexblock,mit,627
https://github.com/godweiyang/hexo-theme-sungod,apache-2.0,501
https://github.com/theme-particlex/hexo-theme-particlex,mit,458
https://github.com/jhipster/jhipster-kotlin,apache-2.0,454
https://github.com/Th30neAnd0nly/TrackDown,apache-2.0,446
https://github.com/YenYuHsuan/hexo-theme-beantech,apache-2.0,444
https://github.com/benc-uk/k6-reporter,mit,414
https://github.com/harrynull/bilibili_blacklist,mit,406
https://github.com/iamturns/create-exposed-app,mit,405
https://github.com/rocketseat-education/nlw-06-discover,none,394
https://github.com/mazipan/bulma-admin-dashboard-template,mit,391
https://github.com/mapbox/mbview,isc,381
https://github.com/lh1me/hexo-theme-aomori,mit,379
https://github.com/geektutu/hexo-theme-geektutu,apache-2.0,324
https://github.com/jhipster/jhipster-dotnetcore,apache-2.0,317
https://github.com/ChenYFan/blog,none,305
https://github.com/huweihuang/hexo-theme-huweihuang,apache-2.0,286
https://github.com/aws-samples/eb-node-express-sample,apache-2.0,280
https://github.com/zhaoo/hexo-theme-zhaoo,mit,272
https://github.com/ixartz/Eleventy-Starter-Boilerplate,mit,270
https://github.com/jhipster/generator-jhipster-react-native,apache-2.0,266
https://github.com/parksb/papers-i-love,none,266
https://github.com/jhipster/generator-jhipster-nodejs,apache-2.0,259
https://github.com/vue-microfrontends/root-config,mit,252
https://github.com/blackshow/hexo-theme-freemind.386,mit,234
https://github.com/adisaktijrs/hexo-theme-minima,mit,231
https://github.com/wujun234/hexo-theme-tree,mit,218
https://github.com/LondheShubham153/node-todo-cicd,none,212
https://github.com/react-microfrontends/root-config,mit,212
https://github.com/ch1oechao/hexo-theme-hollow,mit,209
https://github.com/jaywcjlove/sgo,mit,207
https://github.com/gaoryrt/hexo-theme-pln,mit,206
https://github.com/CinemaPress/CinemaPress,mit,204
https://github.com/bmshifat/TecSpy,apache-2.0,202
https://github.com/journey-ad/chat-room,mit,201
https://github.com/theme-kaze/hexo-theme-kaze,mit,196
https://github.com/isellsoap/specificity-visualizer,mit,195
https://github.com/jeopardization/Zyklon,none,182
https://github.com/SukkaW/hexo-theme-doku,mit,176
https://github.com/bangajs/banga-cli,mit,157
https://github.com/zonemeen/netease-recent-profile,mit,155
https://github.com/NexelionSystems/NorthClient,mit,153
https://github.com/jhipster/generator-jhipster-quarkus,apache-2.0,143
https://github.com/fazt/crud-nodejs-mysql,none,141
https://github.com/jhipster/generator-jhipster-entity-audit,apache-2.0,139
https://github.com/ActiveCampaign/PactMaker,mit,137
https://github.com/fsojitra/Node.js-Register-Login-App,mit,134
https://github.com/GovTechSG/oobee,mit,123
https://github.com/yuxqiu/bitcron-pro,none,121
https://github.com/BiYuqi/webpack-seed,mit,114
https://github.com/mazipan/bulma-resume-template,mit,110
https://github.com/guruhariharaun/Registration-and-Login-Form-in-Nodejs-and-MongoDB,mit,108
https://github.com/codemistic/HacktoberFest,mit,107
https://github.com/MUYIio/hexo-themes-matery,apache-2.0,103
https://github.com/jhipster/generator-jhipster-micronaut,apache-2.0,99
https://github.com/nightwatchjs/nightwatch-docs,mit,98
https://github.com/ytmous/ytmous,bsd-3-clause,95
https://github.com/rocketseat-education/maratona-discover-02,none,95
https://github.com/mrothenbuecher/zpl-rest,mit,93
https://github.com/Ares-X/hexo-theme-freemind.bithack,mit,93
https://github.com/Th30neAnd0nly/Psi,mit,90
https://github.com/xbmlz/hexo-theme-maple,other,88
https://github.com/balena-labs-projects/rosetta-at-home,none,80
https://github.com/QuebraDev/quebradev.github.io,none,79
https://github.com/hotwired/turbo-native-demo,none,78
https://github.com/IonicaBizau/blah,mit,73
https://github.com/FaztWeb/first-node-express-app,none,71
https://github.com/RaddyTheBrand/RecipeBlog-MongoDB-Node.js,mit,71
https://github.com/fengkx/hexo-theme-purer,mit,70
https://github.com/wizardforcel/it-ebooks-blog,none,70
https://github.com/thearkxd/discord-code-share-website,mit,70
https://github.com/nexmoe/hexo-theme-yet-the-books,mit,69
https://github.com/auth0-samples/auth0-express-webapp-sample,mit,69
https://github.com/maykbrito/gerar-pdf-com-node-puppeteer,none,67
https://github.com/glenndehaan/unifi-voucher-site,mit,67
https://github.com/jysperm/blog,none,66
https://github.com/jhipster/generator-jhipster-svelte,apache-2.0,65
https://github.com/zcy-inc/weekly-back,mit,63
https://github.com/globalprivacycontrol/reference-server-express,other,63
https://github.com/d3ward/kiwihub,other,62
https://github.com/netbootxyz/webapp,apache-2.0,59
https://github.com/ninesystems/node-chat-one-to-one,mit,57
https://github.com/godaddy/lighthouse4u,mit,57
https://github.com/ocoke/hexo-theme-miracle,mit,57
https://github.com/YSMull/fenbi-helper,none,56
https://github.com/merlinofcha0s/generator-jhipster-flutter,none,55
https://github.com/conorbailey90/Google-Auth,none,54
https://github.com/NTMNathan/discord-dashboard,isc,54
https://github.com/Wizqdev/Hosting-Website,mit,52
https://github.com/kardespro/hastebin-site,none,51
https://github.com/ecomplus/storefront-starter,apache-2.0,51
https://github.com/eatradish/Seje,mit,49
https://github.com/Kritika30032002/Top_Secrets,mit,48
https://github.com/RaddyTheBrand/Notes-NodeJs-CRUD-MongoDB,mit,47
https://github.com/desphixs/Node.Js-Authentication-System,none,47
https://github.com/lelinhtinh/jEpub,isc,46
https://github.com/DeepSpaceHarbor/Gradient,unlicense,46
https://github.com/guiqiqi/chromate,mit,46
https://github.com/fooying/hexo-theme-xoxo-plus,none,45
https://github.com/hardillb/node-red-alexa-home-skill-web,apache-2.0,45
https://github.com/jhipster/generator-jhipster-module,apache-2.0,43
https://github.com/jakeliny/Rocket.Q,none,43
https://github.com/angular-microfrontends/root-config,mit,42
https://github.com/Itz-Hyperz/firewallgg,other,41
https://github.com/Shaik-Sohail-72/Network-Intrusion-Detection-Using-Deep-Learning,none,41
https://github.com/hexschool/vue3-starter-files,none,41
https://github.com/RaddyTheBrand/Node.js-News-Website,none,41
https://github.com/ideoxan/ideoxan,mit,40
https://github.com/viperadnan-git/tiiny,mit,40
https://github.com/WebDevSimplified/hastebin-clone,none,40
https://github.com/Alanrk/Gridea-theme-clean,none,40
https://github.com/Kritika30032002/Blog_Website,none,39
https://github.com/Botrixlist/botrix,mit,38
https://github.com/devcreatives/first_contribution,mit,38
https://github.com/rupertbg/aws-public-account-ids,mit,38
https://github.com/jiehua1995/hexo-theme-love,mit,36
https://github.com/Majidkn/nodejs-simple-file-upload,none,36
https://github.com/MrSuman403/CameraHackingBot,none,36
https://github.com/romanzaikin/From-Zero-to-Hero-in-Web-Security-Research-DefCon-29-Workshop,none,36
https://github.com/CedarBlocks/Simple-Discord-Bot-Website,mit,36
https://github.com/bigpreshy/mvc,none,35
https://github.com/PoojaMittal2842/Delhi-Tourism,mit,35
https://github.com/sanographix/illustfolio4,mit,35
https://github.com/johnoseni1/My-Portfolio-V1,mit,35
https://github.com/advaith1/stickers,mit,35
https://github.com/iampavangandhi/TradeByte,mit,35
https://github.com/TinaXing2012/nodejs_examples,none,35
https://github.com/ShetuRaj/Inventory-Management-and-Billing-Website,none,34
https://github.com/halfer53/metro-light,mit,34
https://github.com/Troy-Yang/hexo-theme-twentyfifteen-wordpress,mit,34
https://github.com/Hanlin-Dong/hexo-theme-adagio,mit,34
https://github.com/chethanyadav456/DisBotlist,mit,34
https://github.com/Wu-jiyan/gridea-theme-bitcron-pro-plus,none,34
https://github.com/betagouv/template-design-system-de-l-etat,mit,34
https://github.com/saiemgilani/game-on-paper-app,none,34
https://github.com/howardliu-cn/hexo-theme-clean-dark,none,33
https://github.com/daimus/dnms,mit,33
https://github.com/threefreespirited/Jssconnect,none,32
https://github.com/lework/reference,mit,32
https://github.com/deyvissonbrenoveras/ovpnconfig.com.br,none,31
https://github.com/utkuxrd/botclub-website,mit,31
https://github.com/Tomato6966/Discord-Bot-Dashboard,mit,31
https://github.com/kingztech2019/hospital_management_system,none,30
https://github.com/kokoro-hart/design_portfolio,none,30
https://github.com/shuangxunian/blog-template,none,30
https://github.com/Harshita248/Scrum-Management,mit,29
https://github.com/Vishal1003/CUMS_DBMS,mit,29
https://github.com/senecajs/senecajs.org,mit,29
https://github.com/TransparentLC/hexo-theme-akarin,none,29
https://github.com/RewardReports/reward-reports,mit,29
https://github.com/codermarcos/dev-dark-theme,none,29
https://github.com/BetaHuhn/ackee-report,mit,27
https://github.com/viperadnan-git/pasting,mit,27
https://github.com/kylemcdonald/whopaysartists,other,27
https://github.com/Bhabishya-123/Nodejs-Mongodb-CRUD,none,26
https://github.com/zonemeen/netease-recent-actions,mit,26
https://github.com/payatu/vuln-nodejs-app,none,26
https://github.com/stytchauth/stytch-node-sms,mit,25
https://github.com/vkkokko/oldenglishonline,other,25
https://github.com/my-ugly-code/WebsUpTV,none,25
https://github.com/tailosoft/jhipster-primeng-blueprint,apache-2.0,25
https://github.com/siQuang/siqtheme,mit,25
https://github.com/crongro/node_server_inflearn,none,25
https://github.com/ankitakumar04/GitArtist,none,24
https://github.com/TejasLamba2006/Bot-Website-Template-EJS,apache-2.0,24
https://github.com/KlausMikhaelson/VirtualRoom,mit,24
https://github.com/benc-uk/armview-web,mit,23
https://github.com/Basudev1/L3MON-MOD,none,23
https://github.com/Aziz-AXG/URL-Shrinker,none,23
https://github.com/kodingkeun/shorturl,mit,23
https://github.com/ashita-agarwal/Result-Management-Application,none,23
https://github.com/CTK-WARRIOR/Anime-Hub,none,23
https://github.com/ibrahimBougaoua/restaurant,none,23
https://github.com/entando/generator-jhipster-entando,apache-2.0,22
https://github.com/asif-daffodil/nodeApi,none,22
https://github.com/Jayakrishnan-mk/JK-books,none,22
https://github.com/fazt/books-express,none,22
https://github.com/agamm/next-programmatic-seo-tutorial,none,22
https://github.com/Yashkapure06/Blogging-Website,none,22
https://github.com/LastComrade/Event-Management-System,mit,22
https://github.com/qfdk/anubis,none,21
https://github.com/artfauq/generator-exprest-api,mit,21
https://github.com/jsla/js.la,none,21
https://github.com/sreeram-venkitesh/prompt,none,21
https://github.com/stytchauth/stytch-node-magic-links,mit,21
https://github.com/workos/node-example-applications,none,21
https://github.com/Jayakrishnan-mk/Node_js_LoginPage,none,20
https://github.com/GGICE/hexo-icer,mit,20
https://github.com/Hasan-Kilici/E-Ticaret-sitesi-v2.0.0,none,20
https://github.com/ButterCMS/nodejs-express-example,none,20
https://github.com/nijin39/dddgen,none,20
https://github.com/nisaruj/ngrader,mit,20
https://github.com/devopsbookmarks-org/devopsbookmarks.org,other,20
https://github.com/devwon/nodeShop,none,20
https://github.com/Chandigarh-University-students/POST-O-BLOG,none,19
https://github.com/a-mean-blogger/board,none,19
https://github.com/Disbotsxyz/Disbots,mit,19
https://github.com/chamburr/discord-templates,mit,19
https://github.com/academind/aws-demos,none,19
https://github.com/Sebclem/sebclem-hassio-addon-repository,mit,19
https://github.com/ctamisier/generator-jhipster-quasar,apache-2.0,19
https://github.com/AngeloCore/uptimer,unlicense,19
https://github.com/infinitered/ignite-maps,none,19
https://github.com/luswdev/hexo-theme-clean,mit,19
https://github.com/OpenSourceWin/OpenSourceWin.github.io,mit,19
https://github.com/dush1729/Codeforces-Helper-Web,none,19
https://github.com/umpordez/umpordez.com,none,19
https://github.com/kashi93/nolla,mit,19
https://github.com/glenndehaan/auth-portal,mit,18
https://github.com/InigoRomero/LO-QUE-IROMERO--SABE-LA-PI-A-LO-SABE-,none,18
https://github.com/prajwal714/Movie-Booking-and-Recommendation-Website,none,18
https://github.com/DragunWF/DragunWF-Website,other,18
https://github.com/shahednasser/node-2fa-tutorial,none,18
https://github.com/Pranav016/WordNook,mit,18
https://github.com/replit/blog,none,18
https://github.com/Otherwa/LeVaccine,other,18
https://github.com/tgen/phoenix,mit,17
https://github.com/Coding-Club-NIT-Meghalaya/CodingClubWebsite,mit,17
https://github.com/danielfuentes/nodejs-crud-json-2021,none,17
https://github.com/ice-lab/material-templates,none,17
https://github.com/santiaguf/node-todo-app,none,17
https://github.com/singhayushh/bibleo,apache-2.0,17
https://github.com/thetribeio/generator-project,mit,17
https://github.com/Prgmaz/create-youtube-video-downloader,none,17
https://github.com/itsarvindhere/MoviesInfo,none,17
https://github.com/AhmedNasserG/postgraduate-database-system,none,17
https://github.com/meerbahadin/google_meet_clone,none,17
https://github.com/marcobiedermann/tumblr-theme-boilerplate,none,17
https://github.com/AdhyWiranto44/open-blog,none,16
https://github.com/Ashish2030/E-Commerce-Website-Using-NodeJS,mit,16
https://github.com/logisticinfotech/laravel-mix-starter,none,16
https://github.com/kukielp/aws-sam-nodejs-express,mit,16
https://github.com/kumarharsh13/Food-Ordering-Website,none,16
https://github.com/otaviosilva22/node-mysql-login,none,16
https://github.com/NationalLibraryOfNorway/ngx-mime,mit,16
https://github.com/aboueleyes/ecommerce-website,mit,16
https://github.com/Banno/simple-plugin-example,apache-2.0,16
https://github.com/ddVital/Fun-facts-api,mit,16
https://github.com/abhijeetpandit7/E-Society,none,16
https://github.com/CofferHub/nodejs-mvc-boilerplate,mit,15
https://github.com/muneeb706/hrms,none,15
https://github.com/aravindvnair99/Phishing,apache-2.0,15
https://github.com/varun312/techathlon21,none,15
https://github.com/AnasQiblawi/Twitter-Unofficial-NodeJS,none,15
https://github.com/helloitsrufio/Southern-Paiute-Talking-Dictionary,none,15
https://github.com/alectrify/starter-node-express-bootstrap,none,15
https://github.com/Max2408/Embed-Builder,mit,15
https://github.com/AdityaKotari/vFit,none,15
https://github.com/chehak123/GirlMeetup,none,14
https://github.com/anisul-Islam/ejs-youtube-project,none,14
https://github.com/xrenata/dashboard,none,14
https://github.com/zigsphere/devopsbookmarks.org,other,14
https://github.com/rackerlabs/zoolander,none,14
https://github.com/TransbankDevelopers/transbank-sdk-nodejs-webpay-example,bsd-3-clause,14
https://github.com/lzhongzhang/Online-Library-System,none,14
https://github.com/hasantayyar/yalan,none,14
https://github.com/lyes-trz/MyStore,none,14
https://github.com/g3xx/goyangin,mit,14
https://github.com/kwaa/hexo-theme-m,wtfpl,14
https://github.com/BenjaminChoron/dev-template,none,14
https://github.com/ARUN-M-S/files_share,none,14
https://github.com/yuameshi/hexo-theme-mdx,mit,14
https://github.com/gargarchit/LetsChat,mit,14
https://github.com/Itz-Hyperz/EJS-WebTemplate,none,13
https://github.com/BADBOY671/discord.id,mit,13
https://github.com/vsl-dev/status-page,mit,13
https://github.com/Soburjon19/my-basecamp,none,13
https://github.com/Code-Geasss/TheLostBox,none,13
https://github.com/neverbot/safari-hunter,mit,13
https://github.com/d3ward/d3ward.github.io,other,13
https://github.com/ryusuke920/AtCoderList,none,13
https://github.com/Uzbek-Developers/hikmatlar.uz,none,13
https://github.com/kwameopareasiedu/mkts,mit,13
https://github.com/OakAcademy/Node-JS,none,13
https://github.com/rahulg009/COVID-Api,none,13
https://github.com/Hasan-Kilici/onedio-clone,none,13
https://github.com/stepanowon/contactsvc,none,13
https://github.com/Enecs/VoidServers,cc0-1.0,13
https://github.com/abhijith365/simple_login_admin_page_node_js,none,13
https://github.com/MohdSaif-1807/Network-Intrusion-Detection-System-Using-Machine-Learning-and-Deep-Learning,none,13
https://github.com/subhranshuchoudhury/anonymous-chat-app,mit,12
https://github.com/atelierbram/Base2Tone-VSCode-Themes,mit,12
https://github.com/hadiazt/YT-Channel-Info,mit,12
https://github.com/RaddyTheBrand/NodeJs-Express-EJS-Layouts-Partials,none,12
https://github.com/simbafs/aurl,other,12
https://github.com/LITdevs-archive/vukkybox,other,12
https://github.com/OfficeDev/OData-BCS-SharePoint-Hosted-App-Code-Sample,apache-2.0,12
https://github.com/ericdallo/itsmegreg,mit,12
https://github.com/voxain/mini,none,12
https://github.com/smile-yan/hexo-theme-heyan,apache-2.0,12
https://github.com/Mango-information-systems/twitto_be,other,12
https://github.com/Glitchii/tempfile-site,mpl-2.0,12
https://github.com/niamurrell/value-app,mit,12
https://github.com/bbhavik16/TPO-Website,none,12
https://github.com/s2ke4/Click-N-Pick,none,12
https://github.com/gigabite-pro/baatcheet,mit,12
https://github.com/hearxs/hexo-theme-dearmsdan,none,12
https://github.com/shriyaMadan/Youtube-Dashboard,mit,12
https://github.com/myogeshchavan97/templating-nodejs,none,12
https://github.com/joeldenning/vite-single-spa-root-config,mit,12
https://github.com/crizmo/Stream-Savers,mit,12
https://github.com/IBMInnovationLabUY/Student-Advocate-Lab,none,11
https://github.com/tusharkhatriofficial/Blogify,mit,11
https://github.com/alexk111/store-of-something,mit,11
https://github.com/firtysh/real-time-file-share,none,11
https://github.com/madwire-media/sails-generate-forestay,mit,11
https://github.com/techsyndicate/encryptid-21,none,11
https://github.com/gazpachu/joanmira,mit,11
https://github.com/Mister2Tone/metasploit-webapp,apache-2.0,11
https://github.com/MuhammadFariMadyan/crud-express-mysql,none,11
https://github.com/hendisantika/nodejs-mysql-crud,none,11
https://github.com/babakDoraniArab/test-codespaces,mit,11
https://github.com/Writech/node-red-contrib-controltimer,mit,11
https://github.com/auth0-blog/clickjacking-sample-app,mit,11
https://github.com/aayush301/Food-donation-management-system,none,11
https://github.com/Excalibur79/aqua-Blogs,none,11
https://github.com/infodp/Login_JWT_MySQL,none,11
https://github.com/Narixius/github-profile-spotify-status,apache-2.0,11
https://github.com/Ahmed-walid/WGSA,none,11
https://github.com/cocos/cocos-benchmark,none,11
https://github.com/bribribrian/Music-Taste-Comparator,none,11
https://github.com/ashadnasim52/sentiment-analysis,none,11
https://github.com/michelc/AppTest,none,11
https://github.com/abhi7585/login-system-nodejs,none,11
https://github.com/changaolee/lagou2pdf,mit,11
https://github.com/west2-online/WestRabbit.github.io,mit,11
https://github.com/gregv/meeting-timeline,mit,11
https://github.com/lightvue/light-icons,mit,11
https://github.com/alialparslan/Kuran-Meali-Ebook-Olusturucu,none,11
https://github.com/Mayanwolfe/todo-CRUD-exercise,none,11
https://github.com/Ohh-404-BrainNotFound/NGO-Database-Management-System,none,11
https://github.com/shubhammola/NIDS,none,11
https://github.com/ayusrv/To-Do-List,none,10
https://github.com/hitiksaini/blog-website-sample,mit,10
https://github.com/ptsteadman/hexo-theme-corporate-example,mit,10
https://github.com/jimmikristensen/mountebank-docker,none,10
https://github.com/babalolaisrael/covid-tracker,none,10
https://github.com/simbafs/slides,other,10
https://github.com/rajarsheechatterjee/anidex,mit,10
https://github.com/huyfe/fullface_store,none,10
https://github.com/sarscode/parcel-transformer-ejs,mit,10
https://github.com/hardillb/web-ca,apache-2.0,10
https://github.com/fastuptime/Discord_Basic_WebSite_Template,none,10
https://github.com/Code4Good-UWMadison/Coding4Good-Site,none,10
https://github.com/hardillb/node-red-contrib-googlehome-web,apache-2.0,10
https://github.com/mansisindhu/smallcase-clone,none,10
https://github.com/teamssix/teamssix_com,apache-2.0,10
https://github.com/DSCKGEC/Taskify,mit,10
https://github.com/InfoSecIITR/infoseciitr.github.io,none,10
https://github.com/romanzaikin/Owasp-TOP-10-Training-Panel-Node,none,10
https://github.com/ssahibsingh/blog-website,none,10
https://github.com/FnrDev/dashboard,none,10
https://github.com/ManavvGarg/Rekol,mit,10
https://github.com/Soburjon19/my-basecamp-2,none,10
https://github.com/zdnpl/chatto,none,10
https://github.com/Discord-Dashboard/Dark-Dashboard,none,10
https://github.com/tmcw/truisms,none,10
https://github.com/Nothing-lin/hexo-theme-nothinglin,none,10
https://github.com/sudip-mondal-2002/phishing-page-facebook,none,10
https://github.com/luisfernandomgrs/maratona-discover-02,none,10
https://github.com/jayhawk24/E-store,apache-2.0,10
https://github.com/rjhong/tableau-trusted-authentication-api,none,10
https://github.com/ShamrockRecords/udchat-app,wtfpl,10
https://github.com/lav-joshi/EduOn,none,9
https://github.com/damn-dvlpr/loanApp,none,9
https://github.com/GauriBhand023/News-Website,none,9
https://github.com/GedersonChiquesi/english4trampo,mit,9
https://github.com/cuinjune/viviify,none,9
https://github.com/ShaileshGodghase/Ace_Interview,none,9
https://github.com/rockartcuuvvu/op-botlist-site,mit,9
https://github.com/Adityaadpandey/testing,mit,9
https://github.com/cayzlh/hexo-theme-yummy,mit,9
https://github.com/mahsankhaan/CICD-in-RedHat-OpenShift,mit,9
https://github.com/vsl-dev/discord-bot-website,mit,9
https://github.com/hadiazt/En-Dictionary,mit,9
https://github.com/AhmedGsa/Mail-Sending-Form,none,9
https://github.com/0GiS0/oauth2-authZ-code-flow,none,9
https://github.com/sbgh/builder,mit,9
https://github.com/miiiku/flexblock-example-site,none,9
https://github.com/pratik149/node-razorpay,none,9
https://github.com/isyuricunha/list-of-my-stars-repos,none,9
https://github.com/thaotpphung/stockoverflow,none,9
https://github.com/tobisamcode/portfolio.1.0.0,none,9
https://github.com/apivideo/private-videos-with-custom-player-sample,none,9
https://github.com/fountainhead-cash/slpserve,none,9
https://github.com/malufell/meu-caderno-de-receitas,none,9
https://github.com/Hasan-Kilici/express-socket.io-chat-app,none,9
https://github.com/aadarsh231099/Crypto_Avysh,none,9
https://github.com/swagkarna/Psi,mit,9
https://github.com/ThiroshMadhusha/KaleyIceCream,none,9
https://github.com/Hasan-Kilici/caylaksanatcilar.tk,none,9
https://github.com/mr-internetix/rawmatnfab,none,9
https://github.com/teamy/awesome-mac,mit,9
https://github.com/labdiscord/website,mit,9
https://github.com/Vishruth-S/BOOKspace,none,9
https://github.com/rcy1314/quanshoulubook,none,9
https://github.com/HD111995/Music-Spoti-APP,none,9
https://github.com/seldo/the-angle-bracket,none,9
https://github.com/jeffwilcox/4th-cloud,none,9
https://github.com/HD111995/Nordic-Rose,none,9
https://github.com/HD111995/Movies-Project,none,9
https://github.com/pawanabc59/lawSystem,none,8
https://github.com/xinetzone/matery,apache-2.0,8
https://github.com/withmono/mono-data-sync-demo,none,8
https://github.com/Joabesv/QuestionsAndAnswers,none,8
https://github.com/maruta/comflip,mit,8
https://github.com/the-rustambek/backend_mongodb_authapp,none,8
https://github.com/HD111995/NodeJs-Template-Engine,none,8
https://github.com/aravindvnair99/Hall-Management-System,mit,8
https://github.com/indranil786/apna-cart-v1,none,8
https://github.com/AmineDerbal/scribblehub-downloader,none,8
https://github.com/the-rustambek/backend_personal_budget,mit,8
https://github.com/ComputerScientist-01/URL-Shortner,mit,8
https://github.com/mlichtblau/kraggl,mit,8
https://github.com/outloudvi/hexo-theme-saas,mit,8
https://github.com/morphIsmail/films_json,none,8
https://github.com/the-rustambek/olx_backend,mit,8
https://github.com/Yukti-1/Microsoft-teams-Clone-,none,8
https://github.com/Bee3-Team/Bee3,mit,8
https://github.com/KapoorKartik/Udemy-Clone,none,8
https://github.com/Nathan-Nesbitt/G2T-Class-Code,none,8
https://github.com/Priyanshukeshri/Establishment-module,none,8
https://github.com/KhNishad/Micro-finance-management-system-using-node-js,none,8
https://github.com/diaspd/job-calculator,none,8
https://github.com/RaddyTheBrand/Node.js-News-Clone-Deploy,mit,8
https://github.com/the-rustambek/download_file_backend,mit,8
https://github.com/recieire/JobsCalc,none,8
https://github.com/ANDERSON1808/graphq-jhipster-generator,none,8
https://github.com/ssahibsingh/url-shortener,none,8
https://github.com/blacklihgt/Openweathermap-Node.js,mit,8
https://github.com/BetterHeliactyl/legacy-v15,mit,8
https://github.com/siddhantdixit/LinkStack,mit,8
https://github.com/TamimEhsan/SQuirreL,none,8
https://github.com/mitre/cosa,other,8
https://github.com/elevenski/apptime,other,8
https://github.com/sakshi-choudhary/DoubtHut-HTM_20,mit,8
https://github.com/Hasan-Kilici/FileUpload-Template,none,8
https://github.com/birobirobiro/maratona-discover-02,none,8
https://github.com/Correia-jpv/Bucket-Listy,mit,8
https://github.com/bdcorps/passport-auth-nodejs,mit,8
https://github.com/GirlsFromPanema/bot-manager,none,8
https://github.com/Helpful-Places/dtpr,apache-2.0,8
https://github.com/viyaaat/FreeFeel,none,8
https://github.com/SrikanthReddyBV/Internshala,none,8
https://github.com/the-rustambek/online_shop,none,8
https://github.com/Hasan-Kilici/online-tas-kagit-makas,none,8
https://github.com/rishi1717/weeksixproject,none,8
https://github.com/Ayush23Dash/Alumni_Management_System,none,8
https://github.com/SafdarJamal/express-guestbook,mit,8
https://github.com/pauldb09/Discord-Bot-Dashboard,apache-2.0,8
https://github.com/Hasan-Kilici/express-bos-site,none,8
https://github.com/nadinejuraschek/teachersPET,none,8
https://github.com/infodp/crud_nodejs,none,8
https://github.com/Gauravsharma-20/Osteoarthritis-Checkup-System,mit,7
https://github.com/franciskaguongo/Generate-a-QR-code-in-Node.js,mit,7
https://github.com/miko550/CVE-2022-29078,none,7
https://github.com/Reetam101/MyMovieList-App,mit,7
https://github.com/aniketT23/FrontEnd-Master-2.0,none,7
https://github.com/KKVANONYMOUS/facebook-clone,mit,7
https://github.com/KozakRoman/HubSpot-CRM-search-with-GPT3,none,7
https://github.com/Sakshyam6966/Topicz,mit,7
https://github.com/BlackIQ/men-blog,none,7
https://github.com/rishi1717/AdminPanelSystem,none,7
https://github.com/Pal-Sandeep/pythonprograms,mit,7
https://github.com/hieujoyce/web-get-cookie-by-hacker,none,7
https://github.com/MaahTorro/AT2TRI.,none,7
https://github.com/xbox1994/xbox1994.github.io,apache-2.0,7
https://github.com/dahas/SimpleWebFTP,none,7
https://github.com/blocknitive/certification-app,none,7
https://github.com/wimpywarlord/AutoDoc,mit,7
https://github.com/cursorweb/14th-Birthday-Project,mit,7
https://github.com/gdeepak884/autogmeet,mit,7
https://github.com/vsl-dev/wisia,mit,7
https://github.com/zuri-training/CC-Generator-Team127,none,7
https://github.com/trungcaot/awesome-micro-frontends,mit,7
https://github.com/aamarpay-dev/aamarPay-nodejs,none,7
https://github.com/mouse0w0/mouse0w0.github.io,none,7
https://github.com/atultyagi612/google_forms_clone,apache-2.0,7
https://github.com/inaxia/hashcode_web,mit,7
https://github.com/flyaway98/sharp-react,mit,7
https://github.com/gautam-629/Node-js-CRUD-Operation,none,7
https://github.com/rifkiramadhan/bwa-storegg-server,none,7
https://github.com/dhull33/FreeMyMaps,other,7
https://github.com/sup-Udh/Covidm_webapp,apache-2.0,7
https://github.com/FZSZXXB/ReXpress,none,7
https://github.com/cyphersky/gmodshop,none,7
https://github.com/TudbuT/theforum,none,7
https://github.com/leggetter/brand-check,none,7
https://github.com/semeleven/webauthn-practice,none,7
https://github.com/vinitparekh17/multimedia,mit,7
https://github.com/aws/firelens-datajet,apache-2.0,7
https://github.com/guardian/developers-site,none,7
https://github.com/karleludo/SQuartic,none,7
https://github.com/paulinhovba/DGP-Manager,none,7
https://github.com/Fem-STEM/FemSTEM-Web-App,mit,7
https://github.com/maskmanlucifer/hashcode,none,7
https://github.com/JayantGoel001/Just-Me,none,7
https://github.com/zaselalk/simple-classified,none,7
https://github.com/i8sumPi/blue,mit,7
https://github.com/mrAJAY1/Bloggy,none,7
https://github.com/nil1729/poll-app,none,7
https://github.com/theme-masters/Yohoho-theme,none,7
https://github.com/Abhilash42069/tourister-1.0,none,7
https://github.com/skogard/apequery,none,7
https://github.com/nicolasluevano/comal,none,7
https://github.com/SANKALP1011/WeatherApp,none,7
https://github.com/parabirb/uno-club,unlicense,7
https://github.com/ztygalaxy/hexo-theme-ruyun,apache-2.0,7
https://github.com/wdhdev/url-shortener,mit,7
https://github.com/pudongping/pudongping.github.io,mit,7
https://github.com/Shubha2207/E-waste-Management-web,none,7
https://github.com/LMGXENON/discordbotlist,apache-2.0,7
https://github.com/vidhi-mody/vidhi-mody,apache-2.0,7
https://github.com/james-muriithi/movie-palace,none,7
https://github.com/do-adams/nes-auth-blog,none,7
https://github.com/madhur3120/NutKart,none,7
https://github.com/arsalanhub/Blog-App,none,7
https://github.com/rishi1717/userAdminProject,none,7
https://github.com/HattieTavares/mood-journal,none,7
https://github.com/KushalBhanot/Explorer,none,7
https://github.com/Hasan-Kilici/pastebin-clone,none,7
https://github.com/Hasan-Kilici/e-ticaret-sitesi-v1.0.0,none,6
https://github.com/sandaruonline/DexBin,none,6
https://github.com/keycard-tech/keycard-site,none,6
https://github.com/openoakland/measure-g,mit,6
https://github.com/ErfiDev/simple-shop,none,6
https://github.com/strellic/z3.is,mit,6
https://github.com/drmotion/personal-website,mit,6
https://github.com/vsl-dev/wisi-url-shortener,mit,6
https://github.com/Dostonlv/LoginAppNode,none,6
https://github.com/akshat0313/Ak-Meet,none,6
https://github.com/sanjeev662/BankingSystem,none,6
https://github.com/Anshulgangwar63/NodeJs-Project,none,6
https://github.com/desktop-cgi/desktop-cgi-archive,mit,6
https://github.com/Aggie-Web-Developers/awd-website,none,6
https://github.com/sina-yeganeh/nodejs-hackernews-clone,none,6
https://github.com/southrussian/nba-express,none,6
https://github.com/ajaytech/Demo-Sales-Lead-Info,none,6
https://github.com/VJ28/mvc_login_app,none,6
https://github.com/tohcnam/letsTravel-okta,apache-2.0,6
https://github.com/scratch-for-discord/Marketplace_Frontend,none,6
https://github.com/kardespro/WeatherApp-ExpressJS,none,6
https://github.com/XeroAPI/xero-node-sso-app,mit,6
https://github.com/CoderPopCat/code-bin,none,6
https://github.com/mellis481/root-config,mit,6
https://github.com/ieeesiesgst/IEEE-SIESGST-website-2.0,mit,6
https://github.com/ancoreraj/AncoreCodes,none,6
https://github.com/Darshil-Papalkar/Agri-Aid,none,6
https://github.com/nightlunar/discord-kod-sitesi,mit,6
https://github.com/beescuit/fivemstatus,none,6
https://github.com/kushpvo/infylink,none,6
https://github.com/victorsouza19/dev-helper,none,6
https://github.com/UrielGarmendia/grupo_3_FitnessExperience,none,6
https://github.com/purewebstar/nodejs-verify-user-email,none,6
https://github.com/Hsins-Lab/Yelp-Camp,mit,6
https://github.com/Jean-pierre14/ercProject,none,6
https://github.com/matiasalvarellos/grupo_7_Bazar,none,6
https://github.com/sarthakm21/WorkTrack,none,6
https://github.com/imranBappy/my-blog,none,6
https://github.com/shantunparmar/github-profile,none,6
https://github.com/JePaFe/cac-22575-desarrollo-web-con-node.js,none,6
https://github.com/FnrDev/yt-clone,none,6
https://github.com/ArinSoftware/PCAT,none,6
https://github.com/Hasan-Kilici/EJS-Web-Template,none,6
https://github.com/abastola/Open-Track-with-Helium,none,6
https://github.com/detronetdip/share-with,none,6
https://github.com/mayankrajendrat/Cloudinary-Media-Upload,none,6
https://github.com/ayrton22/grupo_5_ProyectoIntegradorDG,none,6
https://github.com/jackey8616/hexo-generator-slidehtml,none,6
https://github.com/amazonpay-labs/amazonpay-sample-app-v2,apache-2.0,6
https://github.com/uts58/HR-Management-System,mit,6
https://github.com/vijayarjun2k/crudapp,none,6
https://github.com/vishakh-abhayan/blog-site,none,6
https://github.com/imanojg/Covid-vaccine-management-system,none,6
https://github.com/rashidmachingal/Palunk_Nighandu,none,6
https://github.com/fastuptime/CordImage_Dicord_FastUptime,other,6
https://github.com/Hasan-Kilici/online-whiteboard,none,6
https://github.com/heroku/typescript-getting-started,mit,6
https://github.com/Shaheedha555/E-commerce,none,6
https://github.com/kokonut27/kokonut27,mit,6
https://github.com/dalexandrov/generator-jhipster-helidon,apache-2.0,6
https://github.com/Ash-KODES/METAKART,mit,6
https://github.com/Svelte-React-Vue-Angular-SPA/root-config,none,6
https://github.com/NazmusSayad/node-ts,none,6
https://github.com/wechulisimiyu/leave-no-medic-behind,mit,6
https://github.com/auth0/passport-heroku-addon,mit,6
https://github.com/codeparticle/ignite-kebab-case-template-generator,mit,6
https://github.com/adityabhagat007/CollegeGeeks,mit,6
https://github.com/Kcespotcommunity/HACKTOBERFEST-2021,none,6
https://github.com/CoderAvi/movie-search-web-app,none,6
https://github.com/nandhu-44/custom-urls,none,6
https://github.com/dazelpro/nodejs-basic-login,none,6
https://github.com/glenndehaan/ship,mit,6
https://github.com/locust49/nodejs-tuto,none,6
https://github.com/webreinvent/vaahcli,none,6
https://github.com/asakusarb/oedo07,mit,6
https://github.com/dhohirpradana/node-js,mit,6
https://github.com/StefH/Nethereum-CodeGenerator,mit,6
https://github.com/mintsweet/hexo-theme-mints,mit,6
https://github.com/Leon0887-dev/projetoE-commerce,mit,6
https://github.com/Hasan-Kilici/basic-w2g,none,6
https://github.com/Saberchat/saberchat,none,6
https://github.com/pda-mit/PDA-Website,mit,6
https://github.com/takeshisakuma/npm-scripts_for_webdesign,mit,6
