https://github.com/openai/openai-cookbook,mit,61595
https://github.com/dair-ai/Prompt-Engineering-Guide,mit,53103
https://github.com/yangshun/front-end-interview-handbook,mit,42266
https://github.com/yewstack/yew,apache-2.0,31190
https://github.com/react-native-elements/react-native-elements,mit,25203
https://github.com/wix/react-native-navigation,mit,13061
https://github.com/uidotdev/usehooks,mit,10230
https://github.com/phuocng/csslayout,mit,8095
https://github.com/leerob/site,none,7341
https://github.com/phuocng/1loc,mit,6782
https://github.com/phuocng/html-dom,mit,6550
https://github.com/getbem/getbem.github.io,mit,5698
https://github.com/nikitavoloboev/docs,none,4834
https://github.com/trigaten/Learn_Prompting,other,4353
https://github.com/sadanandpai/javascript-code-challenges,mit,4291
https://github.com/huggingface/deep-rl-class,apache-2.0,4041
https://github.com/openui/open-ui,other,3667
https://github.com/tailwindlabs/tailwindcss.com,none,3411
https://github.com/shuding/cobe,mit,3379
https://github.com/cloudflare/cloudflare-docs,cc-by-4.0,3357
https://github.com/rainbow-me/rainbowkit,mit,2513
https://github.com/huggingface/course,apache-2.0,2427
https://github.com/kentcdodds/kentcdodds.com,other,2379
https://github.com/styled-components/xstyled,mit,2294
https://github.com/webpack/webpack.js.org,cc-by-4.0,2217
https://github.com/rescript-lang/rescript-lang.org,mit,1850
https://github.com/feature-sliced/documentation,mit,1688
https://github.com/cpinitiative/usaco-guide,other,1657
https://github.com/phuocng/this-vs-that,mit,1474
https://github.com/withastro/docs,mit,1395
https://github.com/nucliweb/webperf-snippets,mit,1346
https://github.com/rauchg/blog,none,1270
https://github.com/natemoo-re/astro-icon,other,1183
https://github.com/LekoArts/gatsby-starter-minimal-blog,0bsd,1138
https://github.com/shuding/nextra-docs-template,mit,1126
https://github.com/GetStream/stream-chat-react-native,other,1005
https://github.com/prisma/docs,apache-2.0,999
https://github.com/DeterminateSystems/zero-to-nix,other,974
https://github.com/weaveworks/weave-gitops,apache-2.0,967
https://github.com/mintlify/starter,none,880
https://github.com/cloudposse/atmos,apache-2.0,875
https://github.com/tauri-apps/tauri-docs,mit,861
https://github.com/graphql/graphql.github.io,mit,844
https://github.com/facebookresearch/playtorch,mit,833
https://github.com/Sobeston/zig.guide,mit,771
https://github.com/baomidou/mybatis-plus-doc,none,739
https://github.com/GetStream/stream-chat-react,other,731
https://github.com/primer/design,mit,708
https://github.com/MetaMask/metamask-docs,apache-2.0,701
https://github.com/Xe/site,zlib,662
https://github.com/mkosir/typescript-style-guide,mit,641
https://github.com/bencherdev/bencher,other,626
https://github.com/phuocng/frontend-tips,mit,625
https://github.com/bespoyasov/solidbook,mit,620
https://github.com/styled-components/styled-components-website,mit,616
https://github.com/NJUPTFreeExams/NJUPT-General-Free-Exams,none,611
https://github.com/thecodingmachine/graphqlite,mit,558
https://github.com/aycanogut/front-end-resources,mit,547
https://github.com/headwindz/headwindz.run,none,531
https://github.com/frictionlessdata/datapackage,unlicense,511
https://github.com/wesbos/wesbos,mit,510
https://github.com/aws-amplify/docs,apache-2.0,494
https://github.com/vercel/swr-site,apache-2.0,491
https://github.com/samuelkraft/samuelkraft-next,mit,470
https://github.com/3b1b/3Blue1Brown.com,other,456
https://github.com/ZiYi0414/handsome-css3-lib,mit,453
https://github.com/npm/documentation,cc-by-4.0,429
https://github.com/smartcontractkit/documentation,mit,428
https://github.com/withastro/astro.build,none,422
https://github.com/sadanandpai/dsa-interview-challenges,mit,380
https://github.com/ethereum-optimism/community-hub,none,369
https://github.com/xpack-dev-tools/openocd-xpack,mit,364
https://github.com/carbon-design-system/gatsby-theme-carbon,apache-2.0,361
https://github.com/knowsex/knowsex.github.io,other,359
https://github.com/getsentry/sentry-docs,other,349
https://github.com/MaggieAppleton/maggieappleton.com-V2,none,348
https://github.com/zellwk/zellwk.com,none,347
https://github.com/speaking-for-hackers/speaking-for-hackers-book,none,343
https://github.com/tejasrsuthar/Awesome-NodeJS,mit,336
https://github.com/daneden/daneden.me,other,336
https://github.com/GitHowTo/githowto-content,other,332
https://github.com/athivvat/ai-engineer-guide,mit,320
https://github.com/sherlock-project/sherlockproject.xyz,none,313
https://github.com/chakra-ui/chakra-ui-docs,mit,301
https://github.com/ghoshnirmalya/nirmalyaghosh.com,mit,298
https://github.com/karanpratapsingh/portfolio,other,296
https://github.com/carbon-design-system/carbon-website,apache-2.0,288
https://github.com/giscafer/blog,mit,282
https://github.com/LekoArts/gatsby-starter-portfolio-emma,0bsd,280
https://github.com/bluesky-social/atproto-website,other,279
https://github.com/tinacms/tina.io,none,256
https://github.com/rishabkumar7/the-devops-guide,mit,249
https://github.com/nexxeln/nexxel.dev,none,244
https://github.com/cristicretu/cretu.dev,mit,239
https://github.com/solidjs/solid-docs,none,235
https://github.com/lowmess/lowmess.com,mit,219
https://github.com/jlengstorf/lengstorf.com,mit,219
https://github.com/MaxLeiter/maxleiter.com,mit,212
https://github.com/surajondev/awesome-web3.0,mit,206
https://github.com/OffchainLabs/arbitrum-docs,none,198
https://github.com/eugeneyan/applyingml,other,197
https://github.com/game-ci/documentation,mit,197
https://github.com/denosaurs/mod.land,mit,196
https://github.com/xpack-dev-tools/windows-build-tools-xpack,mit,194
https://github.com/umami-software/website,none,189
https://github.com/blitz-js/blitzjs.com,mit,182
https://github.com/jacob-lcs/FE-BLOG,mit,180
https://github.com/newrelic/docs-website,other,180
https://github.com/WebDevSimplified/Web-Dev-Simplified-Official-Blog,none,175
https://github.com/KusStar/rewind-docs,mit,175
https://github.com/chocolatey/docs,apache-2.0,173
https://github.com/ava-labs/avalanche-docs,bsd-3-clause,166
https://github.com/Cpp4You/CppLangNet,apache-2.0,162
https://github.com/prisma/dataguide,apache-2.0,156
https://github.com/artusjs/spec,mit,152
https://github.com/meilisearch/documentation,mit,151
https://github.com/solid-libs/solid-bootstrap,mit,149
https://github.com/TkDodo/blog,mit,144
https://github.com/the-guild-org/website,none,142
https://github.com/verekia/webgamedev,none,142
https://github.com/metonym/svelte-time,mit,140
https://github.com/xpack-dev-tools/qemu-arm-xpack,mit,137
https://github.com/bigstair-monorepo/monorepo,none,135
https://github.com/learnwithjason/learnwithjason.dev,none,135
https://github.com/hoppscotch/docs,mit,133
https://github.com/NvChad/nvchad.github.io,none,126
https://github.com/unional/typescript-blackbook,mit,125
https://github.com/microsoft/playwright.dev,cc-by-4.0,124
https://github.com/Meet-Coder-Study/posting-review,none,123
https://github.com/yeecord/website,cc-by-4.0,123
https://github.com/milvus-io/web-content,apache-2.0,122
https://github.com/helium/docs,none,121
https://github.com/neuralmagic/docs,none,120
https://github.com/kxxoling/blog,none,119
https://github.com/sunnylife42/docs,other,119
https://github.com/elianiva/elianiva.my.id,mit,115
https://github.com/wechaty/docusaurus,other,115
https://github.com/ashfurrow/blog,other,113
https://github.com/openmultiplayer/web,none,112
https://github.com/Developer-DAO/academy,none,111
https://github.com/moishinetzer/PBandJ,mit,110
https://github.com/Effect-TS/website,none,109
https://github.com/nolimits4web/swiper-website,none,109
https://github.com/phuocng/css-animation,none,106
https://github.com/riazer-lab/sira,apache-2.0,105
https://github.com/nacos-group/nacos-group.github.io,apache-2.0,103
https://github.com/mazipan/mazipan.space,mit,101
https://github.com/Xetera/xetera.dev,none,100
https://github.com/Ibaslogic/Ibaslogic,mit,97
https://github.com/carlosazaustre/website,mit,97
https://github.com/kickstartDS/kickstartDS,other,95
https://github.com/sparsh-ai/recohut,mit,95
https://github.com/line/webpack.kr,cc-by-4.0,92
https://github.com/openlegend/core-rules,other,92
https://github.com/stata2r/stata2r.github.io,none,90
https://github.com/alexpate/www,none,90
https://github.com/surrealdb/docs.surrealdb.com,none,88
https://github.com/cc-archive/vocabulary-legacy,mit,87
https://github.com/worldcoin/world-id-docs,mit,87
https://github.com/jellyfin/jellyfin.org,other,87
https://github.com/adam-maj/adammaj.com,none,85
https://github.com/infinum/eightshift-docs,mit,85
https://github.com/codedex-io/projects,mit,84
https://github.com/appsmithorg/appsmith-docs,apache-2.0,83
https://github.com/graphprotocol/docs,apache-2.0,82
https://github.com/cypress-io/cypress-realworld-testing,mit,81
https://github.com/dahliaOS/documentation,apache-2.0,81
https://github.com/Green-Software-Foundation/learn,other,81
https://github.com/scaleway/docs-content,other,81
https://github.com/floating-ui/popper.js.org,mit,80
https://github.com/weaviate/weaviate-io,none,77
https://github.com/ProgrammerZamanNow/programmerzamannow.github.io,none,77
https://github.com/httptoolkit/httptoolkit-website,mit,77
https://github.com/primer/presentations,mit,76
https://github.com/kernel-community/kernel-v2,mit,74
https://github.com/liferay-design/liferay.design,mit,74
https://github.com/stellar/stellar-docs,apache-2.0,72
https://github.com/Pycord-Development/guide,mit,71
https://github.com/amberleyromo/a11y-coffee,mit,71
https://github.com/AdguardTeam/KnowledgeBase,none,70
https://github.com/mateusz1913/rnbridgingtutorial,mit,70
https://github.com/nf-core/website,mit,69
https://github.com/andreasklinger/klinger-io,mit,68
https://github.com/ngrok/ngrok-docs,mit,67
https://github.com/MiryangJung/miryang.dev,none,67
https://github.com/vntechies/blog,mit,66
https://github.com/mjangir/nestjs-hybrid-auth,mit,64
https://github.com/Open-Pix/openpix-developers,mit,64
https://github.com/hashlips-lab/hashlips-lab,mit,64
https://github.com/abhith/abhith.net,mit,63
https://github.com/amir2mi/flatifycss,mit,62
https://github.com/kyleshevlin/blog,none,60
https://github.com/yuaanlin/nextjs.tw,none,60
https://github.com/gregives/gregives.co.uk,none,60
https://github.com/apache/seatunnel-website,apache-2.0,59
https://github.com/winkerVSbecks/varun.ca,mit,59
https://github.com/kettanaito/kettanaito.com,none,59
https://github.com/QuiltMC/quiltmc.org,other,58
https://github.com/Tinkerforge/warp-charger,none,58
https://github.com/kubeedge/website,apache-2.0,58
https://github.com/axelarnetwork/axelar-docs,none,58
https://github.com/videojs/videojs.com,mit,58
https://github.com/build-trust/ockam-website,apache-2.0,57
https://github.com/getsentry/develop,other,56
https://github.com/safe-global/safe-docs,mit,56
https://github.com/codewars/docs,mit,56
https://github.com/camunda/camunda-docs,other,56
https://github.com/Web3Auth/web3auth-docs,none,55
https://github.com/junghyeonsu/junghyeonsu.dev,mit,55
https://github.com/basarat/gls,mit,55
https://github.com/memgraph/docs,none,54
https://github.com/EnterpriseDB/docs,apache-2.0,54
https://github.com/bketelsen/briandev,none,54
https://github.com/FusionAuth/fusionauth-site,other,52
https://github.com/utelecon/utelecon.github.io,none,52
https://github.com/stellar-deprecated/soroban-docs,apache-2.0,52
https://github.com/SQL-Academy/ru.sql-academy,none,51
https://github.com/thomasledoux1/website-thomas-astro,none,51
https://github.com/OpenPodcastAPI/api-specs,other,50
https://github.com/uhyo/blog.uhy.ooo,mit,50
https://github.com/LearningTypeScript/site,mit,50
https://github.com/bepyan/bepyan.github.io,none,50
https://github.com/chonext/blog,mit,49
https://github.com/tech-podcasts/it-technology-podcast,none,49
https://github.com/delta-io/delta-docs,apache-2.0,48
https://github.com/wapikit/wapi.js,apache-2.0,48
https://github.com/playwright-community/playwright-community,none,47
https://github.com/mi6/ic-design-system,mit,46
https://github.com/vnglst/koenvangilst.nl,other,46
https://github.com/freekrai/remix-docs,mit,46
https://github.com/gregberge/gregberge.com,mit,46
https://github.com/PaloAltoNetworks/pan.dev,mit,45
https://github.com/evcc-io/docs,mit,45
https://github.com/supertokens/docs,none,44
https://github.com/livechat/livechat-public-docs,other,44
https://github.com/freelawproject/free.law,none,43
https://github.com/nullpt-rs/blog,none,43
https://github.com/preflower/react-barcode-scanner,mit,43
https://github.com/consoledotdev/home,none,43
https://github.com/geekskai/blog,mit,43
https://github.com/okx/okexchain-docs,none,43
https://github.com/apollographql/docs,none,43
https://github.com/LearnShare/learn-VRA,mit,42
https://github.com/livepeer/docs,mit,41
https://github.com/whexy/blog-1999,mit,41
https://github.com/carbon-design-system/carbon-for-ibm-dotcom-website,apache-2.0,41
https://github.com/pester/docs,mit,41
https://github.com/newrelic/developer-website,apache-2.0,40
https://github.com/hirosystems/docs,apache-2.0,40
https://github.com/egoist/website,none,40
https://github.com/hopinc/docs,none,40
https://github.com/wiseodd/wiseodd.github.io,mit,39
https://github.com/achamorro-dev/eventoswiki,mit,39
https://github.com/intility/templates,mit,39
https://github.com/LekoArts/gatsby-starter-specimens,0bsd,39
https://github.com/PaulieScanlon/paulie-dev-2019,mit,39
https://github.com/tanhauhau/tanhauhau.github.io,none,38
https://github.com/oedotme/website,mit,38
https://github.com/overwolf/overwolf.github.io,none,38
https://github.com/storybookjs/sandboxes,none,38
https://github.com/OpenSats/website,mit,38
https://github.com/dguo/dannyguo.com,mit,38
https://github.com/pixelbakery/pixelbakery-website,mit,37
https://github.com/dreyfus92/astro-portfolio,mit,37
https://github.com/quinnkeast/product-language-framework,mit,37
https://github.com/rojo-rbx/rojo.space,mit,37
https://github.com/unikraft/docs,other,36
https://github.com/openziti/ziti-doc,apache-2.0,36
https://github.com/wpengine/headless-docs,none,36
https://github.com/open-goal/open-goal.github.io,isc,36
https://github.com/phiilu/phiilu.com,none,35
https://github.com/setupmd/docs,other,35
https://github.com/violentmonkey/violentmonkey.github.io,none,35
https://github.com/akhila-ariyachandra/akhilaariyachandra.com,mit,34
https://github.com/SocialGouv/www,other,34
https://github.com/discordfr/wiki,other,33
https://github.com/tailcallhq/tailcallhq.github.io,none,33
https://github.com/pdmdss/dmdata.jp,none,33
https://github.com/liara-cloud/docs,none,33
https://github.com/hashicorp/terraform-docs-common,mpl-2.0,33
https://github.com/xpack-dev-tools/gcc-xpack,mit,33
https://github.com/cartesi/docs,none,32
https://github.com/algoritmau/swiftbook-es,none,32
https://github.com/symbiontik/k3s-gitops,mpl-2.0,32
https://github.com/isyuricunha/website,other,32
https://github.com/openshift-cs/commons.openshift.org,none,32
https://github.com/authorizerdev/docs,mit,31
https://github.com/ephraimduncan/astrosaurus.me,other,31
https://github.com/jacobp100/jacob-does-code,none,31
https://github.com/phuocng/cross-browser,mit,31
https://github.com/ggdaltoso/95Recipes,none,31
https://github.com/xpack/xpm-js,mit,31
https://github.com/conda/conda-dot-org,bsd-3-clause,31
https://github.com/mintlify/mintlify.com,none,31
https://github.com/overextended/overextended.github.io,mit,30
https://github.com/kubeslice/docs,apache-2.0,30
https://github.com/PatelN123/Digital-Support-Notes,mit,30
https://github.com/eclipse-tractusx/eclipse-tractusx.github.io,apache-2.0,29
https://github.com/Turfjs/turf-www,mit,29
https://github.com/nickmackenzie/dont-get-zohod,mit,29
https://github.com/comento/comento-ui,none,29
https://github.com/oe/frontend-guideline,none,29
https://github.com/MarketSquare/robotframeworkguides,none,29
https://github.com/hiroppy/site,mit,28
https://github.com/justinmahar/react-kindling,mit,28
https://github.com/crowdsecurity/crowdsec-docs,none,28
https://github.com/launchdarkly/LaunchDarkly-Docs,mit,28
https://github.com/MatthewCaseres/actuarialopensource.org,unlicense,28
https://github.com/kcking/implfuture.dev,mit,28
https://github.com/Coderamrin/portfolio,none,28
https://github.com/diaoliu/provector,mit,27
https://github.com/strawberry-graphql/strawberry.rocks,mit,27
https://github.com/Conflux-Chain/conflux-documentation,none,27
https://github.com/ionic-team/capacitor-docs,apache-2.0,26
https://github.com/MateuszDabrowski/mateuszdabrowski.pl,other,26
https://github.com/albizures/ThisWeekInGodot,mit,26
https://github.com/apache/yunikorn-site,apache-2.0,26
https://github.com/helloworld-javascript/hwjs-book,none,26
https://github.com/shuttle-hq/www,none,26
https://github.com/Tobotis/fourier-guide,other,26
https://github.com/bufgix/website,none,26
https://github.com/DisnakeDev/guide,none,26
https://github.com/ObolNetwork/obol-docs,none,26
https://github.com/data-derp/data-derp.github.io,none,25
https://github.com/gren-lang/book,bsd-3-clause,25
https://github.com/serverpod/serverpod_docs,none,25
https://github.com/statelyai/docs,none,25
https://github.com/cyberconnecthq/cyberconnect-docs-v2,none,25
https://github.com/gbmhunter/blog,other,25
https://github.com/steveruizok/personal-blog,none,25
https://github.com/JohnPhamous/pham.codes,mit,25
https://github.com/Bowen7/blog,none,25
https://github.com/devtools-fm/devtools.fm,none,25
https://github.com/irvanmalik48/realm,other,24
https://github.com/cloudfour/cloudfour.com-patterns,none,24
https://github.com/delta-io/website,apache-2.0,24
https://github.com/andrebnassis/codemirror-readonly-ranges,none,24
https://github.com/skyzh/skyzh-site,mit,24
https://github.com/DaniAkash/DaniAkash,none,24
https://github.com/OdyseeTeam/odysee-docs,mit,24
https://github.com/knpwrs/knpw.rs,cc0-1.0,23
https://github.com/carlson-technologies/coffeeclass.io,mit,23
https://github.com/varianter/handbook,other,23
https://github.com/Ankr-network/ankr-docs,none,23
https://github.com/kkemple/theworst.dev,none,23
https://github.com/shenlu89/shenlu.me,mit,23
https://github.com/brunojppb/austria-expat-tips,mit,23
https://github.com/alexpearce/home,mit,23
https://github.com/AstroNvim/docs,none,23
https://github.com/OpenContributionsProject/opencontributionssite,mit,23
https://github.com/benmvp/benmvp.com,none,23
https://github.com/silvenon/silvenon.com,mit,22
https://github.com/zuozizhen/zuozizhen.com,none,22
https://github.com/nypc/nypc.github.io,none,22
https://github.com/NASA-IMPACT/veda-config,other,22
https://github.com/cs3216/cs3216.github.io,mit,22
https://github.com/natecostello/van_two_point_oh,none,22
https://github.com/lachlanjc/notebook,none,22
https://github.com/napi-rs/website,mit,22
https://github.com/jasonlong/jasonlong.me,none,22
https://github.com/monun-docs/monun-docs,cc-by-sa-4.0,22
https://github.com/NervJS/taro-docs,mit,21
https://github.com/oras-project/oras-www,apache-2.0,21
https://github.com/dnc1994/blog,none,21
https://github.com/imteekay/iamtk.co,mit,21
https://github.com/configcat/docs,none,21
https://github.com/wjwei-handsome/wjwei-blog,mit,21
https://github.com/tombennet/astro-tina-starter,none,21
https://github.com/Bandwidth/api-docs,none,21
https://github.com/zeyadetman/zeyadetman.com,none,21
https://github.com/aztfmod/documentation,mit,21
https://github.com/Codesee-io/opensourcehub,mit,20
https://github.com/haxibami/haxibami.net,none,20
https://github.com/spectrocloud/librarium,none,20
https://github.com/AgoraIO/Docs-Source,mit,20
https://github.com/centreon/centreon-documentation,other,20
https://github.com/citedrive/bibtex.eu,none,20
https://github.com/arikchakma/arikkodev,none,20
https://github.com/aws-otel/aws-otel.github.io,apache-2.0,20
https://github.com/neilime/twbs-helper-module,mit,20
https://github.com/carbon-design-system/gatsby-starter-carbon-theme,apache-2.0,19
https://github.com/shuttle-hq/shuttle-docs,apache-2.0,19
https://github.com/project-sekai-ctf/sekai.team,mit,19
https://github.com/suites/suitelab,other,19
https://github.com/mkrtchian/reading-notes,none,19
https://github.com/mlops-for-mle/tutorial,none,19
https://github.com/IvorySQL/Ivory-www,cc0-1.0,19
https://github.com/telepresenceio/telepresence.io,none,19
https://github.com/PerfReviews/PerfReviews,none,19
https://github.com/tigera/docs,apache-2.0,19
https://github.com/beerose/aleksandra.codes,none,19
https://github.com/upstash/upstash-web,none,19
https://github.com/trycourier/docs,none,18
https://github.com/recallwei/wiki,mit,18
https://github.com/Kamigami55/easonchang.com-next,none,18
https://github.com/nervosnetwork/docs.nervos.org,mit,18
https://github.com/nanos-world/docs,none,18
https://github.com/mirrorworld-universe/docs.mirrorworld.fun,mit,18
https://github.com/vertx-web-site/vertx-web-site.github.io,apache-2.0,18
https://github.com/piyush-pawar-17/website,other,18
https://github.com/wasmCloud/wasmcloud.com,apache-2.0,18
https://github.com/hyochan/dooboolab.com,none,18
https://github.com/yujinyan/blog,other,17
https://github.com/bitcrowd/bitstyles,isc,17
https://github.com/logto-io/docs,none,17
https://github.com/AdguardTeam/KnowledgeBaseVPN,none,17
https://github.com/JohnBra/jebraat.com,other,17
https://github.com/sdorra/sdorra.dev,none,17
https://github.com/DoubleXm/blog,mit,17
https://github.com/noaignite/create-ignite-app,none,17
https://github.com/codesandbox/docs,none,17
https://github.com/theaungmyatmoe/aungmyatmoe.me,mit,17
https://github.com/Alan-TheGentleman/gentleman-programming-book,none,17
https://github.com/stylify/web,mit,17
https://github.com/codebycorey/codebycorey.com,none,17
https://github.com/shfshanyue/httpstatus,none,16
https://github.com/hashicorp/remark-plugins,mpl-2.0,16
https://github.com/paullj/paullj.github.io,mit,16
https://github.com/hslee2008/Coding-Insight,mit,16
https://github.com/gcba/estandares,mit,16
https://github.com/KusionStack/kusionstack.io,apache-2.0,16
https://github.com/pmillspaugh/petemillspaugh.com,none,16
https://github.com/mbifulco/blog,mit,16
https://github.com/dice-group/dice-website,mit,16
https://github.com/Mayur57/mayurbhoi.com,other,16
https://github.com/nzws/nzws.me,mit,16
https://github.com/ufocoder/ufostation.tech,none,16
https://github.com/chadly/chadly.net,other,16
https://github.com/smallstep/docs,none,16
https://github.com/pereira-tech-talks/pereiratechtalks.com,mit,16
https://github.com/flashbots/flashbots-writings-website,none,16
https://github.com/CachyOS/wiki,none,16
https://github.com/polpielladev/polpiella.dev,none,15
https://github.com/Wallvon/MOFH-API-Docs,mit,15
https://github.com/zhenghaohe/zhenghao.me-v2,mit,15
https://github.com/disnake-ru/guide,none,15
https://github.com/santhalakshminarayana/santhalakshminarayana.github.io,none,15
https://github.com/RoleModel/optics,mit,15
https://github.com/aafnnp/site,mit,15
https://github.com/OpenMaine/maineballot,mit,15
https://github.com/maplibre/maplibre.github.io,cc0-1.0,15
https://github.com/apache/incubator-baremaps-site,none,15
https://github.com/janus-idp/janus-idp.github.io,other,15
https://github.com/annaahsu/website,none,15
https://github.com/ndom91/home2021,mit,15
https://github.com/harleydica/taufikcrisnawan,mit,14
https://github.com/yeecord/tools,none,14
https://github.com/front-commerce/developers.front-commerce.com,mit,14
https://github.com/NickyMeuleman/nicky-blog,none,14
https://github.com/opencost/opencost-website,apache-2.0,14
https://github.com/nicholasray/nray.dev,none,14
https://github.com/maum-ai/maum-ai.github.io,none,14
https://github.com/newsguildny/nytimesguild.org,mit,14
https://github.com/justsml/dans-blog,none,14
https://github.com/ZingerLittleBee/serverbee-website,none,14
https://github.com/athul/blog,none,14
https://github.com/vnodesign/hr-document,mit,14
https://github.com/wghglory/my-website,none,14
https://github.com/justinmahar/react-super-seo,mit,14
https://github.com/CLCK0622/Shanghai-High-School-Knowledge,mit,14
https://github.com/feikerwu/shan-hai-jing,none,14
https://github.com/apiato/documentation,none,14
https://github.com/netbirdio/docs,bsd-3-clause,13
https://github.com/angelhodar/angelhodar.com,none,13
https://github.com/Nsttt/my-portfolio,mit,13
https://github.com/achique-luisdan/blog.achique.luisdan,mit,13
https://github.com/vojtechruz/vojtechruzicka-blog,none,13
https://github.com/BililiveRecorder/website,none,13
https://github.com/harrybawsac/theroadtonode,none,13
https://github.com/rails-lambda/lamby-site,none,13
https://github.com/sCrypt-Inc/scryptTS-docs,none,13
https://github.com/IBM/waiops-tech-jam,apache-2.0,13
https://github.com/WaifuAPI/documentation,mit,13
https://github.com/hackclub/global,none,13
https://github.com/Rain120/study-notes,mit,13
https://github.com/C17AN/Merrily-Code,none,13
https://github.com/tokens-studio/plugin-docs,mit,13
https://github.com/frontarm/navi-website,none,13
https://github.com/PCSX2/pcsx2-net-www,mit,13
https://github.com/dimaip/calendar,none,13
https://github.com/sourcifyeth/docs,none,13
https://github.com/CodeursEnSeine/codeursenseine.com,mit,13
https://github.com/1Marc/marcgrabanski.com,none,13
https://github.com/kufu/smarthr-design-system,none,13
https://github.com/openreplay/documentation,mit,12
https://github.com/Reda-BELHAJ/UnEncrypted.io,none,12
https://github.com/osscameroon/blog,mit,12
https://github.com/TrejoCode/css,none,12
https://github.com/PlasmoHQ/docs,none,12
https://github.com/MHRA/products,mit,12
https://github.com/RobinL/robinl.github.io,none,12
https://github.com/plaid/core-exchange,none,12
https://github.com/banagere/mankuthimma,none,12
https://github.com/ByConity/byconity.github.io,none,12
https://github.com/BharatKalluri/bharatkalluri.com,none,12
https://github.com/FOSSBilling/fossbilling.org,apache-2.0,12
https://github.com/kirillkurko/kkurko.dev,other,12
https://github.com/konstantinmuenster/portfolio-next,none,12
https://github.com/sigpwny/websites,cc-by-sa-4.0,12
https://github.com/frassinier/storybook-docs-toc,none,11
https://github.com/phelipetls/blog,mit,11
https://github.com/Androz2091/blog.androz2091.fr,0bsd,11
https://github.com/gabroun/malikgabroun,none,11
https://github.com/paularmstrong/paularmstrong.dev,other,11
https://github.com/malcolm-kee/malcolm-kee,none,11
https://github.com/the-guild-org/graphql-education,none,11
https://github.com/tusharnankani/undirected-graph,none,11
https://github.com/nicholasjackson/terraform-provider-workshop,none,11
https://github.com/hellocoop/hello.dev,cc0-1.0,11
https://github.com/MostafaWaleed0/portfolio,none,11
https://github.com/noahflk/noahflk.com,mit,11
https://github.com/SamEdwardes/samedwardes.com,mit,11
https://github.com/tolgee/documentation,none,11
https://github.com/GemWallet/gemwallet-website,none,11
https://github.com/xpack-dev-tools/clang-xpack,mit,11
https://github.com/webbertakken/takken.io,mit,11
https://github.com/SparebankenVest/akv2k8s-website,none,11
https://github.com/maxpou/maxpou.fr,mit,11
https://github.com/THEOplayer/documentation,none,11
https://github.com/BearStudio/start-ui-web-docs,mit,11
https://github.com/fmontes/fmontes.com,none,11
https://github.com/sergiobarria/sergiobarria.com,mit,11
https://github.com/NorfolkDev/norfolkdevelopers-website,mit,10
https://github.com/lexisother/alyxia.dev,mit,10
https://github.com/hajoeun/blog,none,10
https://github.com/tributech-solutions/tributech-docs,none,10
https://github.com/Green-Software-Foundation/state-of-green-software,other,10
https://github.com/ArtoriasVictrix/asap-pdf,mit,10
https://github.com/X-lab2017/open-digger-website,apache-2.0,10
https://github.com/doganozturk/blog-qwik,none,10
https://github.com/gndx/gndx.dev-v3,mit,10
https://github.com/arashnrim/blog-archive,mit,10
https://github.com/iotexproject/ecosystem,none,10
https://github.com/spiceai/docs,apache-2.0,10
https://github.com/demuxed/demuxed.com,none,10
https://github.com/thisyujeong/thisyujeong-dev,none,10
https://github.com/0xSplits/docs,mit,10
https://github.com/liseami/liseami.github.io,mit,10
https://github.com/Wybxc/wybxc-monthly,none,10
https://github.com/pganalyze/pganalyze-docs,cc-by-4.0,10
https://github.com/pomerium/documentation,other,10
https://github.com/letientai299/cv,mit,10
https://github.com/needcaffeine/vicvijayakumar.com,mit,10
https://github.com/deneb-viz/deneb-viz.github.io,none,10
https://github.com/configu/docs,none,10
https://github.com/hackclub/workshop-deck-playground,none,10
https://github.com/morganstanley/cpx-training,mit,10
https://github.com/ywarezk/academeez,none,10
https://github.com/dorshinar/blog,none,10
https://github.com/IBM/video-streaming-developer-docs,apache-2.0,10
https://github.com/mauriciomutte/mauriciomutte.dev,none,10
https://github.com/conermurphy/conermurphy.com,none,10
https://github.com/NotWoods/tigeroakes.com,none,9
https://github.com/quizbowl/schema,mit,9
https://github.com/csesoc/learn,other,9
https://github.com/momentohq/public-dev-docs,none,9
https://github.com/lkopacz/a11y-with-lindsey,mit,9
https://github.com/merative/spm-kubernetes,apache-2.0,9
https://github.com/pholmq/Tychosbook,mit,9
https://github.com/atk/solid-cheat-sheet,none,9
https://github.com/SetuHQ/docs,mit,9
https://github.com/aayushmau5/aayushsahu.com,mit,9
https://github.com/knuckleswtf/scribe-docs,none,9
https://github.com/VolkovLabs/volkovlabs.io,apache-2.0,9
https://github.com/vectara/vectara-docs,apache-2.0,9
https://github.com/Orainsink/gatsby-blog,mit,9
https://github.com/inngest/website,none,9
https://github.com/greensight/gds,mit,9
https://github.com/joshmedeski/joshmedeski.com,none,9
https://github.com/okisdev/docs,none,9
https://github.com/gracefullight/gracefullight.github.io,none,9
https://github.com/ProsperityMC/Prosperity-Website,none,9
https://github.com/aziontech/docs,mit,9
https://github.com/spo-iitk/website,mit,9
https://github.com/Privoce/vocechat-doc,none,9
https://github.com/solidusio/edgeguides,none,9
https://github.com/prvnbist/portfolio,none,9
https://github.com/nartc/nartc.me,none,9
https://github.com/basskibo/blog_tech_dev,none,9
https://github.com/yrnana/yrnana.github.io,none,9
https://github.com/GetStream/stream-chat-docusaurus,other,9
https://github.com/Seojunhwan/gamguma_blog,none,9
https://github.com/z1digitalstudio/developers-handbook,none,9
https://github.com/alessbell/aless.co,mit,8
https://github.com/antosubash/blog,mit,8
https://github.com/braswelljr/glab-docs,mit,8
https://github.com/flipt-io/docs,none,8
https://github.com/joshfinnie/joshfinnie.com,mit,8
https://github.com/readysettech/docs-old,apache-2.0,8
https://github.com/tomwray13/tomray.dev,mit,8
https://github.com/cj1128/blog-source,none,8
https://github.com/doug-stewart/dou.gg,none,8
https://github.com/bowphp/docs,none,8
https://github.com/finmoorhouse/hearthisidea.com,mit,8
https://github.com/BaseQL/baseql-docs,none,8
https://github.com/jintak0401/timegambit-blog,none,8
https://github.com/tigrisdata/tigris-blog,none,8
https://github.com/clearpathrobotics/cpr-documentation,mit,8
https://github.com/aiken-lang/site,apache-2.0,8
https://github.com/KindaSloth/my-blog,none,8
https://github.com/sern-handler/website,none,8
https://github.com/polubis/WebBlog,0bsd,8
https://github.com/DonDebonair/daan.fyi,mit,8
https://github.com/kimizuy/kimizuy.dev,none,8
https://github.com/cxOrz/meoo.space,none,8
https://github.com/ifpb/lm,none,8
https://github.com/xpack-dev-tools/aarch64-none-elf-gcc-xpack,mit,8
https://github.com/Virous77/Reetesh,none,8
https://github.com/carolgilabert/carols-blog,mit,8
https://github.com/robert-orlinski/robertorlinski.pl,none,8
https://github.com/kevin940726/kaihao.dev,other,8
https://github.com/polywrap/documentation,none,8
https://github.com/snorremd/snorreio,other,8
https://github.com/Choi-Jinwoo/choi-jinwoo.github.io,0bsd,8
https://github.com/NUbots/NUbook,mit,8
https://github.com/pullingoff/nexthome,none,8
https://github.com/MaxKim-J/maxkim-j.github.io,none,8
https://github.com/xpack-dev-tools/cmake-xpack,mit,8
https://github.com/cosmostation/cosmostation-docs,mit,8
https://github.com/davidkartuzinski/kartuzinski-blog,none,8
https://github.com/bryanveloso/avalonstar.com,none,8
https://github.com/HarryWangATX/website,mit,8
https://github.com/davenquinn/Mapboard-GIS,none,8
https://github.com/Kruptein/planarally-docs,none,8
https://github.com/Yagasaki7K/website-yagasaki,none,8
https://github.com/OctopusDeploy/docs,other,8
https://github.com/sleepymalc/pbb.wtf,none,8
https://github.com/PolGubau/portfolio,other,8
https://github.com/netdata/blog,mit,7
https://github.com/harrisoncramer/harrisoncramer.me,none,7
https://github.com/ATLauncher/wiki,mit,7
https://github.com/xpack-dev-tools/qemu-riscv-xpack,mit,7
https://github.com/rathesDot/rathes.me,mit,7
https://github.com/hamlim/blog,none,7
https://github.com/jmduke/new.arcana.computer,none,7
https://github.com/kubeshop/botkube-docs,mit,7
https://github.com/dphuang2/dphuang2.github.io,none,7
https://github.com/DarrenDanielDay/DarrenDanielDay.github.io,none,7
https://github.com/johnny-mh/devlog,none,7
https://github.com/jmagrippis/magrippis,mit,7
https://github.com/buxuku/buxuku.github.io,mit,7
https://github.com/Verthon/portfolio,none,7
https://github.com/ssshojaei/ssshojaei.github.io,none,7
https://github.com/gaishimo/omoidasu-tech-blog,none,7
https://github.com/aravindballa/website,none,7
https://github.com/atlassian-labs/compiled-website,apache-2.0,7
https://github.com/mryechkin/ryechkin,none,7
https://github.com/HunteRoi/tinaeldevresse.eu,none,7
https://github.com/gotenberg/gotenberg.dev,mit,7
https://github.com/authzed/docs,apache-2.0,7
https://github.com/JoviDeCroock/blog-portfolio,none,7
https://github.com/eneax/eneaxharja.com,mit,7
https://github.com/somarlyonks/somarl.com,mit,7
https://github.com/Ultramarine-Linux/wiki,none,7
https://github.com/reearth/docs.reearth.io,mit,7
https://github.com/vendia/blog,none,7
https://github.com/DefectingCat/DefectingCat.github.io,none,7
https://github.com/wcedmisten/wcedmisten.fyi,cc-by-4.0,7
https://github.com/vacp2p/vac.dev,none,7
https://github.com/davesnx/sancho.dev,none,7
https://github.com/iotexproject/dev-portal-content,none,7
https://github.com/InfinityBotList/Documentation,none,7
https://github.com/worldcoin/tech-blog,none,7
https://github.com/jonrh/jonrh.is,mit,7
https://github.com/BobaBoard/boba-docs,mit,7
https://github.com/FacturAPI/facturapi-docs,other,7
https://github.com/inc2734/unitone-css,mit,7
https://github.com/xpack-dev-tools/mingw-w64-gcc-xpack,mit,7
https://github.com/lf-lang/lf-lang.github.io,bsd-3-clause,7
https://github.com/rsocket/rsocket-website,apache-2.0,7
https://github.com/hashicorp/terraform-docs-agents,mpl-2.0,7
https://github.com/kyechan99/kyechan99.github.io,none,7
https://github.com/AsyncBanana/ByteofDev,none,7
https://github.com/KBVE/kbve.com,none,7
https://github.com/podlove/documentation,none,7
https://github.com/slorber/this-week-in-react,none,7
https://github.com/denniskigen/ampath-forms,other,7
https://github.com/yehezkielgunawan/yehez-docs,mit,6
https://github.com/oss-compass/community,apache-2.0,6
https://github.com/formancehq/docs,none,6
https://github.com/lindb/lindb.github.io,none,6
https://github.com/aarsxx/docs,none,6
https://github.com/pdevito3/wrapt.dev,none,6
https://github.com/fairdataihub/SODA-for-SPARC-Docs,mit,6
https://github.com/danielmackay/nextjs-personal-blog,mit,6
https://github.com/drewsilcock/silcock-dev,mit,6
https://github.com/DARIAH-ERIC/dariah-campus,none,6
https://github.com/okteto/docs,apache-2.0,6
https://github.com/yaolx/yaolx.github.io,none,6
https://github.com/dijonmusters/jonmeyers.io-old,none,6
https://github.com/xaviemirmon/xavier-developer-site,none,6
https://github.com/ThePaulMcBride/paulmcbride.com,none,6
https://github.com/iotexproject/machinefi-dapps,none,6
https://github.com/txpipe/rfcs,apache-2.0,6
https://github.com/satsummit/satsummit.github.io,none,6
https://github.com/min050410/TechBlog,none,6
https://github.com/rafaelalmeidatk/rafaelalmeidatk.com,none,6
https://github.com/ProBotOrg/docs,apache-2.0,6
https://github.com/Dwolla/dev-portal,mit,6
https://github.com/ocelotconsulting/ocelotconsulting.github.io,none,6
https://github.com/YaoApp/website-doc-zh-CN,none,6
https://github.com/zslabs/zslabs-v3,none,6
https://github.com/Amorpheuz/amorpheuz.github.io,mit,6
https://github.com/codegino/profile,none,6
https://github.com/princefishthrower/chrisfrew.in,none,6
https://github.com/visioncortex/visioncortex.github.io,other,6
https://github.com/Oluwasetemi/oluwasetemi.dev,mit,6
https://github.com/Die-KoMa/die-koma.org,none,6
https://github.com/andreipfeiffer/andreipfeiffer.dev,none,6
https://github.com/vnodesign/hrpenci.site,mit,6
https://github.com/Music47ell/News47ell,mit,6
https://github.com/chromakode/blog,other,6
https://github.com/ezaurum/vue3-boilerplate,mit,6
https://github.com/aoijs/website,mit,6
https://github.com/tgmarinho/tgmarinho-newblog,none,6
https://github.com/combo-graph/documentation,mit,6
https://github.com/custardcream98/blog,none,6
https://github.com/whoisryosuke/ryosuke-astro-blog,other,6
https://github.com/vclemenzi/website,mit,6
https://github.com/Azuro-protocol/gem-docs,none,6
https://github.com/tutods/my-configs,other,6
https://github.com/sergiobarria/sergiobarria.dev,none,6
https://github.com/someengineering/resoto.com,apache-2.0,6
https://github.com/lachlanjc/edu,none,6
https://github.com/kciter/kciter.github.io,mit,6
