https://github.com/readthedocs/sphinx_rtd_theme,mit,4851
https://github.com/pradyunsg/furo,mit,2904
https://github.com/Weilbyte/PVEDiscordDark,mit,2543
https://github.com/flickowoa/dotfiles,none,1503
https://github.com/dotfiles/dotfiles.github.com,mit,1456
https://github.com/NervanaSystems/maxas,mit,966
https://github.com/jgthms/wysiwyg.css,mit,707
https://github.com/agragregra/start_html,none,576
https://github.com/deps-rs/deps.rs,apache-2.0,455
https://github.com/SoftwareBrothers/active_skin,mit,423
https://github.com/MorganCaron/IsometricSass,mit,384
https://github.com/George-debug/obsidian-timeline,mit,328
https://github.com/onweru/newsroom,other,298
https://github.com/OliverBrotchie/CSS-Fingerprint,mit,292
https://github.com/nandomoreirame/end2end,mit,276
https://github.com/ircdocs/modern-irc,other,203
https://github.com/RatanShreshtha/DeepThought,mit,179
https://github.com/Beg-in/frow,mit,166
https://github.com/bookcasey/harsh,none,126
https://github.com/johnbeatty/hnpwa-app,mit,125
https://github.com/luanti-org/luanti-org.github.io,mit,124
https://github.com/datocms/gatsby-portfolio,mit,114
https://github.com/JupiterBroadcasting/jupiterbroadcasting.com,none,104
https://github.com/lucperkins/bulma-dashboard,isc,88
https://github.com/oVirt/ovirt-site,other,87
https://github.com/CreativeBulma/bulma-tooltip,mit,75
https://github.com/Wikiki/bulma-checkradio,mit,71
https://github.com/snide/wyrm,mit,70
https://github.com/grin3671/shiki-theme,mit,64
https://github.com/sbstjn/68Keys.io,other,64
https://github.com/g1eny0ung/logseq-github-theme,mit,58
https://github.com/doximity/vital,other,56
https://github.com/GameBoy/gameboy.github.io,none,56
https://github.com/mds/good-button,mit,55
https://github.com/Wikiki/bulma-pricingtable,mit,55
https://github.com/aaronpk/Monocle,mit,50
https://github.com/mubaidr/bulma-addons,mit,49
https://github.com/Ableton/ableton.github.io,none,47
https://github.com/gnehs/ChatUI,mit,39
https://github.com/747/vsselector,other,35
https://github.com/koddr/just-scroll,mit,34
https://github.com/andrey-kudinov/page,none,33
https://github.com/roydukkey/sass-fairy,mit,33
https://github.com/Biings/biings-ds,cc-by-sa-4.0,31
https://github.com/ThatTonybo/Revolt-Discord-Theme,none,31
https://github.com/qgis/QGIS-Website,mit,29
https://github.com/azemoh/vscode-onedark,none,27
https://github.com/raw-coding-youtube/intermediate-shop-aspnetcore2,none,27
https://github.com/kata-containers/www.katacontainers.io,mit,26
https://github.com/jkelin/TribesRevengeance,none,26
https://github.com/Yoonit-Labs/sass-yoonit-style,mit,25
https://github.com/ngseke/leetcode-night,mit,24
https://github.com/heroku/boomerang,mit,23
https://github.com/eezeepeezee/lemoneezee,mit,22
https://github.com/rjaros/kvision-io,none,21
https://github.com/byuweb/byu-theme-components,none,20
https://github.com/oam-dev/oam-dev.github.io,mit,20
https://github.com/JieRen98/SGEMM-SASS-Annotation,mit,19
https://github.com/algomaster99/portfolio,mit,19
https://github.com/esaio/inuicon-rails,mit,18
https://github.com/priit/rubyee,none,18
https://github.com/luanti-org/blog,mit,17
https://github.com/hrsetyono/wp-vue-boilerplate,none,17
https://github.com/amandamcg/joplin-new-theme-sandbox,none,16
https://github.com/codeship/shipyard,mit,16
https://github.com/mitmproxy/www,none,15
https://github.com/Skaytacium/Gruvify,wtfpl,15
https://github.com/ibab/babushk.in,other,15
https://github.com/michaelfiber/family-media-lan,apache-2.0,14
https://github.com/Tagirijus/MantisBTDarkTheme,none,14
https://github.com/pythonbrasil/pybr2019-site,none,14
https://github.com/nadiannis/cova,mit,14
https://github.com/shizuku2005/gulp-pug-sass,none,13
https://github.com/dexidp/website,apache-2.0,13
https://github.com/RimoChan/my_2dkf_css,none,13
https://github.com/friktor/figma-complex-themes,mit,12
https://github.com/yowainwright/sassimple,mit,12
https://github.com/mopidy/website,none,12
https://github.com/StarlingXWeb/starlingx-website,mit,11
https://github.com/dracula/fb-messenger,mit,11
https://github.com/edemaine/hardness-book-site,none,10
https://github.com/dotmpe/ok-lcars-sdk,mit,10
https://github.com/t18n/react-typescript-boilerplate,mit,10
https://github.com/pxlrbt/cobalt2-jetbrains,mit,9
https://github.com/karakun/karakun.github.io,other,9
https://github.com/ambanum/pariscall.international,eupl-1.2,9
https://github.com/neuroimaging-cookbook/neuroimaging-cookbook.github.io,apache-2.0,9
https://github.com/osunyorg/theme,mit,9
https://github.com/BrandApplause/brandapplause.com,isc,9
https://github.com/e200/e200.github.io,mit,9
https://github.com/MurphyAdam/Flask-chatbot,none,9
https://github.com/deislabs/deislabs.io,none,8
https://github.com/osc-delft/osc-delft.github.io,cc-by-sa-4.0,7
https://github.com/locaweb/locaweb.github.com,mit,7
https://github.com/teles/archived-blog,none,7
https://github.com/rootwork/hugo-module-site,mit,7
https://github.com/apache/royale-docs,apache-2.0,7
https://github.com/digital-asset/docs.daml.com,apache-2.0,7
https://github.com/johnhayesio/fendStarterKit,none,7
https://github.com/ruby-amqp/rubybunny.info,none,7
https://github.com/gma/nesta-theme-slate,none,7
https://github.com/joeleisner/chassis-css,mit,7
https://github.com/oulu/oulu,mit,7
https://github.com/krustlet/krustlet.dev,apache-2.0,7
https://github.com/kubilaycaglayan/portfolio,none,7
https://github.com/sigstore/sigstore.github.io,none,7
https://github.com/Caixetadev/itachi,none,7
https://github.com/karreiro/learn-dmn-in-15-minutes,mit,7
https://github.com/Eridiant/syndicate,none,7
https://github.com/uhnomoli/Palette,none,7
https://github.com/FarazzShaikh/blog,none,7
https://github.com/bananaappletw/bulma-sass,mit,6
https://github.com/teacodema/template.teacode.ma,none,6
https://github.com/remino/scrollerful,isc,6
https://github.com/bkeepers/bkeepers.github.io,other,6
https://github.com/ajitzero/30min-portfolio,mit,6
https://github.com/newtheatre/lx,mit,6
https://github.com/artsy/folio.artsy.net,mit,6
https://github.com/scottcharlesworth/bulma-multiselect,mit,6
https://github.com/orlovmax/gulp-workflow,mit,6
https://github.com/binsec/binsec.github.io,none,6
https://github.com/olivierlacan/olivierlacan.com,none,6
https://github.com/versosdomundo/livro,none,6
https://github.com/crybapp/borealis,mit,6
https://github.com/DHS-SVIP/digital-wallet-ui,mit,6
https://github.com/QueerCodeOrg/queercodeberlin.github.io,unlicense,6
https://github.com/OpenSLO/openslo.github.io,apache-2.0,6
https://github.com/okcashpro/okcash.info.website,none,6
https://github.com/yusufisbilir/Dice-Rolling-Game,none,6
